tweet_id,client
896,0
1409,0
1383,0
850,0
39,1
1805,1
436,1
492,1
773,1
411,1
1805,2
31,2
39,2
35,2
1011,2
1239,2
1387,2
1498,2
1452,2
1487,2
773,2
1696,2
1304,2
1303,2
1302,2
1115,2
1114,2
619,2
34,2
1305,2
1300,2
1306,2
918,2
1358,2
1354,2
709,3
1463,3
1423,3
921,3
1716,3
181,3
180,3
183,3
182,3
641,3
184,3
149,4
1674,4
709,4
1716,4
1378,4
1716,5
999,5
44,5
390,5
1139,5
896,5
1079,5
1075,5
1073,5
1067,5
1063,5
697,5
693,5
1716,6
1370,7
1600,7
1286,7
454,7
270,8
266,8
419,8
67,8
1143,8
33,8
113,8
1805,8
266,9
270,9
266,10
270,10
1370,10
1043,10
1264,10
1558,10
683,11
896,11
290,11
1436,11
898,11
683,12
342,12
1701,12
898,12
1698,12
151,12
559,12
1733,13
239,13
529,13
1730,13
325,13
235,13
236,13
1182,13
222,13
1387,13
1407,13
1671,13
231,14
212,15
98,15
415,15
1700,15
777,15
465,15
171,15
1175,15
212,16
1306,16
15,17
114,17
193,17
1697,17
697,17
192,17
1447,17
513,17
171,17
777,17
405,17
590,17
541,17
301,17
933,17
1084,17
212,17
30,17
433,17
1259,17
1064,17
936,17
761,17
698,17
693,17
641,17
777,18
171,18
1084,18
301,18
1780,18
1259,18
1716,18
610,18
193,18
285,18
115,18
185,18
217,18
405,18
637,18
708,18
1296,18
1413,18
646,18
1192,18
1193,18
693,18
175,18
1139,18
933,18
1672,19
1803,19
697,19
1672,20
876,20
693,20
697,21
1599,21
936,21
589,21
590,21
1730,21
541,21
933,21
641,21
1701,21
777,21
1516,21
1701,22
589,22
697,22
1497,22
1271,22
641,22
157,22
216,22
374,22
273,22
215,22
1523,22
1744,22
1045,22
1044,22
1043,22
1355,22
840,23
285,23
1378,23
698,23
1464,23
1259,23
590,23
752,23
933,23
1263,23
1084,23
1069,23
697,23
390,23
96,23
405,23
936,23
777,23
171,23
1064,23
1066,23
193,23
338,23
301,23
641,23
149,23
1078,23
722,23
936,24
641,24
777,24
1102,24
405,24
1259,24
171,24
779,24
1064,24
193,24
933,24
1084,24
693,24
285,24
697,24
330,24
590,24
44,24
541,24
301,24
1528,24
936,25
193,25
697,25
827,25
641,25
700,25
335,25
1064,25
171,25
1084,25
285,25
351,25
933,25
998,25
405,25
1073,25
693,25
301,26
193,26
697,26
114,26
698,26
171,26
936,26
933,26
777,26
1750,26
1259,26
1064,26
405,26
1084,26
693,26
641,26
590,26
541,26
285,26
171,27
193,27
777,27
1259,27
641,27
590,27
693,27
1084,27
697,27
698,27
285,27
301,27
936,28
171,28
641,28
933,28
301,28
1064,28
285,28
1084,28
697,28
693,28
193,28
590,28
193,29
936,29
301,29
405,29
933,29
697,29
171,29
777,29
698,29
1259,29
1498,29
1084,29
1143,29
1064,29
641,29
541,29
936,30
896,30
285,30
541,30
698,30
590,30
405,30
693,30
301,30
641,30
1805,30
777,30
1084,30
1788,30
933,30
697,30
266,30
1635,30
532,31
719,31
733,31
732,31
712,31
688,31
717,31
97,31
840,31
955,31
1687,32
732,32
688,32
570,32
266,32
1673,32
717,32
719,32
270,32
732,33
719,33
717,33
688,33
1666,34
641,34
1720,34
803,34
642,34
732,34
1793,34
1158,35
1666,35
981,35
1164,35
882,35
1794,35
57,35
103,35
1470,35
788,35
442,35
153,35
958,35
698,35
719,35
1723,36
1720,36
1291,36
1721,36
342,36
1538,36
791,36
1144,36
1364,36
382,36
650,36
981,36
1178,36
330,36
1673,37
1412,37
1523,37
1711,38
1646,38
1292,38
1092,38
1394,38
1284,38
1615,38
1363,38
1362,38
1289,38
1566,38
1463,38
1391,38
140,38
1285,38
1398,38
623,38
1430,38
486,38
1520,38
1542,38
1562,38
1322,38
645,38
1256,38
914,38
395,38
1591,38
1242,38
994,38
1467,38
662,38
855,38
859,38
866,38
1403,38
1408,38
1414,38
908,38
1442,38
1485,38
969,38
1421,38
299,39
290,39
242,39
1720,39
225,39
1041,39
788,39
1805,39
1466,39
1064,39
1788,39
1610,39
657,39
83,40
1092,40
1434,40
838,40
326,40
347,40
1630,40
67,40
835,40
58,41
161,41
430,41
249,41
336,41
1218,41
299,41
1114,41
1752,41
1281,42
878,42
1739,42
825,42
380,42
128,42
1098,42
514,42
1436,42
878,43
395,43
1582,43
803,43
380,43
1674,44
378,44
878,44
1463,44
157,44
880,44
1739,44
10,44
9,44
878,45
423,45
1641,45
1325,45
1032,45
26,45
387,45
508,45
533,45
641,45
299,45
1084,45
737,45
1635,45
754,45
873,45
919,45
961,45
880,45
1064,45
217,45
1398,45
1184,45
1516,45
315,45
376,45
1261,45
1533,45
1341,45
1739,45
92,45
1538,45
1748,46
1373,46
1436,46
1726,46
1729,46
1726,47
1695,47
1729,47
39,47
584,47
944,47
259,47
1224,47
1273,47
1436,47
1541,47
1593,47
1805,47
923,47
1761,48
1768,48
385,48
1303,48
1661,49
1729,49
131,49
1761,49
1049,49
133,49
67,49
1726,49
604,49
703,49
166,49
594,49
309,49
955,50
965,50
672,50
360,50
426,50
1734,50
1428,50
871,50
1305,50
955,51
965,51
1537,51
1436,51
645,51
29,52
955,52
24,52
1094,52
203,52
31,52
92,52
1427,52
34,52
1336,52
32,52
663,52
170,52
954,52
167,52
909,52
749,52
1428,52
663,53
1436,53
1730,53
1308,54
1373,54
449,54
202,54
1143,54
1436,54
1165,54
1125,54
1445,54
84,54
1413,54
1351,54
920,54
1135,54
570,54
1463,54
686,54
1575,54
1472,54
1583,54
853,54
954,54
159,54
239,55
83,55
663,55
148,55
67,55
758,55
333,55
650,55
1308,55
1408,55
638,55
659,55
1351,55
898,55
1756,55
1165,55
954,55
1445,55
853,55
686,55
1373,55
1675,55
1114,55
437,55
1436,55
60,55
1797,55
41,55
98,55
1307,55
986,55
1125,55
919,55
1188,55
1080,55
1472,55
1563,55
850,55
609,55
1018,55
197,55
166,55
30,55
1115,55
808,56
705,56
803,56
1575,56
853,56
1436,56
842,56
690,56
1463,56
20,56
1373,56
955,56
1650,56
787,56
1125,56
1445,56
686,56
642,56
1073,57
570,57
1575,57
1063,57
1061,57
320,57
1142,57
1420,57
1373,57
1075,57
1472,57
954,57
1470,57
1557,57
1560,57
1436,57
1125,57
1067,57
109,57
1445,57
1135,57
686,57
853,57
1165,57
731,58
936,58
1135,58
270,58
1041,58
570,58
1436,58
797,58
747,58
1500,58
940,58
1232,58
1004,58
1445,58
176,58
67,58
954,58
686,58
1575,58
943,58
853,58
1436,59
853,59
1308,59
708,59
1165,59
954,59
1413,59
978,59
1351,59
405,59
1135,59
1575,59
1038,59
1125,59
1472,59
686,59
837,59
570,59
338,59
773,59
335,59
107,59
1436,60
1772,60
1478,60
1373,60
1720,60
788,60
1608,60
1445,60
686,60
1472,60
446,60
1614,60
169,60
1629,60
774,60
721,60
720,60
499,60
853,60
1135,60
486,60
369,60
292,60
1521,60
1471,60
1295,60
1009,60
1297,60
960,60
1135,61
99,61
1061,61
570,61
611,61
1721,61
1381,61
1387,61
1073,61
1472,61
853,61
1072,61
112,61
1212,61
115,61
89,61
1436,61
1444,61
1662,61
1009,61
1351,61
1205,61
563,61
612,61
579,61
23,61
1445,61
1047,61
1280,61
1354,61
1308,61
1067,61
1102,61
954,61
404,61
1115,61
640,61
862,61
829,61
821,61
1302,61
958,61
1525,61
179,61
72,61
70,61
1048,61
1051,61
1114,61
1575,61
1125,61
1165,61
1413,61
1798,62
261,62
261,63
1207,63
861,63
424,63
747,63
261,64
19,65
1076,65
1102,65
652,66
76,66
1358,66
19,66
1436,66
920,66
410,66
556,66
1594,66
1379,66
1340,66
1330,66
1213,66
813,66
727,66
662,66
752,66
845,66
15,66
1408,66
577,67
20,67
41,67
1075,67
1798,67
1061,67
1463,67
608,67
1303,67
328,68
20,68
10,68
9,68
8,68
1056,68
1062,68
837,68
551,68
445,68
1516,68
918,68
24,68
830,68
1648,68
41,68
1072,68
1463,68
944,68
338,68
720,68
28,68
538,69
84,69
705,69
37,69
166,69
440,69
899,69
567,69
790,69
853,69
685,69
1375,69
840,69
19,69
281,69
1566,69
559,69
44,69
134,69
77,69
2,69
1216,69
1240,69
1582,69
1213,69
733,69
166,70
260,70
410,70
920,70
292,70
201,70
1381,70
810,70
413,70
1087,70
1538,70
225,70
1576,70
1539,70
1491,70
1410,70
1353,70
1074,70
140,70
1199,70
1392,70
1315,70
755,70
526,71
920,71
213,71
785,71
96,71
747,71
365,71
166,71
1210,72
37,72
20,72
166,72
920,72
120,72
1115,72
1079,72
567,72
1107,72
78,73
920,74
78,74
1107,74
1375,74
149,74
63,74
1327,74
1326,74
1328,74
1049,74
37,74
1048,74
5,75
167,75
1143,75
1525,75
7,75
9,75
11,75
491,75
24,75
971,75
0,75
374,75
44,76
7,76
213,76
1709,76
538,76
567,76
386,76
380,76
330,76
30,76
920,76
1216,76
705,76
11,76
995,76
0,76
93,77
1774,77
1066,77
96,77
390,77
1078,77
1709,77
7,77
864,77
553,77
662,77
1398,77
936,77
507,77
275,77
1411,77
1069,77
1518,77
1074,77
1017,77
1597,77
1380,77
724,77
1078,78
1069,78
390,78
1073,78
1066,78
263,78
1067,78
436,78
93,79
346,79
96,79
390,79
742,79
756,79
375,79
390,80
96,80
93,80
108,80
1061,80
790,80
44,80
1800,81
92,81
564,81
535,81
1684,81
1761,81
1182,81
1733,81
718,81
843,81
1548,81
1429,81
1150,81
79,81
123,81
518,81
1692,81
1572,81
1225,82
275,82
1531,82
1218,82
1224,82
1435,82
1535,82
1231,82
1232,82
1238,82
1526,82
1539,82
1545,82
1254,82
1257,82
1549,82
1290,82
1314,82
1227,82
1524,82
1523,82
1160,82
1167,82
1169,82
1194,82
1202,82
1205,82
1463,82
1627,82
1496,82
1209,82
1211,82
1213,82
1603,82
1601,82
1493,82
1564,82
1503,82
1506,82
1517,82
1568,82
1331,82
1317,82
1590,82
1586,82
1047,82
646,82
620,82
474,82
1487,82
472,82
1431,82
335,82
334,82
72,82
44,82
1486,82
1480,82
1477,82
1468,82
1466,82
1464,82
1459,82
1451,82
1448,82
1440,82
1154,82
1630,82
1619,82
1610,82
1320,82
1325,82
1330,82
1432,82
1570,82
1572,82
1332,82
1337,82
1340,82
843,82
1599,82
1602,82
1344,82
1349,82
1359,82
1604,82
1407,82
1605,82
1423,82
1429,82
1315,82
55,82
1151,82
1138,82
848,82
857,82
863,82
886,82
890,82
893,82
919,82
273,82
1140,82
929,82
259,82
842,82
252,82
945,82
961,82
964,82
984,82
986,82
989,82
990,82
992,82
996,82
1006,82
823,82
820,82
815,82
503,82
490,82
506,82
519,82
520,82
521,82
528,82
534,82
535,82
537,82
556,82
598,82
610,82
487,82
1498,82
484,82
812,82
806,82
805,82
802,82
775,82
1007,82
367,82
371,82
372,82
387,82
1022,82
1066,82
144,82
1078,82
1053,82
1088,82
1093,82
1099,82
147,82
1109,82
1111,82
1112,82
1122,82
1129,82
719,82
1132,82
1136,82
1108,82
218,82
1079,82
249,82
1077,82
1074,82
1067,82
1603,83
1375,83
472,83
1400,83
229,83
383,83
370,83
620,83
386,83
381,83
401,83
44,83
379,83
1658,84
472,84
555,84
953,84
687,84
606,85
606,86
597,87
606,87
229,87
229,88
645,88
245,88
1170,88
531,88
536,88
582,88
593,88
229,89
1601,89
756,89
1375,89
1798,89
1601,90
1584,90
756,90
1395,90
941,90
943,90
196,90
273,90
659,90
137,90
1422,90
944,90
978,90
687,90
388,91
1128,91
444,92
1778,92
1193,92
1192,92
229,92
756,92
388,92
1191,92
338,92
971,92
647,92
224,93
899,93
749,93
789,93
676,93
669,93
1291,93
1243,93
1380,93
556,93
1016,93
1212,93
1273,93
1537,93
1199,94
1289,94
1291,94
1443,94
1516,94
556,94
1154,94
669,94
1588,94
645,94
1128,94
676,94
118,94
365,94
1582,94
129,95
30,95
24,95
676,95
1291,95
20,95
1624,95
31,95
1463,95
348,95
669,95
273,95
556,95
1291,96
978,96
669,96
1280,96
676,96
1338,96
1117,96
988,96
911,96
712,96
910,96
849,96
1185,96
37,96
223,96
98,96
28,96
239,96
1650,96
641,96
732,96
793,96
469,96
1608,97
1276,97
1275,97
1102,97
426,97
1243,97
1101,97
1090,97
847,97
776,97
687,97
1264,97
537,97
433,97
955,97
828,97
873,97
779,97
1597,97
1352,97
1295,97
1215,97
1509,97
1189,97
965,97
240,97
763,97
1184,97
706,97
426,98
129,98
44,98
1709,98
810,98
814,98
1446,98
433,98
813,98
683,98
590,98
99,98
1485,98
1115,98
1114,98
1484,98
1216,99
129,99
344,99
1730,99
55,99
501,99
31,99
1436,99
1373,99
669,99
1216,100
1049,100
707,100
201,100
669,100
878,100
433,100
729,100
303,100
1050,100
1538,101
34,101
1756,101
1527,101
1745,101
747,101
1733,101
896,101
840,101
999,101
818,101
669,101
1414,102
1387,102
422,102
201,102
130,102
1622,102
1538,102
1573,102
745,102
518,102
1358,102
66,102
721,102
1429,102
1602,102
739,102
866,102
877,102
891,102
973,102
1006,102
1023,102
1037,102
1119,102
1141,102
1145,102
1211,102
1213,102
1228,102
1236,102
1242,102
1244,102
1326,102
1327,102
1328,102
1329,102
1381,102
499,102
1449,102
1568,102
1214,102
825,102
478,102
1503,102
520,102
953,102
1188,102
1565,102
920,102
1652,102
1300,102
836,102
570,102
608,102
233,102
34,102
366,102
710,102
1605,102
1618,102
1104,102
839,102
838,102
113,102
1221,102
1201,102
1035,102
884,102
30,102
1197,102
31,102
277,102
1669,102
169,102
1512,102
1395,102
1011,102
1297,102
24,102
92,102
79,102
272,102
27,102
452,102
1538,103
754,103
31,103
34,103
1061,103
29,103
486,103
279,103
185,103
1268,103
1210,103
415,103
193,103
1538,104
1256,104
540,104
1169,104
1104,104
788,104
34,104
645,104
26,104
278,105
1000,105
278,106
1005,107
278,107
1682,108
146,108
278,108
1005,108
330,108
426,108
1143,108
393,109
365,109
707,109
942,109
1051,109
1436,109
659,109
393,110
277,110
365,110
878,111
707,111
1715,111
393,111
898,111
803,111
1084,111
351,111
1709,111
1262,111
1470,112
794,112
556,112
659,112
1732,112
1518,112
787,112
707,112
66,112
67,112
1720,112
9,112
442,112
1052,112
788,112
1047,112
1701,112
365,112
393,112
309,113
277,113
472,113
749,113
794,113
1620,113
789,113
788,113
1538,113
1144,113
669,113
707,113
129,113
1453,114
148,115
1326,115
131,115
7,115
559,115
10,115
1328,115
365,115
1734,115
1327,115
659,115
99,115
642,115
133,115
1107,115
1587,115
365,116
1062,116
975,116
762,116
715,116
866,116
1216,116
1210,116
1175,116
1341,116
1338,116
1264,116
1018,116
623,116
707,116
393,116
735,116
659,116
823,116
141,116
161,116
1281,116
490,116
611,116
643,116
758,116
159,116
32,116
788,117
347,117
1216,117
393,117
789,117
92,117
1436,117
44,117
788,118
789,118
1683,119
1219,119
50,119
37,119
788,119
789,119
50,120
1807,120
559,120
393,120
788,120
572,120
1732,121
538,121
127,121
981,121
1116,121
588,121
659,121
1732,122
1520,122
373,123
50,123
788,123
177,124
50,124
1240,124
787,124
1381,124
230,125
152,125
267,125
101,125
2,125
63,125
1617,125
18,125
514,125
898,125
48,125
247,125
286,125
262,125
201,125
82,125
308,125
470,125
160,125
33,125
79,125
188,125
113,125
198,125
186,125
123,125
145,126
33,126
82,126
109,126
186,126
323,126
308,126
188,126
2,126
113,126
111,126
67,126
283,126
86,126
123,126
502,126
1163,126
138,126
230,126
90,126
201,126
262,126
63,126
101,126
647,126
198,126
92,126
152,126
204,126
123,127
63,127
113,127
2,127
33,127
198,127
188,127
283,127
204,127
265,127
109,127
262,127
247,127
502,127
186,127
244,127
1081,127
230,127
90,128
283,128
262,128
298,128
267,128
247,128
186,128
123,128
204,128
79,128
272,128
188,128
71,128
113,128
2,128
86,128
422,128
323,128
307,128
201,128
92,128
109,128
111,128
258,129
113,129
2,129
109,129
283,129
123,129
188,129
82,129
160,129
204,129
272,129
63,129
244,129
152,129
81,129
186,129
267,129
286,129
79,129
2,130
323,130
109,130
272,130
244,130
246,130
247,130
160,130
188,130
283,130
710,130
123,130
265,130
152,130
267,130
113,130
262,130
258,130
139,130
138,130
1163,130
111,130
104,130
101,130
92,130
90,130
1004,130
86,130
82,130
18,130
33,130
48,130
186,130
81,130
79,130
63,130
308,130
144,130
230,130
226,130
286,130
296,130
298,130
204,130
201,130
198,130
145,130
502,130
161,130
170,130
190,130
109,131
145,131
86,131
188,131
113,131
204,131
123,131
18,131
111,131
502,131
1701,131
92,131
104,131
138,131
160,131
190,131
196,131
205,131
218,131
283,131
272,131
307,131
599,131
26,131
101,131
90,131
1163,131
501,131
1452,131
804,131
668,131
742,131
230,131
215,131
375,131
247,131
63,131
589,131
65,131
152,131
123,132
704,132
241,132
186,132
48,132
230,132
33,132
277,132
101,132
188,132
145,132
1495,132
298,132
104,132
323,132
109,132
204,132
1687,132
267,132
131,132
732,132
111,132
244,132
92,133
63,133
262,133
1004,133
123,133
33,133
1395,133
710,133
323,133
109,133
286,133
188,133
113,133
82,133
48,133
101,133
298,133
186,133
111,133
283,133
204,133
152,133
104,133
138,133
1652,133
1461,133
1412,133
123,134
92,134
63,134
101,134
1163,134
188,134
79,134
104,134
90,134
109,134
247,134
113,134
152,134
283,134
298,134
48,134
286,134
230,134
2,134
1302,134
1671,134
272,134
1604,134
1004,134
86,134
18,134
308,134
1526,134
1523,134
1387,134
204,134
244,134
109,135
79,135
145,135
123,135
502,135
113,135
86,135
283,135
188,135
247,135
190,135
92,135
160,135
138,135
267,135
272,135
186,135
308,135
152,135
204,135
267,136
272,136
186,136
90,136
502,136
323,136
298,136
92,136
113,136
123,136
262,136
188,136
81,136
283,136
244,136
104,136
1004,136
79,136
111,136
258,136
109,136
307,136
204,136
230,136
138,136
101,136
283,137
190,137
1004,137
63,137
186,137
188,137
323,137
244,137
308,137
152,137
101,137
230,137
123,137
92,137
104,137
138,137
86,137
90,137
267,137
204,137
201,137
113,137
123,138
186,138
63,138
1004,138
188,138
92,138
272,138
190,138
308,138
2,138
258,138
111,138
283,138
113,138
31,138
204,138
79,138
198,138
82,138
145,138
101,138
215,138
67,138
90,139
63,139
188,139
86,139
123,139
138,139
109,139
308,139
113,139
79,139
502,139
190,139
145,139
204,139
201,139
92,139
265,139
1004,139
247,139
81,139
230,139
144,140
170,140
272,140
230,140
123,140
145,140
160,140
258,140
247,140
262,140
265,140
308,140
190,140
111,140
267,140
198,140
518,140
567,140
1463,140
152,140
84,140
1541,140
226,140
170,141
48,141
160,141
63,141
101,141
204,141
90,141
81,141
145,141
188,141
286,141
63,142
48,142
191,142
109,142
204,142
170,142
144,142
283,142
190,142
188,142
92,142
90,142
246,142
113,142
145,142
123,142
1558,143
267,143
92,143
244,143
255,143
853,143
1329,143
188,143
31,143
123,143
101,143
1729,143
1560,143
1354,143
1358,143
247,143
190,143
48,143
1038,143
1054,143
965,143
63,143
18,143
145,143
90,143
382,143
386,143
380,143
308,143
1051,143
1004,143
109,143
717,143
204,143
2,143
838,143
1191,143
839,143
74,143
502,144
1004,144
1163,144
2,144
79,144
160,144
190,144
63,144
48,144
33,144
186,144
161,144
18,144
86,144
101,144
81,144
145,144
92,144
104,144
90,144
152,144
191,144
139,144
226,144
82,144
188,144
258,144
198,144
170,144
230,144
201,144
144,144
138,144
113,144
111,144
109,144
323,144
296,144
267,144
308,144
298,144
286,144
283,144
204,144
272,144
265,144
262,144
247,144
246,144
514,144
244,144
470,144
386,144
123,144
408,144
281,144
144,145
293,145
1367,145
101,145
104,145
111,145
79,145
258,145
925,145
152,145
145,145
138,145
113,145
109,145
273,145
230,145
204,145
246,145
265,145
267,145
323,145
126,145
1806,145
92,145
286,145
82,145
81,145
86,145
104,146
124,146
170,146
160,146
152,146
111,146
145,146
144,146
123,146
139,146
190,146
101,146
113,146
255,146
63,146
757,146
81,146
286,146
283,146
272,146
48,146
267,146
308,146
323,146
386,146
502,146
262,146
258,146
246,146
244,146
204,146
198,146
296,146
127,146
188,146
201,146
757,147
377,147
82,147
188,147
81,147
101,147
79,147
31,147
32,147
2,147
1004,147
111,147
186,147
24,147
204,147
152,147
247,147
48,147
833,147
1346,147
160,147
267,147
1163,147
1566,147
349,148
92,148
48,148
48,149
1163,149
79,149
186,149
204,149
152,149
1572,149
140,149
145,149
188,149
65,149
111,149
455,149
81,149
981,149
113,149
639,149
138,149
109,149
198,149
1191,149
63,149
123,149
258,149
1271,149
190,149
230,149
1618,149
1373,149
265,149
247,149
101,149
1436,149
246,150
204,150
226,150
123,150
188,150
81,150
365,150
138,150
1327,150
1328,150
48,150
411,150
186,150
247,150
920,150
710,150
1503,150
1406,150
804,150
773,150
422,150
113,150
170,150
1271,150
244,150
230,150
161,150
226,151
201,151
230,151
188,151
63,151
283,151
90,151
267,152
63,152
48,152
1346,152
1081,152
1057,152
145,152
247,152
152,152
33,152
66,152
1611,152
323,152
1096,152
283,152
1114,152
286,152
78,152
265,152
204,152
512,152
79,152
1325,152
262,152
1329,152
113,152
1363,152
1645,152
326,152
292,152
123,152
966,152
1163,152
1072,152
138,152
1119,152
970,152
947,152
262,153
123,153
311,153
79,153
90,153
267,153
188,153
2,153
1004,153
145,153
283,153
298,153
308,153
201,153
48,153
109,153
265,153
63,153
702,153
1213,153
226,154
161,154
188,154
153,154
408,154
198,154
171,154
147,154
1752,154
1495,154
642,154
749,154
153,155
161,155
82,155
283,155
1004,155
123,155
44,156
1413,156
330,156
1336,156
1110,156
197,156
176,156
324,156
295,156
918,156
1800,156
67,156
1635,156
936,156
1427,156
44,157
777,157
918,157
1635,157
1253,157
8,157
697,157
933,157
936,157
693,157
641,157
330,157
285,157
193,157
266,157
1761,157
555,157
1084,157
517,157
1629,157
1079,157
474,157
816,157
958,157
1199,157
663,157
1594,157
1545,157
559,157
44,158
330,158
955,158
965,158
918,158
1043,158
1373,158
1044,158
1584,158
8,158
1045,158
1271,158
1406,158
1472,158
1407,158
1436,158
66,158
1413,158
1433,159
44,159
1428,159
1724,159
1422,159
330,159
1733,159
1635,159
1143,159
1191,159
1115,159
1067,159
1192,159
1671,159
1355,159
35,159
589,159
909,159
1472,159
1549,160
1423,160
920,160
1202,160
330,160
1073,160
44,160
883,160
1431,160
646,160
1568,160
1121,160
1051,160
918,160
1193,160
1417,160
1212,160
1002,160
1518,160
1520,160
1050,160
1381,160
55,161
46,161
330,161
761,161
830,161
71,161
1366,161
1011,161
1159,161
918,161
42,161
59,161
77,161
108,161
115,161
175,161
182,161
183,161
216,161
239,161
646,161
1121,161
304,161
288,161
236,161
176,161
187,161
159,161
136,161
117,161
112,161
107,161
135,161
978,161
1104,161
1190,161
319,161
1305,162
478,162
374,162
319,162
761,162
438,162
639,162
137,162
918,162
338,162
35,162
714,162
899,162
943,162
1110,162
1096,162
1300,162
1527,162
1622,162
1756,162
330,162
302,162
362,162
44,162
38,163
6,163
1114,163
416,163
830,163
642,163
1415,163
37,163
35,163
559,163
635,163
887,163
964,163
1185,163
1187,163
1286,163
1361,163
1384,163
1684,163
27,163
1788,163
67,163
589,163
681,163
681,164
721,164
416,164
1553,164
1516,164
231,164
1041,164
1038,164
44,164
1553,165
1553,166
66,166
878,167
10,167
83,167
588,167
299,167
330,167
641,167
394,167
149,167
838,167
830,167
1436,167
1472,167
896,167
1351,167
358,167
1611,167
944,167
512,167
487,167
9,167
941,167
106,167
171,167
179,167
697,167
993,167
590,167
1483,167
1064,167
943,167
840,167
338,167
67,167
226,167
1361,167
1557,167
285,167
1039,167
918,167
693,167
936,167
1084,167
1092,167
1635,167
1685,167
799,167
1131,167
1397,167
560,167
558,167
1142,167
777,167
1375,167
940,167
229,167
405,167
1371,167
1313,167
744,167
1050,167
185,167
1201,167
743,167
1302,167
698,167
962,167
46,167
1128,167
44,167
301,167
933,167
193,167
30,167
832,167
972,167
511,167
974,167
1455,167
982,167
1534,167
15,167
1788,168
933,168
378,168
1498,168
63,168
71,168
1464,168
1289,168
66,168
67,168
1375,168
12,169
10,169
1397,169
799,169
9,169
837,169
21,169
28,169
1046,169
1048,169
24,169
944,169
978,169
647,169
1038,169
953,169
1502,169
1277,169
418,169
1039,169
1300,169
1197,169
1054,169
533,169
338,169
1188,169
280,169
54,169
26,169
860,169
1104,169
1050,169
941,170
12,170
31,170
1152,170
40,170
84,170
27,170
1062,170
836,170
1744,170
942,170
567,170
410,170
235,170
222,170
30,170
1631,170
338,170
24,170
920,170
1557,171
530,171
978,171
1456,171
1221,171
1417,171
1269,171
1256,171
1353,171
1744,171
1633,171
1485,171
1336,171
1285,171
1555,171
1512,171
1457,171
1520,171
1441,171
1425,171
1420,171
1533,171
1544,171
1299,171
1329,171
1474,171
1788,171
1185,171
1199,171
1233,171
1227,171
1300,171
150,172
530,172
1722,172
790,172
1355,172
978,172
1688,172
1557,173
759,173
1358,173
603,173
978,173
1558,173
627,173
1761,173
1560,173
1658,173
567,174
131,174
538,174
1557,174
705,174
953,174
1560,174
1558,174
978,174
41,174
1358,174
1637,174
1355,174
1354,174
99,174
1306,174
1305,174
40,174
1577,174
899,174
94,174
37,174
1423,174
1307,174
943,174
940,174
830,174
839,174
348,174
837,174
941,174
838,174
1054,174
1475,174
1601,174
26,174
944,174
8,174
1304,174
1303,174
1302,174
1051,174
1041,174
1039,174
1560,175
1558,175
1191,175
978,175
1557,175
769,175
953,175
1038,175
1300,175
1303,175
837,175
1355,175
530,175
603,175
978,176
1557,176
54,176
1558,176
1358,176
1115,176
1051,176
1355,176
176,176
183,176
1050,176
1038,176
1399,176
1049,176
1048,176
659,176
1046,176
916,176
917,176
297,176
1169,176
1374,176
1395,176
1396,176
135,176
757,176
953,176
1041,176
1043,176
1044,176
1045,176
1191,176
1492,177
1560,177
1558,177
1048,177
1046,177
1372,177
1038,177
978,177
1431,177
188,177
1549,177
1568,177
1423,177
226,177
1557,177
67,177
518,177
1558,178
978,178
1557,178
1303,178
1302,178
1560,178
1606,178
1649,178
1523,178
1165,178
35,178
30,178
239,178
24,178
235,178
236,178
194,178
159,178
103,178
26,178
176,178
1125,178
1114,178
954,178
1563,178
953,178
1354,178
1240,178
101,178
1095,179
226,179
1501,179
940,179
769,179
602,179
359,179
385,179
837,179
838,179
944,179
830,179
1062,179
839,179
365,179
207,179
393,179
575,179
1501,180
346,180
602,180
1503,180
940,180
943,180
769,180
1332,180
942,180
953,180
1049,180
1068,181
1577,181
1558,181
385,181
207,181
1560,181
1280,181
1436,181
1373,181
1130,181
575,181
226,181
338,181
78,181
1552,181
327,181
8,181
1114,181
256,181
1076,181
1063,181
352,181
28,182
31,182
1115,182
1303,182
1302,182
432,182
32,182
1191,182
67,182
1193,182
179,182
1560,182
1192,182
1041,182
1304,182
1114,182
830,182
602,182
1054,182
1355,182
1358,182
1361,182
1558,182
1354,182
1307,182
1306,182
30,182
1305,182
35,182
1049,182
1788,182
1039,182
37,182
168,182
334,182
944,182
943,182
1753,182
1754,182
942,182
941,182
335,182
839,182
838,182
178,182
836,182
835,182
487,182
1761,182
44,182
1050,182
1048,182
1051,182
1045,182
1043,182
1536,182
1068,182
978,182
359,182
1046,182
1044,182
1719,182
627,183
39,183
619,183
62,183
455,183
1179,183
759,183
385,183
627,184
785,184
385,184
359,184
385,185
359,185
1386,186
385,186
1001,186
359,186
504,186
824,186
953,186
1045,186
1067,186
66,187
338,187
1744,187
1354,187
339,187
940,187
1358,187
24,187
8,187
1355,187
1300,187
1038,187
28,187
333,187
1361,187
830,187
896,187
318,187
1188,187
839,187
978,187
837,187
838,187
599,187
26,187
1190,187
1563,187
66,188
35,188
338,188
1744,188
487,188
1669,188
377,188
26,188
176,188
24,188
156,188
333,188
101,188
104,188
830,188
338,189
66,189
1104,189
835,189
67,189
23,189
30,189
37,189
31,189
1038,189
1406,190
1477,190
724,190
1441,190
1232,190
742,190
1415,190
1398,190
1117,190
1329,190
1457,190
222,190
881,190
1104,190
123,190
792,190
2,190
1038,190
61,190
1231,190
254,190
807,190
374,190
272,190
375,190
216,190
1503,190
1573,190
1560,190
26,190
55,190
1461,190
959,190
958,190
501,190
1356,190
556,190
224,190
215,190
33,190
1486,190
348,190
1357,190
1371,190
1618,190
59,190
816,190
1389,190
486,190
235,190
101,190
185,190
1039,190
157,190
721,190
46,190
1304,190
24,190
236,190
1451,190
282,190
640,190
484,190
28,190
288,190
637,190
1088,190
344,190
1376,190
943,190
372,190
1045,190
1361,190
1331,190
179,190
1526,190
473,190
1109,190
137,190
940,190
223,190
1320,190
600,190
1011,190
1525,190
872,190
303,190
1297,190
134,190
96,190
115,190
60,190
1523,190
197,190
953,190
1115,191
1360,191
1361,191
1356,191
1114,191
26,191
1104,191
837,191
1366,191
65,192
940,192
976,192
1271,192
1157,192
1104,192
1366,192
492,192
1500,192
1583,192
1395,192
337,192
1412,192
1356,192
1397,192
1618,192
1190,192
1188,192
1056,192
1038,192
28,192
1563,192
599,192
1104,193
1365,193
837,193
1360,193
47,193
1157,193
1311,193
1303,193
319,193
1190,193
1412,193
1366,193
1302,193
1050,193
608,193
1356,193
25,193
337,193
978,193
1358,193
1354,193
1188,193
1046,193
1241,194
836,194
1044,194
839,194
830,194
1338,194
1349,194
837,194
838,194
338,194
159,194
136,194
112,194
107,194
103,194
72,194
1474,194
63,194
157,194
835,194
942,194
1307,194
943,194
941,194
940,194
30,194
944,194
26,194
187,194
105,194
214,194
374,194
371,194
727,194
846,194
1214,194
185,194
134,194
646,194
335,194
47,194
94,194
115,194
217,194
223,194
239,194
282,194
236,194
288,194
304,194
632,194
1121,194
181,194
180,194
334,194
894,194
1557,194
77,194
175,194
182,194
183,194
184,194
179,194
216,194
319,194
1051,194
1045,194
333,194
59,194
1193,194
1054,194
1358,194
1049,194
1050,194
1191,194
1192,194
1188,194
1190,194
1114,194
1115,194
1041,194
978,194
1039,194
222,194
894,195
978,195
1115,195
830,195
1557,195
836,195
769,195
1095,195
1190,195
1114,195
1210,195
837,195
115,195
944,195
180,195
181,195
182,195
183,195
184,195
282,195
288,195
835,195
304,195
374,195
1311,195
839,195
108,195
236,195
602,195
175,195
55,195
46,195
319,195
59,195
216,195
1048,195
838,195
835,196
1303,196
836,196
1355,196
953,196
1045,196
838,196
1039,196
338,196
103,196
117,196
374,196
830,196
1051,196
978,196
8,196
24,196
1300,196
839,196
1302,196
837,196
1041,196
1054,196
1050,196
67,196
1049,196
35,196
28,196
1048,196
26,196
1361,196
398,196
312,196
1304,196
460,196
333,196
904,196
174,196
599,196
940,196
1188,196
1288,196
1038,196
1188,197
830,197
838,197
837,197
1360,197
835,197
1054,197
1051,197
1109,197
836,197
1361,197
839,197
336,198
374,198
830,198
950,198
194,198
157,198
836,198
108,198
35,198
107,198
953,198
338,198
115,198
839,198
1355,198
34,198
768,198
949,198
24,198
835,198
599,198
1563,198
9,198
333,198
1538,198
838,198
1159,199
1188,199
28,199
25,199
333,199
26,199
1190,199
334,199
837,199
335,199
1193,199
35,199
1043,199
1192,199
9,199
525,199
175,199
10,199
1039,199
1191,199
829,200
24,200
1038,200
1191,200
830,200
837,200
1159,200
968,200
950,200
299,200
599,200
29,200
839,200
835,200
136,200
838,200
1193,201
374,201
838,201
830,201
428,201
953,201
9,201
837,201
179,201
67,201
839,201
10,201
24,201
176,201
1311,201
1723,201
601,201
928,201
195,201
836,201
550,201
8,201
994,201
333,201
1188,201
599,201
175,201
28,201
26,201
1264,201
187,201
835,201
136,201
115,201
159,201
1563,201
753,201
26,202
28,202
67,202
1044,202
1463,202
599,202
1048,202
1045,202
24,202
1054,202
1050,202
1038,202
333,202
338,202
1043,202
1558,202
1560,202
1557,202
1188,202
1041,202
1051,202
20,202
9,202
1049,202
1307,202
1193,202
1563,202
1114,202
348,202
1039,202
1302,203
333,203
28,203
1159,203
338,203
35,203
1305,203
26,203
1304,203
67,203
37,203
1306,203
8,203
829,203
1188,203
944,203
10,203
1355,203
32,203
1366,203
24,203
9,203
599,203
30,203
67,204
1188,204
26,204
338,204
333,204
1557,204
28,204
311,204
35,204
1307,204
941,204
1563,204
1453,204
1190,204
24,204
1193,204
8,204
10,204
9,204
161,204
1373,204
153,204
599,204
24,205
1190,205
1355,205
599,205
1188,205
26,205
1563,205
8,205
28,205
134,205
10,205
9,205
926,205
333,205
599,206
556,206
1188,206
940,206
67,206
943,206
1045,206
1355,206
26,206
1747,206
1190,206
8,206
299,206
372,206
1102,206
1538,206
24,206
1361,206
35,206
226,206
1044,206
333,206
348,206
1038,207
24,207
144,207
139,207
86,207
145,207
9,207
333,207
953,207
1188,207
26,207
1355,207
1361,207
230,207
63,207
1190,207
244,207
8,207
1563,207
258,207
2,207
186,207
170,207
160,207
66,207
839,207
81,207
152,207
48,207
338,207
830,207
296,207
10,207
599,207
8,208
1188,208
24,208
1416,208
746,208
1480,208
9,208
28,208
26,208
408,208
1038,208
429,208
1044,208
599,208
722,208
1156,208
1043,208
333,208
1458,208
1291,208
1495,208
1457,208
1456,208
1450,208
1129,208
1126,208
10,208
67,208
1122,208
1355,208
1045,208
942,208
523,208
943,208
369,208
28,209
1060,209
8,209
54,209
667,209
24,209
333,209
338,209
1045,209
35,209
9,209
599,209
1415,209
67,209
10,209
1355,209
897,209
639,209
26,209
1188,209
1039,209
1606,209
1436,209
78,209
1563,209
656,210
10,210
779,210
1488,210
1124,210
618,210
9,210
1355,210
37,210
374,210
1184,210
1443,210
67,210
445,210
335,210
179,210
8,210
334,210
235,210
613,210
1563,210
24,210
942,210
282,210
333,210
45,210
57,210
55,210
61,210
59,210
60,210
1044,210
1043,210
26,210
599,210
56,210
216,210
52,210
134,210
338,210
571,210
35,210
105,210
1188,210
632,210
71,210
599,211
26,211
8,211
67,211
338,211
31,211
337,211
1356,211
1104,211
602,211
334,211
1375,211
829,211
35,211
24,211
28,211
10,211
1563,211
9,211
333,211
25,211
1361,211
1306,211
1114,211
1054,211
1366,211
944,211
943,211
1355,211
1307,211
8,212
1358,212
338,212
1188,212
333,212
978,212
1354,212
641,212
9,212
330,212
693,212
698,212
1761,212
44,212
10,212
1043,212
67,212
335,212
285,212
941,212
520,212
35,212
519,212
1355,212
26,212
517,212
599,212
1436,212
1726,212
522,212
1729,212
521,212
953,212
1557,212
1306,212
1054,212
1051,212
24,212
28,213
9,213
333,213
599,213
8,213
878,213
10,213
1355,213
26,213
1673,213
24,213
338,213
1307,213
1306,213
1305,213
1304,213
1302,213
604,213
31,213
1188,213
32,213
409,213
1043,213
67,213
246,213
1739,213
557,213
579,213
1669,213
283,213
1085,213
1355,214
712,214
67,214
24,214
333,214
1720,214
1650,214
1609,214
853,214
338,214
166,214
705,214
35,214
599,214
20,214
410,214
30,214
439,214
440,214
8,214
1573,214
1525,214
1293,214
981,214
567,214
1373,214
206,214
639,214
28,214
1240,214
320,214
26,214
571,214
1588,214
1634,214
777,214
1589,214
1419,214
1119,214
1563,214
10,214
1463,214
9,214
592,214
35,215
26,215
28,215
333,215
338,215
1159,215
1563,215
24,215
8,215
837,215
599,215
1188,215
1216,215
1375,215
1174,215
1062,215
365,215
66,215
67,215
10,215
9,215
1045,215
1044,215
1190,215
1043,215
335,215
334,215
1303,216
28,216
1312,216
1304,216
599,216
1188,216
1305,216
1300,216
26,216
824,216
1306,216
1217,216
1097,216
8,216
1115,216
1114,216
35,216
1456,216
1386,216
67,216
941,216
942,216
943,216
1440,216
944,216
1379,216
953,216
1302,216
24,216
1563,216
1355,216
338,216
333,216
35,217
1043,217
8,217
1114,217
1355,217
333,217
338,217
1188,217
1115,217
67,217
26,217
24,217
335,217
1045,217
599,217
28,217
9,217
10,217
1018,218
25,218
1038,218
482,218
1190,218
28,218
30,218
484,218
531,218
292,218
1361,218
1051,218
588,218
1355,218
944,218
941,218
338,218
1115,218
1539,218
1529,218
1216,218
1326,218
1346,218
1475,218
1408,218
19,218
1414,218
1430,218
1173,218
1300,218
1175,218
758,218
37,218
765,218
1358,219
940,219
1463,219
943,219
1302,219
1051,219
1054,219
1038,219
941,219
1310,219
60,219
1190,219
261,219
1039,219
1361,219
1307,219
30,219
1048,219
1306,219
1046,219
20,219
917,219
556,219
1300,219
1049,219
1041,219
1192,219
1354,219
845,219
942,219
487,219
1014,219
1101,219
162,219
1193,219
1303,219
850,219
1463,220
20,220
1360,220
8,220
134,220
1240,220
449,220
348,220
590,220
608,220
895,220
965,220
974,220
1381,220
1004,220
1150,220
1176,220
1197,220
1291,220
1378,220
1446,220
1573,220
488,220
1583,220
1584,220
1601,220
1710,220
753,220
782,220
1253,220
157,220
639,220
1414,220
1213,220
419,220
71,220
270,220
1375,220
955,220
1178,220
353,220
720,220
1310,220
80,220
109,220
113,220
204,220
1013,220
205,220
77,220
428,220
1463,221
348,221
20,221
67,221
338,221
878,221
24,221
9,221
157,221
1427,222
1354,222
955,222
365,222
1233,222
788,222
1191,222
29,223
1191,223
30,223
1054,223
940,223
1307,223
1038,223
1190,223
1193,223
187,223
89,223
32,223
1358,223
1051,223
395,223
226,223
623,223
37,223
943,223
1049,223
1210,223
1006,223
871,223
540,223
539,223
41,223
1302,224
1304,224
942,224
31,224
1358,224
335,224
1560,224
1049,224
943,224
941,224
944,224
1038,224
940,224
334,224
30,224
1193,224
1054,224
1300,224
1192,224
1191,224
1307,224
1115,224
1306,224
1361,224
487,224
1303,224
1048,224
953,224
1305,224
32,224
1560,225
1304,225
1311,225
1190,225
1354,225
1038,225
1358,225
1046,225
1051,225
1361,225
1305,225
1306,225
1300,225
1050,225
1193,225
1375,226
755,226
1001,226
1399,226
54,226
1541,226
791,226
1458,226
1398,226
570,226
913,226
1394,226
1363,226
955,226
1381,226
882,226
863,226
830,226
694,226
801,226
551,226
506,226
1463,226
50,226
1628,226
1361,226
776,226
190,226
1439,226
1421,226
1416,226
1408,226
1449,226
1375,227
1381,227
1355,227
1190,227
26,227
1051,227
374,227
1191,227
1192,227
1188,227
940,228
1191,228
1375,228
1193,228
1115,228
1300,228
1358,228
1381,228
943,228
942,228
1192,228
1038,228
1190,228
941,228
1307,228
1361,228
953,228
1306,228
1041,228
944,228
941,229
1306,229
1305,229
1038,229
1375,229
1190,229
1046,229
1041,229
1039,229
31,229
1304,229
1303,229
1114,229
1192,229
1054,229
940,229
37,229
32,229
1381,229
30,229
334,229
335,229
953,229
1560,229
30,230
1193,230
31,230
1191,230
943,230
1192,230
1038,230
944,230
32,230
1054,230
1560,230
1051,230
1048,230
1307,230
1114,230
1300,230
1049,230
1354,230
1050,230
1306,230
941,230
37,230
953,230
940,230
1361,230
940,231
942,231
1193,231
1114,231
1038,231
1054,231
1115,231
1302,231
941,231
1050,231
37,231
953,231
1358,231
31,231
943,231
1354,231
1192,231
1041,231
1191,231
944,231
1039,231
1303,231
1304,231
1048,231
1049,231
1305,231
1051,231
1306,231
1361,231
1307,231
334,231
940,232
1361,232
1039,232
1190,232
1300,232
1307,232
1358,232
1303,232
943,232
953,232
1193,232
1302,232
335,232
1054,232
1114,232
334,232
1354,232
1038,232
487,232
1041,232
944,232
1190,233
1039,233
30,233
1306,233
1305,233
1303,233
1302,233
1358,233
953,233
487,233
1038,233
31,233
335,233
1114,233
37,233
1115,233
1193,233
1048,233
1050,233
1354,233
944,233
943,233
32,233
446,233
1423,233
943,234
1046,234
1191,234
1192,234
953,234
1190,234
944,234
1051,234
487,234
1193,234
1782,234
30,234
942,234
1358,234
1041,234
1305,234
940,234
941,234
1354,234
1166,234
1194,234
1315,234
1385,234
1524,234
1556,234
1039,234
1115,234
1306,234
31,234
30,235
1191,235
1050,235
477,235
1358,235
1560,235
752,235
1304,235
1305,235
358,235
31,235
1361,235
953,235
15,235
845,235
1054,235
942,235
940,235
941,235
943,235
944,235
32,235
300,235
1302,235
1307,235
1303,235
1041,235
1192,235
1051,235
1038,236
1190,236
944,236
692,236
943,236
940,236
1050,236
941,236
942,236
953,236
1193,236
31,236
1300,236
32,236
1354,236
1302,236
1054,236
1115,236
1051,236
1049,236
1192,236
1191,236
30,236
1303,236
418,236
1115,237
1358,237
1192,237
37,237
1300,237
334,237
1190,237
1054,237
1038,237
1354,237
1041,237
1050,237
335,237
1049,237
1046,237
31,237
1051,237
1114,237
1191,237
1302,237
1303,237
1304,237
1305,237
1306,237
1307,237
1361,237
1190,238
30,238
940,238
1192,238
942,238
1068,238
31,238
1193,238
1191,238
1358,238
1300,238
1039,238
1038,238
37,238
1303,238
1302,238
1041,238
944,238
941,238
24,238
335,238
1307,238
334,238
333,238
720,238
1354,238
855,238
1051,238
157,238
1054,238
1048,238
1049,238
943,238
1115,239
1046,239
1038,239
1041,239
1300,239
1358,239
1190,239
1051,239
1049,239
1054,239
1048,239
1354,239
30,239
940,239
1306,239
1307,239
944,239
943,239
1305,239
941,239
1191,239
942,239
1304,239
1050,239
1191,240
1358,240
1054,240
1192,240
1051,240
1050,240
32,240
1038,240
1039,240
940,240
1354,240
30,240
1046,240
334,240
335,240
1304,240
1306,240
1302,240
1303,240
953,240
1305,240
1190,240
1300,240
1114,240
941,240
1193,240
37,240
1190,241
32,241
31,241
1050,241
1307,241
1304,241
1038,241
941,241
944,241
1302,241
940,241
1361,241
30,241
335,241
953,241
1039,241
1300,241
1306,241
942,241
1305,241
1049,241
1303,241
1302,242
30,242
1303,242
1193,242
1304,242
28,242
1192,242
1305,242
1300,242
1191,242
1361,242
1307,242
1354,242
1355,242
1557,242
1358,242
10,242
9,242
1560,242
1558,242
1306,242
940,242
1188,242
335,242
1049,242
1048,242
338,242
333,242
487,242
1046,242
1045,242
835,242
1050,242
1044,242
1043,242
1041,242
1039,242
953,242
944,242
943,242
942,242
838,242
839,242
941,242
836,242
334,242
1038,242
32,242
830,242
31,242
35,242
1051,242
37,242
67,242
1115,242
1114,242
1054,242
1190,242
938,242
949,242
958,242
964,242
977,242
1076,242
1099,242
1108,242
1180,242
1184,242
1227,242
1285,242
1288,242
1311,242
1323,242
1341,242
1359,242
1363,242
880,242
751,242
1364,242
357,242
367,242
539,242
547,242
548,242
553,242
611,242
623,242
735,242
165,242
1371,242
1097,242
1384,242
1630,242
1588,242
1559,242
1530,242
1524,242
1522,242
1520,242
1519,242
1518,242
1372,242
1512,242
1491,242
1475,242
1517,242
1423,242
1386,242
1414,242
1425,242
1358,243
944,243
1303,243
1046,243
943,243
940,243
941,243
942,243
1190,243
1300,243
953,243
32,243
1193,243
1192,243
1354,243
1361,243
1304,243
1049,243
1302,243
1560,243
1307,243
1115,243
1306,243
1114,243
1048,243
1305,243
37,243
31,243
1191,243
30,243
1038,243
953,244
1115,244
32,244
30,244
1114,244
1190,244
940,244
31,244
944,244
1192,244
1191,244
37,244
1300,244
1054,244
1049,244
1048,244
1307,244
1361,244
1039,244
1051,244
1041,244
1038,244
1046,244
30,245
1049,245
1300,245
953,245
1114,245
1115,245
1038,245
940,245
1191,245
32,245
1190,245
944,245
1303,245
1307,245
1358,245
31,245
943,245
1041,245
1054,245
1051,245
1192,245
1048,245
941,245
1560,246
1307,246
1041,246
1300,246
943,246
1190,246
1049,246
1114,246
940,246
941,246
944,246
942,246
1306,246
1113,246
977,246
1303,246
1054,246
1038,246
1302,246
1288,246
1193,246
1046,247
1300,247
30,247
1302,247
1303,247
1304,247
1193,247
1305,247
1306,247
1307,247
1192,247
1191,247
1190,247
942,247
944,247
943,247
32,247
1115,247
31,247
940,247
941,247
1054,247
1051,247
1050,247
1039,247
1041,247
1049,247
1190,248
1300,248
1051,248
1560,248
334,248
1307,248
1038,248
1361,248
1304,248
1306,248
31,248
943,248
944,248
1302,248
335,248
940,248
1114,248
953,248
1115,248
1303,248
1358,248
1051,249
1039,249
942,249
334,249
1049,249
1190,249
1050,249
1048,249
944,249
943,249
1307,249
1305,249
1304,249
1303,249
1192,249
1046,249
1054,249
335,249
487,249
1041,249
1115,249
1114,249
1300,249
1038,249
940,249
941,249
793,250
465,250
642,250
1730,250
1373,250
749,250
1666,250
470,250
788,250
514,250
1600,250
1293,250
1807,251
410,251
1807,252
1650,252
1750,252
933,252
257,252
711,252
514,252
433,252
426,252
260,252
712,252
1730,252
1331,252
859,252
786,252
1721,252
791,252
470,253
514,253
898,253
704,253
420,253
592,253
1082,253
1455,253
514,254
4,254
67,254
439,254
129,254
712,254
898,255
1475,255
514,255
1769,255
470,255
683,255
1723,255
126,255
898,256
663,256
410,257
1111,257
1180,257
1319,257
166,257
1460,258
410,258
442,258
256,258
480,258
834,258
374,258
898,258
256,259
1423,260
256,260
100,260
44,260
1707,260
1678,260
440,260
418,260
1341,260
1175,260
440,261
1678,261
920,261
1056,261
1707,261
440,262
1262,262
537,262
1744,262
410,262
1144,262
110,262
166,262
1195,262
584,262
714,262
1611,262
248,262
704,263
642,263
1624,263
1681,264
642,264
690,265
683,265
290,265
898,265
690,266
50,266
1463,266
84,267
40,267
1152,267
290,267
532,267
803,267
1098,267
712,267
808,267
99,267
51,267
1495,267
290,268
878,268
34,268
1590,268
1448,268
1318,268
1243,268
536,268
433,268
1317,268
661,268
715,268
774,268
884,268
787,269
420,269
834,269
128,269
151,269
1098,269
787,270
393,270
78,270
290,270
127,270
807,270
896,270
1538,270
1495,271
213,271
1098,271
1057,271
1611,271
128,271
1175,271
1673,271
1495,272
1002,272
1752,273
704,273
98,273
1613,273
129,273
1650,273
1650,274
465,274
439,274
1598,274
837,274
1288,274
1750,274
319,274
642,274
98,275
1664,275
1114,275
1240,275
791,275
1495,275
1582,275
290,275
84,275
98,276
563,276
635,276
1659,276
433,276
659,276
113,276
690,276
791,277
834,277
1240,277
1509,278
1335,278
151,278
719,278
732,278
791,278
1334,278
50,278
1807,278
917,278
1598,278
342,278
695,278
790,278
1751,278
634,278
1194,278
395,278
1598,279
98,279
1643,279
641,279
713,279
1598,280
253,280
874,280
1528,280
243,280
559,280
410,280
1148,280
482,280
84,281
626,281
1807,281
420,281
131,281
51,281
1470,281
1261,281
1240,282
1178,282
84,282
1756,282
126,282
381,282
238,282
1395,282
248,282
250,282
326,282
327,282
417,282
533,282
558,282
745,282
156,282
210,282
401,282
382,282
1240,283
1241,283
1497,283
1445,283
98,283
50,283
1749,283
1673,283
1720,283
838,283
1178,283
487,283
415,283
1609,284
49,284
1794,284
299,284
430,284
1293,284
1152,284
683,284
1463,284
84,284
1609,285
420,285
637,285
420,286
1609,286
260,286
1590,286
51,286
420,287
51,287
118,287
1240,287
1581,287
422,287
1550,287
1493,287
647,287
1572,287
1605,287
492,287
1783,288
199,288
426,288
420,288
669,288
84,288
704,289
435,289
1783,289
786,289
249,289
649,289
1609,290
364,290
1747,290
1752,290
1613,290
51,290
1463,290
221,291
1749,291
98,291
420,291
140,291
1366,291
1281,291
51,292
1699,292
1747,292
918,292
465,292
1582,292
1174,292
714,292
1673,292
51,293
1185,293
98,293
1662,294
733,294
1281,294
1664,294
98,294
1609,294
559,294
733,295
1583,295
51,295
787,295
433,295
1240,295
147,296
140,296
405,296
659,296
454,296
1110,296
981,296
1115,296
131,296
127,296
1110,297
198,297
380,297
140,297
131,297
420,297
147,297
42,297
290,297
940,297
104,297
79,297
131,298
1058,298
1327,298
314,298
133,298
1721,298
131,299
1002,299
688,299
166,299
133,299
1035,300
480,300
224,300
1153,300
140,300
981,300
1256,300
1309,300
1246,300
1242,300
1228,300
774,300
1342,300
722,300
720,300
510,300
1614,300
931,300
1087,300
800,300
1122,300
1151,300
707,300
1178,300
118,300
1036,300
792,300
1634,300
1221,300
945,300
140,301
1502,301
420,301
212,301
410,301
87,302
293,302
679,302
1216,302
275,302
440,302
781,302
848,302
1440,302
1110,302
1372,302
232,303
140,303
1172,304
981,304
704,304
1647,304
160,304
60,304
1094,304
281,304
108,304
1368,304
365,304
127,304
333,304
118,304
1062,304
638,304
55,304
256,304
1470,304
1729,304
981,305
842,305
1613,306
704,306
981,307
704,307
659,307
1495,307
878,308
1582,308
787,308
719,308
1701,308
1730,308
1729,308
487,308
1797,309
1582,309
712,309
704,309
717,309
659,309
732,309
719,309
50,309
51,309
98,309
1795,309
1582,310
1756,310
44,310
1077,310
835,310
836,310
870,310
1293,311
707,311
1538,311
51,311
1110,311
1185,311
140,311
1583,312
1406,312
1412,312
1579,312
492,312
1172,312
897,312
307,312
422,312
375,312
205,312
1487,312
647,312
668,312
710,312
1271,312
436,312
196,312
1523,312
312,312
1624,312
1801,312
716,312
501,312
1452,312
1395,312
1387,312
718,312
215,312
822,313
925,313
1704,313
436,313
215,313
623,313
1146,313
725,313
307,313
1802,313
288,313
822,314
925,314
1172,315
1368,315
1801,315
312,315
70,315
245,315
1172,316
639,316
647,316
588,316
1407,316
1279,316
1368,316
54,316
196,316
375,316
694,316
205,316
215,316
1483,316
1275,316
841,316
1579,316
1311,316
1312,316
1759,316
1694,316
1103,316
1369,316
1097,316
1172,317
1368,317
1713,317
70,317
65,317
312,317
1329,317
1368,318
1172,318
822,318
1428,319
804,319
196,319
1262,319
1194,319
1020,319
1651,319
375,319
543,319
672,319
843,319
65,319
205,319
1563,319
518,319
1428,320
1611,320
1564,320
1195,320
969,320
1533,320
1451,320
871,320
1418,320
1263,320
1249,320
1020,320
564,320
702,320
669,320
665,320
635,320
592,320
494,320
543,320
445,320
1230,320
1176,320
353,320
80,320
1446,320
1402,320
1429,320
1283,320
1236,320
672,320
256,320
509,321
918,321
62,321
1428,321
543,321
672,321
647,321
1581,322
972,322
200,322
75,322
698,322
1573,322
1165,322
945,322
697,322
80,322
573,322
677,322
543,322
1487,322
742,322
718,322
1257,322
1271,322
710,322
699,322
1634,322
1446,322
672,322
74,322
23,322
380,322
353,322
408,322
1253,322
454,322
588,322
509,322
1291,322
1160,322
1176,322
1186,322
574,322
608,322
1148,322
214,322
1011,322
1286,322
1010,323
1515,323
215,323
245,323
233,323
639,323
1271,323
1341,323
1548,323
196,323
1487,323
1461,323
1011,323
411,323
1387,323
518,323
1395,323
608,323
1428,324
1598,324
1429,324
878,324
1011,324
1395,324
196,324
804,324
840,324
218,324
1618,324
422,324
1406,324
1452,324
1132,324
1579,324
547,324
573,324
1652,324
1671,325
837,325
422,325
99,325
245,325
801,325
307,325
1387,325
1283,325
126,325
199,325
1535,325
1515,325
688,325
940,325
1452,325
1609,325
1175,325
240,325
341,325
138,325
722,325
1081,325
505,325
196,325
1011,325
668,325
1618,326
1734,326
1565,326
1651,326
1523,326
1493,326
290,326
1583,326
1660,326
668,326
99,326
1602,326
1572,326
573,327
804,327
639,327
937,327
422,327
866,327
1093,327
1518,327
1412,327
764,327
649,327
1309,327
1194,327
1281,327
827,327
1052,327
742,327
130,327
1387,327
1493,327
254,327
608,327
1395,327
1407,327
574,327
771,327
492,327
1296,327
1466,327
773,327
1271,327
1281,328
804,329
895,329
422,329
384,329
411,329
1452,329
375,329
356,329
1671,329
1281,329
19,329
492,329
1737,329
501,329
1736,330
1737,330
1744,330
1758,331
678,331
1728,331
785,331
785,332
1802,332
822,332
1744,333
1336,333
1530,333
785,333
1489,333
1412,333
1110,333
976,333
1455,333
273,333
821,334
1744,334
1357,334
1009,334
746,334
1412,334
1337,334
380,334
298,334
115,334
1390,334
43,334
940,334
79,334
722,334
1179,335
110,335
131,335
1806,335
293,336
127,336
273,336
147,336
1041,336
1479,336
1582,336
1483,337
112,337
127,337
307,337
147,337
733,337
501,337
436,337
411,337
420,337
1649,337
773,337
1170,337
31,337
1494,337
1239,337
375,337
1461,337
422,337
273,337
1271,337
1387,337
718,337
1487,337
1463,337
440,337
1497,337
1535,337
35,337
1652,337
273,338
1497,339
110,339
1604,339
1652,339
804,339
130,339
1605,339
1503,339
576,339
196,339
1535,339
1550,339
1525,339
1515,339
1494,339
1170,339
245,339
65,339
422,339
81,339
773,339
742,339
345,339
286,339
411,339
1498,339
1407,339
1406,339
518,339
1526,339
574,339
110,340
714,340
195,341
714,341
35,341
1110,341
131,341
195,342
492,342
436,342
422,342
1487,342
1395,342
196,342
375,342
254,342
573,342
411,342
608,342
356,342
639,342
804,342
1011,342
1114,342
1565,342
1486,342
501,342
1497,342
293,342
1258,343
1255,343
1117,343
1113,343
1061,343
130,343
722,343
322,343
1452,343
307,343
254,343
362,343
920,343
411,343
1526,343
1011,343
1497,343
1487,343
1271,343
1239,343
619,343
43,343
1121,343
362,344
302,344
302,345
710,345
43,345
699,345
1487,345
254,345
1011,345
101,345
1565,345
436,345
362,345
65,345
742,345
422,345
1498,345
501,345
1486,345
1406,345
375,345
307,345
804,345
1483,345
1395,345
647,345
130,345
1523,345
1271,345
1500,345
501,346
366,346
1605,346
1498,346
422,346
518,346
196,346
245,346
1671,346
375,346
574,346
1407,346
1651,346
356,346
1497,346
345,346
1387,346
411,346
1570,346
1500,346
215,346
1526,346
1493,346
1535,346
1004,346
647,346
1565,346
716,346
323,346
43,346
718,346
272,346
265,346
492,346
1412,346
1081,346
145,346
262,346
307,346
130,346
804,346
1579,346
1395,346
468,347
245,347
411,347
392,347
362,347
1387,347
608,347
1407,347
196,347
375,347
205,347
254,347
123,347
1143,347
356,347
1493,347
1523,347
1583,347
1573,347
1004,347
436,347
1572,347
345,347
1649,347
1503,347
1500,348
363,348
710,348
1602,348
1550,348
1526,348
307,348
254,348
65,348
1452,348
699,348
1407,348
362,348
468,348
375,348
1581,348
1387,348
1535,348
245,348
1011,348
1572,348
196,348
1493,348
1461,348
1649,348
1487,348
1395,348
205,348
1523,348
1081,348
1412,348
1671,349
65,349
1407,349
1406,349
773,349
205,349
245,349
1515,349
1150,349
196,349
1452,349
1526,349
574,349
895,349
718,349
1487,349
1483,349
1011,349
710,349
1497,349
804,349
1502,349
1271,349
1550,349
1081,349
1197,349
1618,349
1500,349
1525,349
647,349
1132,350
1525,350
1602,350
1581,350
1515,350
1604,350
1387,350
422,350
773,350
1452,350
895,350
1671,350
1526,350
1081,350
90,350
1570,350
205,350
1461,350
1523,350
1412,350
1579,350
1487,350
1486,350
1170,350
1583,350
1197,350
366,350
976,350
1395,350
1406,350
1493,350
897,350
65,350
436,351
1286,351
773,351
1011,351
492,351
573,351
1515,351
804,351
245,351
1584,351
1592,351
471,351
482,351
1570,351
518,351
1452,351
608,351
710,351
1081,351
725,351
1606,351
65,351
718,351
356,351
130,351
366,351
307,351
1493,351
1502,351
1487,351
1652,351
1415,351
1516,351
1607,351
1494,351
647,351
837,351
604,351
868,352
501,352
422,352
1011,352
1502,352
245,352
718,352
1671,352
1493,352
895,352
742,352
1452,352
574,352
1115,352
65,352
976,352
773,352
573,352
1046,352
1523,352
1515,352
1602,352
130,352
804,352
1271,352
1461,352
1387,352
1604,352
205,352
1487,352
1197,352
1570,352
1606,352
725,353
1652,353
492,353
1487,353
608,353
1581,353
411,353
1271,353
436,353
843,353
1011,353
1461,353
196,353
1494,353
366,353
1452,353
1572,353
1387,353
668,353
742,353
1583,353
1671,353
647,353
307,353
1606,353
773,353
245,353
895,353
356,353
375,353
345,353
1271,354
742,354
1605,354
436,354
773,354
1515,354
196,354
639,354
501,354
804,354
245,354
205,354
1483,354
1498,354
1412,354
1548,354
307,354
718,354
699,354
422,354
1565,354
1494,354
1535,354
1452,354
895,354
725,354
65,354
1497,354
1652,354
1618,354
130,354
1500,354
574,354
1671,354
647,355
130,355
1011,355
356,355
307,355
436,355
773,355
1581,355
43,355
422,355
1548,355
716,355
1197,355
742,355
345,355
1483,355
501,355
215,355
1618,355
804,355
1387,355
573,355
1494,355
1271,355
1395,355
245,355
218,355
1487,355
1500,355
196,355
1239,356
1671,356
1197,356
375,356
1412,356
1550,356
422,356
742,356
436,356
1570,356
639,356
356,356
895,356
1584,356
1526,356
1271,356
196,356
1581,356
1572,356
1579,356
1387,356
1583,356
1649,356
43,356
1652,356
218,356
1565,356
773,356
1573,356
345,356
725,356
501,356
1483,356
976,356
215,356
1487,356
518,356
1618,356
573,357
718,357
1565,357
356,357
1494,357
345,357
1515,357
804,357
366,357
1387,357
436,357
1132,357
1395,357
1583,357
1579,357
518,357
1150,357
1011,357
492,357
1503,357
1606,357
245,357
1651,357
1407,357
233,357
307,357
1570,357
1271,357
1486,357
1526,357
501,357
1535,357
1523,357
1548,357
1483,357
1498,357
1497,357
65,357
215,357
742,357
1239,357
773,357
897,357
196,357
1487,357
608,358
1461,358
375,358
422,358
1412,358
1500,358
976,358
1483,358
1570,358
1452,358
1132,358
1395,358
1486,358
1011,358
1239,358
1493,358
1271,358
1197,358
1503,358
1497,358
843,358
1406,358
1502,358
895,358
1170,358
1494,358
1081,358
492,358
718,358
1387,358
897,358
668,358
518,358
1498,358
1487,358
639,358
1649,358
1618,358
1606,358
1605,358
725,358
1604,358
1584,358
773,358
647,358
1602,358
742,358
1651,358
1583,358
1581,358
1579,358
1573,358
1572,358
436,358
1565,358
573,358
411,358
1671,358
574,358
307,358
245,358
233,358
218,358
215,358
205,358
196,358
130,358
65,358
1652,358
699,358
710,358
501,358
716,358
345,358
43,358
254,358
51,358
366,358
1526,358
1407,358
804,358
1548,358
1550,358
1535,358
1150,358
1515,358
1525,358
1523,358
356,358
1406,359
1239,359
501,359
1493,359
215,359
1412,359
375,359
639,359
1452,359
699,359
773,359
1581,359
1395,359
1671,359
742,359
1515,359
1387,359
1407,359
31,359
307,359
518,359
1606,359
1497,359
1271,359
897,359
1483,359
1602,359
1583,359
1487,359
32,359
573,359
1652,359
1011,359
422,359
710,359
1515,360
366,360
375,360
1271,360
1487,360
1011,360
254,360
1583,360
130,360
196,360
804,360
1197,360
699,360
1584,360
1525,360
1500,360
1406,360
1170,360
518,360
1526,360
897,360
773,360
1618,360
1486,360
1239,360
1483,360
1452,360
710,360
976,361
1395,361
501,361
307,361
1671,361
773,361
843,361
1461,361
130,361
205,361
699,361
1721,361
804,361
1271,361
710,361
718,361
518,361
492,361
277,361
65,361
573,361
1486,361
43,361
1197,361
1550,361
742,361
1452,361
196,361
323,361
436,362
639,362
1407,362
1606,362
895,362
804,362
1494,362
1497,362
130,362
196,362
501,362
699,362
307,362
1406,362
773,362
1584,362
574,362
608,362
1452,362
1170,362
422,362
411,362
1652,362
1651,362
1395,362
742,362
718,362
31,362
710,362
1239,362
1483,362
492,362
1461,362
668,362
1502,362
1503,362
1487,362
436,363
639,363
718,363
699,363
773,363
1526,363
725,363
1498,363
1570,363
215,363
659,363
1407,363
1550,363
218,363
422,363
1406,363
1497,363
1483,363
1387,363
196,363
1573,363
1197,363
375,363
1487,363
1494,363
1579,363
1565,363
710,363
1515,363
1500,363
1132,363
668,363
518,363
307,363
245,363
573,363
1581,363
1493,363
1271,363
1486,363
501,364
1407,364
1498,364
1565,364
804,364
1671,364
1584,364
1487,364
1239,364
699,364
1570,364
196,364
718,364
233,364
710,364
215,364
773,364
742,364
1412,364
647,364
1271,364
1548,364
245,364
1197,364
1011,364
1602,364
573,364
574,364
1406,364
716,365
1483,365
307,365
1387,365
422,365
233,365
1526,365
215,365
1497,365
375,365
742,365
245,365
1197,365
1081,365
254,365
804,365
608,365
1406,365
1618,365
1503,365
1461,365
1487,365
1407,365
1579,365
1494,365
1548,365
436,365
895,365
1452,365
1535,365
196,365
1523,365
1150,365
1493,365
1170,365
725,365
1011,365
1387,366
1651,366
375,366
1197,366
422,366
1487,366
501,366
1461,366
1412,366
773,366
895,366
647,366
725,366
1011,366
1503,366
411,366
1575,366
1493,366
804,366
742,366
1523,366
573,366
1550,366
699,366
710,366
953,366
895,367
205,367
225,367
215,367
273,367
538,367
299,367
75,367
233,367
1188,367
595,367
1407,367
376,367
742,367
612,367
1526,367
200,367
285,367
1387,367
842,367
353,367
541,367
579,367
590,367
454,367
449,367
429,367
1395,367
1572,367
405,367
1406,367
404,367
1011,367
716,367
647,367
1515,367
144,367
254,367
1548,367
1652,367
218,367
1581,367
1487,367
843,367
1412,367
933,367
972,367
974,367
154,367
1064,367
1084,367
1499,367
787,367
677,367
1160,367
1176,367
777,367
1186,367
731,367
698,367
1253,367
1259,367
1286,367
1401,367
693,367
1446,367
804,367
1684,367
80,367
74,367
936,367
1696,367
1671,367
1523,367
1583,367
699,367
622,367
668,367
1525,367
615,367
1271,367
832,367
641,367
91,367
196,368
1387,368
375,368
1483,368
215,368
1503,368
1487,368
716,368
718,368
1461,368
897,368
1671,368
804,368
1515,368
1535,368
1500,368
1583,368
699,368
1493,368
422,368
436,368
1395,368
742,368
725,368
1011,368
1081,368
1150,368
1197,368
1406,368
1407,368
1649,368
773,368
411,368
205,368
356,368
1565,368
710,368
1503,369
1565,369
375,369
1502,369
1197,369
1011,369
1523,369
356,369
1572,369
1604,369
1525,369
518,369
1170,369
1239,369
1579,369
1494,369
1500,369
1550,369
1583,369
422,369
196,369
1671,369
436,369
1461,369
501,369
1271,369
366,369
1498,369
1081,369
1452,369
1387,369
1452,370
1407,370
1605,370
501,370
1486,370
1602,370
1487,370
976,370
804,370
1271,370
1170,370
608,370
1583,370
1132,370
366,370
895,370
307,370
1565,370
639,370
1395,370
1387,370
422,370
1494,370
1081,370
1197,370
411,370
205,370
518,370
1535,370
196,370
375,370
742,370
351,370
201,370
492,370
1497,370
436,370
1573,370
233,370
773,370
710,370
573,370
608,371
718,371
1500,371
804,371
356,371
845,371
1197,371
625,371
1579,371
375,371
1461,371
1487,371
1057,371
1081,371
1271,371
1412,371
1483,371
1011,371
1494,371
1604,371
752,371
976,371
1606,371
895,371
722,371
1452,371
345,371
1583,371
1649,371
307,371
742,371
1573,371
436,371
773,371
501,371
196,371
1064,371
338,371
647,371
345,372
366,372
436,372
647,372
1583,372
1406,372
1011,372
716,372
501,372
804,372
843,372
1584,372
1570,372
1572,372
245,372
215,372
492,372
422,372
718,372
518,372
608,372
773,372
1387,372
573,372
1081,372
356,372
1483,372
307,372
375,372
1307,373
647,373
710,373
1494,373
518,373
716,373
1271,373
773,373
422,373
196,373
1197,373
1387,373
1483,373
1486,373
574,373
205,373
1395,373
1406,373
1584,373
1407,373
1487,373
1038,373
668,373
1011,373
356,373
307,373
608,373
1579,373
1170,373
1581,373
1671,373
1150,373
1572,374
196,374
1605,374
254,374
375,374
668,374
245,374
718,374
773,374
1581,374
366,374
710,374
1395,374
307,374
1583,374
608,374
501,374
411,374
1515,374
356,374
742,374
1150,374
1497,374
233,374
422,374
1461,374
436,374
205,374
1500,374
215,374
1651,374
414,375
157,375
103,375
112,375
782,375
77,375
42,375
1665,375
135,375
926,375
1034,375
137,375
1181,375
187,375
1245,375
236,375
197,375
646,375
885,375
134,375
1686,375
47,375
1260,375
239,375
1171,375
1086,375
135,376
1665,376
1245,376
77,376
94,376
106,376
112,376
217,376
136,376
103,376
282,376
148,376
782,376
55,376
184,376
47,376
108,376
157,376
1086,376
107,376
159,376
414,376
1686,376
222,376
118,376
235,376
197,376
117,376
77,377
135,377
782,377
319,377
885,377
646,377
216,377
239,377
414,377
112,377
288,377
1245,377
217,377
89,377
176,377
235,377
1181,377
926,377
1086,377
107,377
1034,377
1121,377
885,378
1171,378
1086,378
926,378
77,378
1686,378
1034,378
626,378
181,378
236,378
134,378
1181,378
216,378
1245,378
1260,378
176,378
194,378
414,378
52,378
59,378
1665,378
182,378
632,378
223,378
53,379
1781,379
782,379
1686,379
837,379
1665,379
1049,379
830,379
1681,379
229,379
1260,379
1245,379
77,379
885,379
836,379
1171,379
374,379
134,379
175,379
1181,379
926,379
108,379
107,379
115,379
112,379
1086,379
216,379
143,379
1034,379
94,379
359,379
385,379
47,379
56,379
57,379
136,379
214,379
239,379
632,379
223,379
60,380
115,380
31,380
112,380
105,380
94,380
107,380
89,380
414,380
782,380
103,380
1171,380
926,380
108,380
71,380
136,380
134,380
183,380
56,380
26,380
52,380
55,380
61,380
59,380
953,380
175,380
374,380
24,380
235,380
236,380
217,380
216,380
184,380
338,380
32,380
137,380
1397,380
646,380
304,380
42,380
632,380
1306,380
1300,380
194,380
214,380
1355,380
1358,380
288,380
53,380
1305,380
239,380
1304,380
1303,380
1354,380
981,380
148,380
57,380
675,380
634,380
333,380
279,380
185,380
179,380
187,380
46,380
1181,380
942,380
1114,380
1188,380
47,380
944,380
943,380
1044,380
941,380
45,380
21,380
1043,380
72,380
1115,380
836,380
835,380
1302,380
319,380
156,380
1121,380
926,381
134,381
414,381
1245,381
77,381
157,381
782,381
885,381
1034,381
1086,381
1171,381
1181,381
1260,381
1665,381
1686,381
1781,381
217,381
112,382
53,382
105,382
52,382
57,382
60,382
288,382
216,382
222,382
77,382
108,382
134,382
107,382
55,382
59,382
106,382
115,382
117,382
46,382
103,382
319,382
156,382
136,382
175,382
304,382
135,382
105,383
1121,383
184,383
45,383
52,383
47,383
61,383
55,383
1688,383
837,383
254,383
60,383
156,383
77,383
57,383
646,383
137,383
492,383
134,383
71,383
103,383
773,383
56,383
1384,383
185,383
239,383
223,383
164,383
1190,383
39,383
236,383
107,383
217,383
67,383
108,383
1387,383
1458,383
1432,383
1463,383
1535,383
1524,383
1671,383
31,383
1188,384
46,384
61,384
1045,384
799,384
646,384
1041,384
1360,384
288,384
222,384
187,384
127,384
60,384
1458,384
283,384
31,384
1361,384
945,384
42,384
52,384
24,384
67,384
210,384
57,384
47,384
35,384
837,384
56,384
59,384
179,384
103,384
952,384
115,384
1557,384
821,384
53,384
29,384
830,384
107,384
214,384
239,384
1366,384
235,384
41,384
1104,384
1054,384
216,384
236,384
164,384
770,384
1341,384
1629,384
780,384
374,384
55,384
981,384
131,385
60,385
107,385
61,385
319,385
59,385
108,385
143,385
222,385
717,385
365,385
179,385
127,385
646,385
1709,385
1373,385
1736,385
55,385
135,385
156,385
52,386
105,386
57,386
175,386
236,386
319,386
1121,386
72,386
56,386
288,386
156,386
103,386
222,386
115,386
239,386
164,386
94,386
216,386
1175,386
632,386
136,386
89,386
374,386
53,386
235,386
180,386
184,386
181,386
55,386
182,386
183,386
197,386
596,387
61,387
136,387
179,387
47,387
105,387
646,387
159,387
175,387
632,387
46,387
319,387
59,387
183,387
1,387
176,387
72,387
184,387
374,387
115,387
288,387
42,387
236,387
1264,387
103,387
94,387
60,387
187,387
77,387
194,387
216,387
52,387
645,387
56,388
105,388
57,388
319,388
60,388
1614,388
236,388
646,388
632,388
112,388
1490,388
175,388
164,388
185,388
52,388
53,388
108,388
1425,388
197,388
137,388
257,388
1283,388
47,388
136,388
304,388
157,388
46,389
148,389
105,389
137,389
53,389
646,389
103,389
239,389
56,389
55,389
134,389
106,389
1303,389
47,389
304,389
57,389
59,389
288,389
223,389
1304,389
180,389
42,389
156,389
115,389
143,389
184,389
183,389
182,389
181,389
175,389
71,389
187,389
214,389
52,389
374,389
159,389
157,389
216,389
136,389
235,389
319,389
108,389
117,390
102,390
89,390
223,390
94,390
1688,390
72,390
851,390
107,390
135,390
106,390
55,390
851,391
176,391
1784,391
1688,391
1799,391
164,391
223,391
236,391
1688,392
135,392
59,392
71,392
1495,392
1688,393
185,393
159,393
1495,393
1638,394
1638,395
851,396
852,396
851,397
1004,397
222,398
1804,398
175,398
235,398
185,398
176,398
179,398
632,398
183,398
135,398
223,398
1012,398
194,398
184,398
117,398
282,398
106,398
1012,399
932,399
1638,399
1603,400
932,400
197,400
137,400
175,400
223,400
159,400
179,400
932,401
1702,402
1680,402
136,402
135,402
179,402
183,402
159,403
189,403
223,403
1680,403
137,403
175,403
156,403
216,403
72,403
148,403
239,403
235,403
183,403
184,403
194,403
632,403
236,403
282,403
1679,403
217,403
164,403
1121,403
185,403
319,403
182,403
1680,404
1679,404
1680,405
1679,405
264,406
646,406
239,406
108,406
106,406
107,406
22,406
426,406
385,406
175,406
187,406
47,406
197,406
1760,407
1771,407
14,407
627,407
1768,407
359,407
1761,407
14,408
547,408
117,409
1177,409
1504,409
1155,409
118,409
305,409
60,409
1381,409
1216,409
222,409
108,409
187,409
105,409
61,409
57,409
46,409
47,409
143,409
338,409
837,409
107,409
184,409
45,409
646,409
239,409
217,409
359,409
1563,409
304,409
159,409
115,409
52,409
28,409
223,409
1504,410
1177,410
1771,410
1155,410
305,410
264,410
983,411
197,411
319,411
223,411
183,411
239,411
305,411
216,411
156,411
632,411
184,411
1536,411
185,411
288,411
187,411
42,411
47,411
179,411
1121,411
1789,411
176,411
646,411
305,412
1768,413
1761,413
216,413
223,413
1760,413
55,413
164,413
235,413
428,413
106,413
89,413
290,413
427,413
115,413
175,413
217,413
72,413
107,413
22,414
1760,414
632,414
197,414
59,414
108,414
13,414
62,414
304,414
55,414
1764,414
156,414
72,414
176,414
1761,414
185,414
179,414
159,414
187,414
625,414
47,414
1768,415
85,415
617,415
790,415
1454,415
1768,416
790,416
1300,416
1764,417
1765,417
1054,417
1043,417
66,417
135,417
37,417
13,417
89,417
35,417
30,417
1044,417
1045,417
24,417
9,417
10,417
1762,418
730,418
1121,418
176,418
963,418
148,418
135,418
180,418
1764,418
334,418
217,418
335,418
903,418
156,418
14,418
625,418
1765,418
333,418
187,418
239,418
216,418
1763,419
1762,419
148,419
1764,419
106,419
156,419
185,419
305,419
1768,419
197,419
251,420
14,420
13,420
754,420
752,420
1185,420
47,421
346,421
370,421
390,421
186,421
564,421
263,421
1730,421
65,421
263,422
381,423
401,423
382,424
401,424
381,424
386,425
380,425
642,425
380,426
379,427
379,428
380,428
382,428
1756,429
746,429
944,429
896,429
1341,429
89,429
747,429
55,429
822,429
217,429
115,429
187,429
1176,429
1667,429
1462,430
1756,430
746,430
214,431
747,431
222,431
319,431
175,431
646,431
216,431
52,431
136,431
746,432
741,432
425,432
103,432
747,432
217,432
89,432
136,432
1756,432
408,433
631,433
89,433
939,433
1636,433
408,434
746,434
383,435
746,435
379,435
746,436
319,436
113,436
79,436
235,436
942,436
386,436
941,436
67,436
834,436
940,436
943,436
1791,437
319,437
89,437
135,437
187,437
176,437
55,437
1121,437
179,437
47,437
112,437
222,437
59,437
164,437
117,437
223,437
374,437
118,437
137,437
197,437
46,437
632,437
136,437
861,438
55,438
223,438
175,438
235,438
197,438
46,438
239,438
179,438
646,438
632,438
1723,438
107,438
1720,438
159,438
117,438
94,438
42,438
108,438
184,438
185,438
89,438
187,438
180,438
157,439
112,439
184,439
94,439
304,439
117,439
148,439
223,439
164,439
46,439
1121,439
176,439
239,439
108,439
47,439
103,439
89,439
632,439
55,439
72,439
222,439
136,439
59,439
187,439
216,439
646,439
187,440
185,440
182,440
216,440
89,440
179,440
72,440
222,440
194,440
184,440
374,440
632,440
183,440
137,440
197,440
45,440
157,440
148,440
304,440
288,440
117,440
156,440
164,440
136,440
319,440
282,440
646,440
180,440
239,440
235,440
236,440
47,440
159,440
112,440
46,440
217,440
106,440
223,440
181,440
1121,440
42,440
214,440
175,440
61,440
55,440
118,440
57,440
176,440
52,440
56,440
135,440
53,440
94,440
103,440
107,440
143,440
71,440
60,440
115,440
108,440
105,440
59,440
288,441
646,441
89,441
282,441
117,441
55,441
112,441
164,441
137,441
197,441
72,441
159,441
304,441
156,441
235,441
1121,441
319,441
157,441
187,441
236,441
179,441
222,441
239,441
176,441
175,441
646,442
137,442
106,442
223,442
107,442
136,442
176,442
187,442
135,442
222,442
118,442
157,442
185,442
179,442
1750,442
217,442
216,442
197,442
117,442
319,442
288,442
1750,443
1038,443
1558,443
1560,443
1054,443
184,444
222,444
197,444
236,444
106,444
137,444
239,444
103,444
55,444
164,444
156,444
136,444
115,444
270,444
235,444
183,444
112,444
179,444
175,444
107,444
176,444
304,444
223,444
42,444
159,444
59,444
374,444
94,444
164,445
156,445
176,445
217,445
185,445
148,445
59,445
159,445
216,445
179,445
175,445
89,445
46,445
55,445
115,445
42,445
107,445
646,445
1121,445
103,445
222,445
136,445
72,445
137,445
175,446
222,446
319,446
148,446
136,446
176,446
236,446
42,446
55,446
164,446
632,446
217,446
288,446
194,446
223,446
978,446
179,446
374,446
89,446
239,446
156,446
187,446
47,446
184,446
42,447
106,447
72,447
632,447
112,447
117,447
222,447
319,447
55,447
137,447
217,447
164,447
94,447
89,447
136,447
115,447
176,447
159,447
156,447
135,447
194,447
47,447
175,447
46,447
148,447
1121,447
197,447
112,448
304,448
319,448
103,448
164,448
59,448
157,448
159,448
156,448
175,448
42,448
176,448
185,448
236,448
135,448
179,448
239,448
197,448
137,448
646,448
288,448
222,448
235,448
223,448
180,449
164,449
222,449
118,449
148,449
187,449
176,449
235,449
181,449
223,449
184,449
197,449
175,449
108,449
135,449
106,449
112,449
137,449
374,449
156,449
288,449
1121,449
157,449
55,449
103,449
185,450
197,450
106,450
148,450
156,450
236,450
159,450
136,450
55,450
632,450
176,450
112,450
94,450
319,450
72,450
239,450
115,450
117,450
646,450
288,450
1121,450
175,450
135,450
159,451
89,451
103,451
106,451
137,451
108,451
374,451
175,451
185,451
94,451
72,451
222,451
646,451
288,451
136,451
55,451
183,451
223,451
319,451
239,451
135,451
107,451
59,451
632,451
1121,451
118,451
179,452
136,452
71,452
135,452
387,452
45,452
159,452
891,452
103,452
175,452
235,452
236,452
943,452
194,452
214,452
157,452
187,452
94,452
156,452
47,452
108,452
107,452
137,452
176,452
1432,452
222,452
1166,452
185,452
1082,452
1006,452
59,452
632,452
239,452
42,452
304,452
217,452
112,453
45,453
136,453
156,453
175,453
194,453
214,453
179,453
374,453
1308,453
71,453
1351,453
1121,453
107,453
217,453
103,453
223,453
235,453
319,453
632,453
646,453
197,453
222,453
642,453
47,453
704,453
1373,453
117,453
55,453
187,453
89,453
1307,453
115,453
59,453
106,453
164,453
943,454
71,454
183,454
632,454
179,454
108,454
59,454
181,454
182,454
214,454
134,454
117,454
45,454
713,454
143,454
180,454
115,454
184,454
107,454
194,454
46,454
235,454
57,454
56,454
53,454
216,454
304,454
52,454
103,454
1190,454
61,454
187,454
42,454
282,454
223,454
374,454
239,454
71,455
45,455
72,455
59,455
106,455
137,455
214,455
222,455
1201,455
645,455
216,455
61,455
164,455
136,455
157,455
288,455
108,455
374,455
175,455
115,455
103,455
194,455
107,455
187,455
159,455
214,456
47,456
217,456
45,456
148,456
197,456
72,456
179,456
235,456
304,456
737,456
1221,456
1414,456
164,456
1645,456
71,456
1341,456
112,456
239,456
156,456
319,456
108,456
135,456
374,456
632,456
646,456
236,456
223,456
175,456
217,457
236,457
71,457
1121,457
179,457
214,457
72,457
235,457
176,457
222,457
184,457
59,457
55,457
45,457
46,457
288,457
239,457
319,457
175,457
112,457
223,457
185,457
187,457
159,457
135,457
157,457
374,457
183,457
182,457
181,457
180,457
42,457
137,457
1360,457
47,457
115,457
156,457
216,457
632,457
143,458
1300,458
1375,458
222,458
235,458
239,458
159,458
176,458
319,458
107,458
632,458
217,458
115,458
94,458
157,458
112,458
103,458
117,458
52,458
187,458
374,458
59,458
214,458
108,458
72,458
105,458
216,458
1121,458
182,458
118,458
214,459
107,459
216,459
978,459
134,459
938,459
157,459
194,459
71,459
886,459
103,459
46,459
319,459
135,459
94,459
187,459
137,459
117,459
182,459
235,459
223,459
115,459
55,459
159,459
217,459
236,459
1068,459
632,459
112,459
42,459
646,459
136,459
179,459
47,459
1171,459
42,460
288,460
115,460
632,460
106,460
117,460
118,460
235,460
216,460
159,460
156,460
236,460
137,460
239,460
108,460
646,460
107,460
185,460
194,460
179,460
136,460
157,460
135,460
148,460
304,460
223,461
136,461
112,461
216,461
197,461
222,461
117,461
217,461
632,461
236,461
179,461
106,461
304,461
135,461
646,461
319,461
164,461
148,461
235,461
175,461
374,461
108,461
1121,461
89,461
148,462
47,462
72,462
632,462
135,462
112,462
108,462
187,462
136,462
185,462
117,462
106,462
304,462
164,462
222,462
107,462
646,462
159,462
118,462
42,462
67,462
115,462
176,462
157,462
288,462
319,462
37,462
179,462
223,462
183,462
194,462
175,462
236,462
217,462
103,462
235,463
42,463
118,463
112,463
107,463
89,463
72,463
59,463
108,463
103,463
136,463
223,463
46,463
175,463
183,463
117,463
159,463
184,463
115,463
187,463
135,463
262,463
198,463
180,463
156,463
47,463
148,463
157,463
632,463
94,463
55,463
59,464
115,464
632,464
55,464
117,464
179,464
148,464
184,464
47,464
112,464
216,464
136,464
239,464
107,464
646,464
288,464
157,464
159,464
187,464
304,464
135,464
89,464
235,464
175,464
185,464
222,464
72,464
235,465
148,465
42,465
222,465
217,465
185,465
223,465
216,465
59,465
47,465
164,465
175,465
137,465
107,465
159,465
106,465
187,465
112,465
184,465
55,465
330,465
236,465
108,465
46,465
115,465
632,465
319,465
89,465
183,465
239,466
31,466
72,466
106,466
112,466
197,466
216,466
282,466
236,466
47,466
135,466
187,466
176,466
223,466
319,466
179,466
159,466
148,466
115,466
59,466
156,466
288,466
118,466
157,466
55,466
184,466
117,466
107,466
185,466
136,466
89,466
1300,466
646,466
106,467
156,467
164,467
112,467
148,467
175,467
157,467
94,467
176,467
108,467
107,467
288,467
319,467
180,467
46,467
159,467
135,467
646,467
216,467
115,467
55,467
72,467
47,467
103,467
42,467
239,467
222,467
632,467
137,467
107,468
89,468
46,468
236,468
646,468
632,468
108,468
197,468
42,468
135,468
185,468
223,468
103,468
1121,468
47,468
115,468
235,468
157,468
319,468
106,468
239,468
164,469
103,469
632,469
288,469
156,469
159,469
1121,469
89,469
148,469
112,469
235,469
197,469
117,469
222,469
118,469
223,469
136,469
46,469
107,469
106,469
216,469
94,469
176,469
175,469
185,469
115,469
148,470
164,470
135,470
175,470
1121,470
179,470
194,470
222,470
217,470
157,470
176,470
304,470
319,470
235,470
239,470
632,470
89,470
117,470
197,470
103,470
236,470
47,470
183,470
159,470
106,470
55,470
646,470
156,470
112,470
108,471
115,471
217,471
197,471
103,471
107,471
646,471
223,471
59,471
187,471
148,471
235,471
164,471
239,471
159,471
112,471
106,471
176,471
185,471
72,471
179,471
216,471
222,471
183,471
156,471
135,471
194,471
1121,472
194,472
179,472
164,472
55,472
197,472
235,472
217,472
135,472
106,472
183,472
137,472
47,472
646,472
107,472
108,472
187,472
176,472
185,472
632,472
184,472
117,472
103,472
148,472
319,473
216,473
148,473
164,473
179,473
239,473
185,473
304,473
632,473
223,473
217,473
136,473
176,473
235,473
236,473
47,473
222,473
187,473
1121,473
175,473
197,473
59,474
148,474
288,474
112,474
106,474
135,474
646,474
117,474
197,474
107,474
185,474
94,474
103,474
194,474
235,474
334,474
184,474
183,474
182,474
181,474
180,474
118,474
236,474
72,474
223,474
335,474
374,474
47,474
175,474
222,474
137,474
72,475
115,475
59,475
108,475
107,475
136,475
137,475
159,475
176,475
117,475
156,475
157,475
112,475
94,475
106,475
89,475
148,475
216,475
106,476
179,476
222,476
89,476
103,476
197,476
94,476
235,476
59,476
115,476
184,476
632,476
148,476
187,476
47,476
156,476
135,476
953,476
112,476
164,476
319,476
1051,476
236,476
239,476
108,476
217,476
175,476
374,476
55,476
632,477
157,477
148,477
108,477
187,477
107,477
106,477
216,477
103,477
164,477
176,477
180,477
94,477
118,477
217,477
115,477
197,477
239,477
184,477
185,477
222,477
179,477
223,477
112,477
159,477
89,477
156,477
94,478
108,478
217,478
159,478
175,478
157,478
106,478
107,478
148,478
185,478
646,478
135,478
236,478
235,478
187,478
239,478
632,478
179,478
223,478
176,478
55,478
216,478
89,478
47,478
239,479
107,479
137,479
222,479
112,479
117,479
103,479
148,479
319,479
72,479
164,479
197,479
235,479
1121,479
175,479
106,479
135,479
288,479
159,479
156,479
157,479
183,479
184,479
108,479
217,479
42,479
46,479
176,479
55,479
632,479
179,479
236,479
89,480
159,480
164,480
59,480
135,480
288,480
319,480
137,480
1121,480
217,480
148,480
236,480
216,480
223,480
222,480
646,480
103,480
282,480
235,480
304,480
118,480
136,480
106,481
156,481
72,481
894,481
136,481
1121,481
216,481
187,481
839,481
838,481
185,481
159,481
112,481
374,481
94,481
179,481
184,481
646,481
235,481
1188,481
176,481
89,481
164,481
197,481
319,481
183,481
182,481
181,481
148,481
157,481
180,481
115,481
135,481
1190,481
223,481
646,482
157,482
112,482
136,482
47,482
175,482
216,482
94,482
239,482
159,482
282,482
115,482
217,482
164,482
235,482
118,482
197,482
179,482
374,482
185,482
288,482
1121,482
117,482
176,482
46,482
106,483
1115,483
135,483
159,483
239,483
94,483
108,483
222,483
179,483
47,483
103,483
235,483
148,483
136,483
156,483
72,483
197,483
180,483
319,483
107,483
184,483
182,483
194,483
187,483
89,483
112,483
117,483
282,484
239,484
304,484
176,484
216,484
164,484
235,484
107,484
222,484
106,484
236,484
632,484
217,484
46,484
197,484
148,484
180,484
156,484
137,484
136,484
194,484
159,484
646,485
223,485
217,485
55,485
106,485
148,485
197,485
47,485
157,485
216,485
222,485
282,485
89,485
103,485
137,485
239,485
175,485
46,485
112,485
117,485
182,485
304,485
1121,485
179,485
194,485
319,486
830,486
239,486
175,486
978,486
164,486
1193,486
185,486
157,486
1121,486
942,486
943,486
222,486
187,486
197,486
374,486
137,486
148,486
184,486
135,486
156,486
223,486
944,486
180,486
632,486
176,486
159,486
106,486
194,486
187,487
222,487
55,487
223,487
47,487
148,487
185,487
156,487
164,487
181,487
108,487
197,487
89,487
235,487
180,487
42,487
304,487
117,487
59,487
217,487
175,487
107,487
288,487
239,487
978,487
136,487
94,487
282,487
179,488
176,488
157,488
137,488
239,488
197,488
185,488
136,488
106,488
216,488
632,488
187,488
646,488
148,488
94,488
319,488
217,488
46,488
107,488
282,488
288,488
304,488
164,488
236,488
222,488
646,489
374,489
304,489
55,489
288,489
632,489
157,489
46,489
156,489
136,489
319,489
159,489
47,489
239,489
176,489
108,489
235,489
1121,489
117,489
72,489
187,489
223,489
217,489
197,489
183,489
94,489
107,489
137,489
103,489
185,489
179,489
164,489
117,490
223,490
106,490
137,490
89,490
108,490
632,490
136,490
197,490
187,490
1121,490
46,490
55,490
164,490
47,490
72,490
107,490
179,490
646,490
59,490
115,490
239,490
319,490
157,490
288,490
112,491
646,491
103,491
72,491
89,491
135,491
136,491
117,491
94,491
59,491
157,491
239,491
632,491
115,491
156,491
288,491
159,491
175,491
164,491
187,491
148,491
183,491
179,491
106,491
176,491
107,491
222,491
55,491
108,491
197,491
235,491
137,491
108,492
107,492
222,492
159,492
179,492
148,492
646,492
1121,492
194,492
185,492
118,492
235,492
223,492
46,492
217,492
175,492
176,492
184,492
103,492
632,492
136,492
115,492
216,492
164,492
197,492
156,493
175,493
117,493
216,493
176,493
59,493
164,493
235,493
103,493
148,493
72,493
115,493
47,493
184,493
118,493
632,493
46,493
197,493
55,493
136,493
646,493
106,493
184,494
157,494
222,494
137,494
179,494
187,494
164,494
235,494
106,494
159,494
632,494
135,494
89,494
374,494
72,494
175,494
47,494
239,494
117,494
194,494
282,494
115,494
136,494
223,494
112,494
176,494
185,494
164,495
89,495
175,495
72,495
94,495
319,495
223,495
156,495
282,495
137,495
157,495
117,495
374,495
115,495
103,495
181,495
183,495
187,495
148,495
216,495
107,495
194,495
112,495
646,495
185,495
235,495
197,495
222,495
106,495
217,495
112,496
47,496
55,496
115,496
106,496
103,496
182,496
164,496
117,496
107,496
157,496
217,496
72,496
136,496
632,496
175,496
185,496
646,496
176,496
222,496
148,496
223,496
197,496
236,496
55,497
59,497
157,497
137,497
187,497
72,497
374,497
47,497
156,497
148,497
164,497
175,497
136,497
118,497
108,497
107,497
115,497
217,497
235,497
236,497
223,497
197,497
185,497
117,497
106,497
179,497
176,497
632,498
216,498
103,498
156,498
107,498
159,498
55,498
108,498
72,498
89,498
164,498
148,498
106,498
175,498
47,498
94,498
157,498
135,498
59,498
304,498
187,498
236,498
646,498
235,498
319,498
115,498
89,499
157,499
136,499
94,499
137,499
156,499
59,499
115,499
117,499
67,499
288,499
103,499
55,499
72,499
135,499
108,499
106,499
217,499
374,499
112,499
216,499
107,499
159,499
175,499
176,499
1001,500
1117,500
287,500
312,500
1277,500
54,500
322,500
1386,500
748,500
913,500
317,500
824,500
1399,500
312,501
1656,501
581,501
407,501
312,502
333,502
456,502
287,502
148,502
214,502
464,503
566,503
458,503
578,503
963,503
463,503
173,503
1596,503
460,503
1217,503
607,503
664,503
566,504
963,504
1103,504
752,504
1632,504
566,505
963,505
963,506
462,506
566,506
710,506
457,506
312,506
396,506
456,506
1759,507
174,507
463,507
1324,507
581,507
1126,507
457,507
1693,507
461,507
1694,507
1693,508
1717,508
456,508
1616,508
1476,508
331,508
581,508
1759,508
722,508
1139,508
292,509
715,509
581,509
970,509
1090,509
935,509
1215,509
1648,509
1564,509
1544,509
1464,509
1481,509
1524,509
581,510
1299,510
1193,510
944,511
899,511
1730,511
1697,511
1703,511
97,511
1038,511
247,511
839,511
940,511
941,511
942,511
838,511
920,511
943,511
835,511
1463,511
172,511
638,511
1373,511
1730,512
1694,513
460,513
899,513
1039,513
566,513
1759,513
1103,513
456,513
281,513
899,514
1326,514
1328,514
35,514
1327,514
31,514
27,514
66,514
1306,514
845,515
358,515
458,515
787,515
858,515
902,515
924,515
642,515
361,515
906,515
1472,515
905,515
477,515
752,515
1436,515
819,515
1014,515
219,516
15,516
858,516
811,516
752,516
766,516
1085,516
1718,516
1719,516
174,516
173,516
817,516
361,516
670,516
358,516
1014,516
924,516
1185,516
845,516
553,516
652,516
634,516
1195,516
763,516
547,516
1194,516
300,516
625,517
625,518
477,518
752,518
358,518
858,518
906,518
1735,519
15,519
358,519
752,519
361,519
335,519
334,519
906,519
1014,519
845,519
858,519
1629,519
819,519
116,519
539,519
19,519
300,519
752,520
338,520
858,520
15,520
359,520
178,520
611,520
819,520
676,520
899,520
706,520
584,520
1231,520
462,520
1404,520
845,520
1139,520
1780,520
906,520
335,520
1227,520
300,520
500,520
590,520
831,520
334,520
92,521
752,521
1100,521
358,521
722,521
1492,521
188,521
1360,521
906,521
1014,521
858,521
75,521
845,521
1356,521
477,521
300,521
15,521
1557,521
361,522
906,522
466,522
902,522
858,522
845,522
752,522
819,522
1014,522
15,522
300,522
358,522
477,522
904,522
1705,523
116,523
1800,523
410,523
1109,523
368,523
463,523
1255,523
292,523
368,524
625,524
1703,525
116,525
512,525
513,525
1698,525
1685,525
1689,525
509,525
1703,526
375,526
1698,526
147,526
1685,526
1139,527
1780,527
1139,528
1780,528
1788,528
1780,529
1139,529
1735,530
1139,530
1780,530
174,531
461,531
460,531
459,531
361,531
1719,531
904,531
902,531
15,531
1233,531
458,531
178,531
466,532
459,532
178,532
458,532
460,532
461,532
1718,532
457,532
174,532
1717,532
1761,532
961,532
459,533
368,534
904,534
458,534
1759,534
752,534
460,534
174,534
461,534
625,534
1719,534
178,534
904,535
458,535
943,535
944,535
831,535
1188,535
462,535
398,536
458,536
904,536
1719,536
902,536
905,536
460,536
174,536
173,536
904,537
398,537
459,537
458,537
174,537
178,537
1719,537
903,537
456,537
462,537
331,537
902,537
466,537
566,537
460,538
462,538
902,538
1719,538
1718,538
905,538
173,538
178,538
1130,539
578,539
460,539
477,539
459,539
172,539
652,539
466,539
567,539
34,539
171,539
1103,539
904,539
1719,539
905,540
460,540
398,540
178,540
300,540
394,540
963,540
457,540
831,540
1719,540
845,540
458,540
904,540
1718,540
459,540
461,540
902,540
173,540
462,540
998,540
566,540
830,540
115,540
89,540
331,540
25,540
837,540
1761,540
460,541
899,541
1718,541
1130,541
178,541
331,541
174,541
398,541
1719,541
905,541
173,541
466,541
904,541
462,542
466,542
905,542
173,542
456,542
902,542
300,542
904,542
903,542
845,542
331,542
312,543
460,543
462,543
831,543
396,543
172,543
458,543
466,543
457,543
1041,543
285,543
1039,543
398,544
963,544
460,544
396,544
458,544
936,544
566,544
462,544
1187,544
977,544
831,545
398,545
578,545
904,545
902,545
905,545
396,545
903,546
331,546
831,546
172,546
1717,546
457,546
903,547
457,547
331,547
174,547
1717,547
459,547
461,547
466,547
172,547
178,547
173,547
331,548
456,548
625,548
457,548
903,548
466,548
458,548
730,548
904,548
1717,548
566,549
963,549
903,549
466,549
457,549
456,549
902,549
903,550
1719,550
466,550
902,550
457,550
1717,550
178,550
331,550
174,550
172,550
300,550
819,550
459,551
1103,551
1632,551
796,551
1639,551
797,551
974,551
798,551
800,551
1544,551
802,551
805,551
806,551
816,551
815,551
814,551
813,551
812,551
810,551
807,551
792,551
784,551
783,551
1074,551
564,551
654,551
661,551
662,551
689,551
724,551
740,551
1397,551
750,551
754,551
774,551
776,551
778,551
779,551
780,551
744,551
764,551
719,551
1048,551
836,551
835,551
1358,551
1361,551
1560,551
487,551
1449,551
1719,551
1759,551
1355,551
335,551
334,551
32,551
1694,551
30,551
28,551
751,551
963,551
1046,551
1354,551
1645,551
839,551
1054,551
1051,551
1114,551
838,551
1115,551
1191,551
943,551
944,551
457,551
1050,551
1192,551
1193,551
1039,551
1302,551
1303,551
1307,551
942,551
1049,551
941,551
1304,551
1305,551
463,552
905,552
460,552
464,552
956,552
173,552
1103,552
1194,552
903,552
899,552
904,552
457,552
566,552
457,553
546,553
903,553
1288,553
331,553
387,553
460,553
458,553
466,553
845,553
752,554
466,554
902,554
396,554
905,554
116,554
406,554
173,554
460,554
1718,554
566,554
1759,554
963,554
456,554
904,554
456,555
902,555
466,555
460,555
905,555
1718,555
858,555
461,555
459,555
174,555
173,555
1100,556
1199,556
819,556
466,556
845,556
456,556
396,556
902,556
459,556
457,556
1103,556
956,556
1052,556
1099,556
1528,556
1555,556
1556,556
1580,556
1529,556
1719,556
1588,556
463,556
1492,556
1101,556
1509,556
1189,556
1390,556
1440,556
1450,556
1456,556
1227,556
456,557
466,557
904,557
1718,557
905,557
902,557
460,557
331,557
459,557
173,557
174,557
1719,557
396,558
902,558
362,558
456,558
172,558
331,558
459,558
1717,558
398,558
899,558
458,558
1222,558
52,558
25,558
396,559
460,559
459,559
456,559
902,560
173,560
312,560
397,560
172,560
1718,560
1719,560
466,560
459,560
456,560
396,560
905,560
399,561
1718,561
396,561
456,561
466,561
902,561
728,562
883,562
1185,562
1033,562
1062,562
1587,563
365,563
883,563
1463,563
166,563
899,563
393,563
1587,564
584,564
1730,564
1582,564
113,564
437,565
1479,565
834,565
1479,566
437,566
834,566
140,566
733,566
883,567
834,567
50,567
1495,567
878,567
1240,567
1178,567
834,568
1291,568
510,568
1470,569
450,569
206,569
437,569
642,569
398,569
1061,569
1523,569
140,569
1479,569
151,569
1067,569
1079,569
1073,569
803,569
1063,569
1075,569
1470,570
1079,571
1073,571
1470,571
1063,571
62,571
1075,571
1061,571
619,571
1489,571
409,571
1067,571
722,571
31,571
32,571
955,571
1193,571
1038,571
1054,571
953,571
1061,572
1079,572
1073,572
1075,572
1067,572
1063,572
1470,572
1703,573
1061,573
1075,573
437,573
1073,573
1067,573
1341,573
1470,573
873,573
1063,573
1479,573
434,573
511,573
1079,573
1558,573
830,573
229,573
1697,573
434,574
1079,575
1063,575
1061,575
1067,575
1075,575
1073,575
711,575
1473,575
719,575
437,575
1061,576
1073,576
1075,576
1114,576
1067,576
1063,576
619,576
641,576
1079,576
466,576
1115,576
803,576
1470,576
1369,576
1689,577
1698,577
1697,577
1685,577
192,577
512,578
1698,578
1689,578
619,578
192,578
62,578
192,579
1698,579
1253,579
1703,579
1604,579
878,579
1583,579
1697,579
1685,579
1698,580
192,580
511,580
1143,580
512,581
513,581
1685,581
1697,581
511,581
513,582
1685,582
511,582
1447,582
509,582
1698,582
1703,582
512,582
1697,582
1689,582
1697,583
1685,583
512,583
511,583
1685,584
371,584
543,584
1067,584
1355,584
1697,584
1096,585
711,585
281,585
1096,586
1689,586
1649,586
711,586
1222,586
629,586
1321,586
1149,586
651,586
638,587
951,587
1047,587
1286,587
154,587
256,587
638,588
707,588
442,588
1600,589
619,589
62,589
525,589
524,589
1600,590
455,591
62,591
619,591
822,591
619,592
1329,592
1175,592
62,592
1318,592
622,593
557,593
1148,593
1160,593
840,593
1176,593
842,593
1085,593
1186,593
1530,593
1442,593
1000,593
758,593
832,593
1479,593
1684,593
1085,594
1026,594
832,594
1730,594
1186,594
842,594
429,594
1160,594
1496,594
1342,594
1322,594
1134,594
1116,594
1051,594
961,594
891,594
889,594
816,594
1047,594
557,594
840,594
751,594
1684,594
622,595
1706,595
794,595
1085,595
840,595
1684,595
1615,596
206,596
1471,596
557,596
126,596
536,596
220,596
1085,596
99,596
290,596
97,596
1186,596
840,596
1684,596
622,596
1160,596
449,596
532,596
842,596
1375,596
557,597
1085,597
1186,597
622,597
1148,597
1654,597
842,597
832,597
840,597
1160,597
1684,597
1611,598
1085,598
840,598
1160,598
1684,598
557,598
842,598
622,598
1085,599
840,599
842,599
80,599
290,599
752,599
338,599
1160,599
1729,599
500,599
1286,599
1684,599
542,599
429,599
677,599
821,599
1726,599
1601,599
756,599
1420,599
1114,599
1115,599
1373,599
1085,600
840,600
1148,600
1160,600
1634,600
557,600
370,600
346,600
721,600
1119,600
1186,600
1439,600
1633,600
1026,600
1611,600
832,600
622,600
714,601
1240,601
269,602
915,602
84,602
714,602
23,602
80,602
200,602
1582,602
1332,602
393,602
707,602
365,602
1085,602
842,602
353,602
643,603
1306,603
579,603
1401,603
15,603
777,603
1750,603
973,603
1419,603
300,603
301,603
361,603
405,603
541,603
612,603
641,603
698,603
1402,603
281,603
1538,603
1069,603
1569,603
1296,603
1214,603
827,603
796,603
429,603
1404,603
1175,603
417,603
74,604
1696,604
1446,604
429,604
353,604
421,604
80,604
196,604
1573,604
1572,604
1497,604
1387,604
1649,604
1271,604
23,604
1150,604
205,604
200,604
1652,604
1581,604
895,604
742,604
501,604
1081,604
1176,604
832,604
1176,605
200,605
429,605
1240,605
80,605
1446,605
23,605
74,605
353,605
1696,605
449,605
898,605
404,605
319,605
217,605
179,605
1148,605
66,605
52,605
47,605
677,605
348,605
225,605
163,605
429,606
200,606
349,606
1176,606
260,606
1085,606
351,606
1463,606
545,606
1446,606
604,606
557,606
703,606
1114,606
80,606
1066,606
449,606
433,606
23,606
353,606
787,606
429,607
415,607
353,607
200,607
1002,607
1446,607
80,607
1696,607
1176,607
75,607
74,607
23,607
998,607
395,607
465,607
1176,608
1696,608
80,608
1747,608
1446,608
429,608
353,608
51,608
972,608
1148,608
75,608
735,608
633,608
200,608
1085,608
840,608
1009,608
1151,608
74,608
154,608
1160,608
615,608
1186,608
974,608
1042,609
972,609
677,609
454,609
225,609
91,609
158,609
1286,609
351,609
341,609
220,609
1243,609
1375,609
615,609
126,609
154,609
1645,609
714,609
449,610
972,610
126,610
454,610
158,610
154,610
91,610
351,610
225,610
1286,610
1253,610
615,610
595,610
220,610
163,610
677,610
404,610
341,610
376,610
974,610
1455,611
341,611
154,611
878,611
126,611
220,611
595,611
974,611
376,611
163,611
677,611
351,611
404,611
1286,611
1253,611
869,611
1517,611
158,611
908,611
1255,611
967,611
974,612
292,612
972,612
713,612
747,612
818,612
1481,612
1780,612
1290,612
595,612
1304,612
1300,612
1307,612
832,612
341,612
1286,612
1566,612
351,612
1716,612
72,612
454,612
615,612
158,612
163,612
518,613
97,613
158,613
677,613
595,613
225,613
332,613
126,613
163,613
1649,613
154,613
1436,613
351,613
972,613
449,613
376,613
803,614
126,614
449,614
351,614
532,614
341,614
446,614
595,614
615,614
404,614
1730,614
864,614
154,614
454,614
158,614
920,614
118,614
1253,614
1576,615
1195,615
1710,615
1194,615
454,615
972,615
642,615
163,615
126,615
1286,615
376,615
341,615
615,615
1082,615
404,615
351,615
1253,615
158,615
410,615
1053,615
220,615
524,615
98,615
972,616
353,616
158,616
677,616
615,616
404,616
154,616
376,616
163,616
220,616
126,616
454,616
974,616
449,616
1286,616
1253,616
1446,616
225,616
1757,617
132,617
1611,617
1786,618
1237,618
615,618
1757,618
163,618
351,618
404,618
126,618
972,618
1744,618
1109,618
1611,618
454,618
220,618
1286,618
1510,619
1729,619
438,619
1090,619
505,619
279,619
1611,619
163,619
677,619
880,619
1144,619
1726,619
1412,619
234,619
1614,619
220,619
1561,619
615,619
158,619
1611,620
1601,620
1300,620
659,620
1544,620
719,620
1582,620
1708,621
126,621
351,621
1609,621
676,621
1051,621
158,621
163,621
615,621
404,621
974,621
972,621
78,621
870,622
59,622
713,622
136,622
1056,622
747,622
595,623
220,623
1807,623
1253,623
449,623
615,623
341,623
972,623
404,623
376,623
351,623
158,623
163,623
154,623
454,623
870,624
475,624
527,624
898,624
1057,624
1286,624
454,624
129,624
449,624
1253,624
126,624
615,624
1144,624
972,624
1608,625
622,625
703,625
309,625
832,625
1588,625
97,625
680,625
557,625
1555,625
206,625
721,625
1166,625
604,625
840,625
74,625
80,625
842,625
1464,625
1199,625
277,625
1756,625
129,625
1185,625
870,625
290,625
704,625
1085,625
277,626
604,626
309,626
23,626
1495,626
307,626
75,626
277,627
642,627
1582,627
1495,627
704,627
803,627
80,627
703,627
309,627
604,627
1677,628
441,628
552,628
1695,628
660,628
655,628
1670,628
660,629
655,629
293,629
611,629
661,629
273,629
1229,629
997,630
1795,630
1695,630
277,630
1797,630
1695,631
703,631
1680,632
1250,632
545,632
349,632
307,632
451,632
211,633
493,633
451,633
1144,634
1797,634
1795,634
712,634
704,634
599,634
1797,635
1795,635
442,635
1144,635
791,635
352,636
1792,636
1773,636
1782,636
1144,636
1182,636
1782,637
1785,637
1777,637
1670,637
576,637
1675,637
957,637
769,638
1144,638
382,638
370,638
1562,638
1676,639
340,639
141,640
465,640
559,640
803,640
1793,640
1790,640
142,640
415,640
711,640
140,640
314,640
1794,640
415,641
465,641
559,641
66,641
749,641
711,642
415,642
559,642
465,642
348,642
711,643
393,643
127,643
559,643
803,643
1805,644
1495,644
559,644
415,644
569,644
465,644
98,644
437,644
1560,644
1558,644
1113,644
1596,644
559,645
345,645
465,645
440,645
410,645
277,645
380,645
1185,645
559,646
1188,646
1120,646
465,646
415,646
1479,646
1582,646
707,646
273,646
437,646
733,646
415,647
1267,647
559,647
465,647
1310,647
1078,647
1470,647
1428,647
1666,647
547,647
1190,647
1436,647
1373,647
1199,647
1793,648
89,648
1582,648
1790,649
206,649
1478,649
58,649
1428,649
1793,649
1598,649
364,649
309,649
99,649
951,649
69,650
412,650
1709,650
410,650
1623,650
1709,651
989,651
1793,651
409,651
937,651
977,651
669,651
803,652
1373,652
1775,652
1175,652
342,653
314,653
1240,653
803,653
1730,653
465,653
704,653
1554,654
1065,654
803,654
803,655
1373,655
51,655
465,655
1337,655
1226,656
1123,656
295,656
620,656
1240,656
634,656
1388,656
1339,657
458,657
174,657
578,657
295,657
461,657
904,657
295,658
167,659
6,659
1390,659
1304,659
171,659
909,660
804,660
1531,660
1055,660
1612,660
252,660
560,660
295,660
1145,660
483,660
208,661
209,661
1262,661
402,662
209,662
495,662
110,663
455,663
274,663
576,663
576,664
325,664
624,664
1008,664
634,664
1182,664
1182,665
1715,665
1713,665
624,666
1008,666
284,667
1695,667
16,667
491,667
270,667
57,667
455,667
325,667
576,667
276,668
1695,668
343,668
1182,668
591,668
1482,668
576,668
284,668
16,669
125,669
1061,669
515,669
1008,669
827,669
1109,669
878,669
1008,670
1743,671
1731,671
594,671
1738,671
1713,671
785,671
594,672
1690,672
1270,672
624,672
1731,672
1691,672
1746,672
1728,672
1436,672
826,673
1454,673
1029,673
1796,673
1731,673
1713,673
971,673
1731,674
448,674
1003,675
1031,675
958,675
1743,675
1031,676
1003,676
1367,676
928,677
408,677
790,677
1743,677
624,677
601,677
634,677
1269,677
1031,677
1052,677
1149,677
1287,677
1514,677
1567,677
1743,678
865,679
875,679
1029,679
875,680
1715,681
1713,681
844,681
274,681
307,681
1029,681
875,681
1195,681
1232,681
865,681
621,681
1029,682
274,683
1663,683
549,683
1635,683
330,683
229,683
39,683
44,683
274,684
1715,685
1715,686
1663,686
1713,686
321,687
1690,687
1691,687
1722,688
1724,688
1722,689
1770,689
1728,689
1767,689
709,689
1695,690
340,690
1691,690
1690,690
1746,691
1626,692
349,692
155,692
1700,692
85,692
790,692
17,692
11,692
0,692
1722,692
1691,692
1350,693
1690,693
155,693
1695,693
957,693
1722,693
1626,693
274,693
1704,694
1667,694
73,695
95,695
1454,695
1742,695
1741,695
971,695
1740,695
1179,695
1667,696
658,696
1787,696
106,696
1700,696
1667,697
1670,698
1785,698
1675,698
1196,698
1579,698
293,698
1011,698
1132,698
1150,698
1713,698
1179,698
1182,698
1550,698
1407,698
1675,699
565,700
31,700
32,700
95,701
565,701
523,701
1770,701
42,701
617,701
525,701
1746,702
6,702
75,702
1454,702
971,702
617,702
448,702
17,702
11,702
1755,702
1375,702
74,702
0,702
1176,702
785,702
491,702
878,702
971,703
0,703
17,703
1722,703
790,703
1709,704
1373,704
1701,704
0,704
59,704
589,704
489,704
61,704
214,704
60,704
17,704
216,704
919,704
491,704
284,704
47,704
1454,704
1581,704
11,705
17,705
0,705
389,706
1709,706
971,706
202,706
491,706
844,706
624,706
1739,706
377,706
491,707
85,707
11,708
202,708
1728,708
389,708
1675,708
131,708
617,709
1755,709
1728,710
1270,710
448,710
844,710
1667,710
785,710
1728,711
1625,711
448,711
1143,711
617,711
1270,711
491,711
338,711
1367,712
1742,712
1008,712
822,712
1806,712
1667,712
1713,712
825,712
580,712
925,712
1270,712
11,712
227,713
1802,713
1714,713
1667,713
1755,713
1806,713
753,713
1716,713
1252,714
844,714
448,714
617,714
1755,714
448,715
1270,715
1538,715
844,715
1728,715
34,715
971,715
1741,715
227,716
1755,717
181,718
70,718
182,718
1724,718
179,718
1801,718
901,718
417,718
216,718
580,718
70,719
1728,719
1801,719
1724,719
1270,719
901,720
580,720
70,720
1801,720
580,721
1624,722
1598,722
70,722
1368,722
1624,723
1750,723
1598,723
342,724
1624,724
342,725
70,725
1712,725
1751,725
1268,726
713,726
1063,726
1268,727
1434,727
599,727
1657,727
713,727
1121,727
1688,727
1467,727
713,728
44,728
713,729
605,729
790,729
1712,729
1700,729
157,729
1725,729
1398,729
1434,729
1441,729
448,729
1597,729
319,729
135,729
1700,730
1268,730
1725,731
448,731
1712,731
1724,731
70,731
1700,731
790,731
1728,731
1751,731
1756,731
1667,731
822,731
1670,731
1785,731
1787,732
1751,732
1712,732
1700,732
1268,732
901,732
1368,732
1657,732
1751,733
970,733
1802,734
374,734
971,734
594,734
517,735
621,735
774,735
753,735
1410,735
1802,735
600,735
806,735
994,735
753,736
1248,736
35,736
1668,737
1623,737
753,737
204,737
1806,737
971,737
1046,737
1744,737
1039,737
627,737
1746,737
790,738
1743,738
448,738
844,738
1624,738
70,738
1802,738
777,739
96,739
150,739
120,739
166,739
790,739
390,739
936,739
1066,739
1069,739
229,739
1541,739
920,739
93,739
1724,739
1438,740
1724,740
1779,740
1642,740
753,740
85,740
1724,741
790,741
467,742
64,742
292,742
1642,743
93,743
1779,743
69,743
790,743
64,743
150,743
903,743
1722,743
1642,744
1779,744
1122,744
1779,745
1642,745
644,746
644,747
68,747
1777,747
1670,747
619,747
120,747
166,747
39,747
359,747
1691,748
352,748
1667,748
957,748
644,748
1251,748
64,748
1161,748
1690,748
69,749
726,749
1484,749
1456,749
644,749
1481,749
422,749
1579,749
1035,749
1322,749
1234,749
1078,749
1082,749
1248,749
1052,749
1113,749
1124,749
1187,749
1249,749
1229,749
1027,749
1647,749
188,749
548,749
551,749
1030,749
1191,749
1066,749
1192,749
395,750
550,750
1588,750
1080,750
1060,750
706,750
1396,750
805,750
1506,750
1315,750
1505,750
474,750
1562,750
271,750
165,750
634,750
1440,750
824,750
1311,750
1386,750
418,750
1109,750
1629,750
628,750
1409,750
303,750
1449,750
1489,750
344,750
1640,750
1151,750
854,750
1532,750
1298,750
347,750
986,750
1566,750
1389,750
758,750
1634,750
564,750
525,750
1277,750
1533,750
326,750
533,750
662,750
770,750
1280,750
916,750
1288,750
1578,750
863,750
864,750
859,750
94,750
1364,750
860,750
1324,750
1295,750
1333,751
504,751
508,751
766,751
778,751
369,751
922,751
964,751
551,751
1404,751
738,751
807,751
755,751
607,751
297,751
1436,751
1729,751
1057,751
856,751
739,751
330,751
166,751
771,751
931,751
876,751
792,751
1394,751
500,751
531,751
1518,751
664,751
749,751
465,751
1094,751
989,751
860,751
44,751
303,751
1373,751
1593,752
1386,752
1118,752
824,752
1161,752
1137,752
748,752
1314,752
1175,752
1372,752
667,752
1634,752
122,752
1323,752
935,752
1562,752
1251,752
1244,752
1074,752
893,752
553,752
523,752
925,752
1031,752
1744,752
1623,752
448,752
504,752
790,752
360,752
485,752
250,752
239,752
217,752
54,752
289,752
616,752
1001,752
1521,752
1653,752
1053,752
452,753
1143,753
50,753
418,753
452,754
998,754
445,754
1349,754
119,754
729,754
737,754
760,754
1456,754
947,754
1514,754
859,754
474,754
1208,754
210,754
558,754
1083,754
1035,754
964,754
1325,754
447,754
1772,754
979,754
1414,754
916,754
1023,754
872,754
765,754
1450,754
1187,754
1000,754
476,754
1056,754
417,754
1754,755
1175,755
1753,755
334,755
1279,755
1581,755
670,755
1249,755
1164,756
1220,756
1571,756
169,756
945,756
1341,756
947,756
1318,756
1332,756
593,756
949,756
90,756
259,756
610,756
637,756
734,756
1221,756
1329,756
1411,756
1430,756
1496,756
1519,756
240,756
1102,756
750,756
1162,756
500,756
583,756
1202,756
1203,756
1419,756
1517,756
1288,756
1289,756
292,756
1110,756
510,756
737,756
1608,756
1040,756
1488,756
1444,756
409,756
1310,756
1349,756
1363,757
878,757
1408,757
1229,757
547,757
1774,757
918,757
1735,757
1648,757
880,757
1399,757
54,757
165,757
299,757
828,757
874,757
767,757
1296,757
1295,757
729,757
654,757
621,757
369,757
1315,757
108,757
1334,757
1335,757
1416,757
1449,757
1540,757
1568,757
1739,757
2,757
1228,757
516,757
1569,757
534,757
515,757
1423,757
1549,757
1377,757
1371,757
1111,757
977,757
1442,757
443,757
827,757
820,757
510,757
1030,757
986,757
1475,757
634,757
962,757
610,757
1709,757
1189,757
1173,757
609,757
1311,757
939,757
892,757
774,757
1611,757
798,757
770,757
792,757
1006,757
796,757
338,757
1297,757
1369,757
1719,757
1630,757
1451,757
249,757
291,757
322,757
1233,757
1345,757
638,757
951,757
1364,757
1621,757
945,757
913,757
837,757
350,757
1645,757
1374,757
1629,757
1210,757
1580,757
1464,757
360,757
1530,757
1593,757
1523,757
1509,757
1431,757
1418,757
821,757
1409,757
1338,757
1455,757
1389,757
1275,757
847,757
886,757
715,757
1342,757
975,757
948,757
1552,757
1002,757
1212,757
1341,757
1332,757
1414,758
1451,758
1455,758
1457,758
913,758
1482,758
1519,758
1522,758
54,758
1529,758
1271,758
452,758
824,758
411,758
1011,758
1407,758
1572,758
1671,758
1387,758
1404,758
1215,758
1379,758
1369,758
2,758
1753,758
292,758
1374,758
1372,758
1277,758
1249,758
817,758
816,758
814,758
776,758
1380,758
766,758
692,758
610,758
539,758
523,758
326,758
1001,758
1312,758
165,758
694,758
1596,758
1097,758
1386,759
1097,759
1408,759
471,759
1477,759
1312,759
1569,759
54,759
1309,759
692,759
694,759
1175,759
1223,759
1126,759
1036,759
913,759
1001,759
1380,759
1514,759
1275,759
563,759
1325,759
542,759
1372,759
1238,759
585,759
240,759
292,759
1422,759
1440,759
1475,759
558,759
1484,759
1471,759
628,759
1109,759
734,759
395,759
1571,759
816,759
824,759
651,759
967,759
165,759
1213,759
754,759
786,759
504,759
1310,759
656,759
484,759
531,759
473,759
25,759
1321,759
482,759
960,759
962,759
869,759
828,759
1006,759
1052,759
985,759
1035,760
611,760
616,760
1331,760
1175,760
1001,760
1060,760
1745,760
626,760
1011,760
942,760
941,760
1386,760
290,760
711,760
710,760
796,760
984,760
224,760
631,760
1037,760
278,760
676,760
1255,760
1530,760
1448,760
1417,760
1364,760
8,760
1293,760
642,760
440,760
488,760
569,760
1173,760
1089,760
556,760
650,760
1340,760
643,760
1036,760
575,760
1118,760
1220,760
1149,760
1756,760
1256,760
548,760
561,760
357,760
413,760
1648,760
1310,760
797,760
572,760
1188,760
1307,760
1119,760
860,761
280,761
1184,761
1087,761
322,761
1113,761
347,761
1097,761
536,761
700,761
1006,761
754,761
964,761
919,761
692,761
969,761
503,761
1457,761
1241,761
1147,761
1047,761
292,761
237,761
445,761
1118,761
372,761
1119,761
1102,761
297,761
418,761
1099,761
223,761
1277,761
980,761
841,761
1310,761
564,761
1533,761
1299,761
1518,761
1414,761
1138,761
848,761
1366,761
828,761
1229,761
484,761
986,761
539,761
1149,761
857,761
623,761
1443,761
316,761
525,761
322,762
1410,762
1362,762
860,762
1351,762
778,762
237,762
1374,762
443,762
317,762
312,762
667,762
796,762
316,762
413,762
692,762
297,762
607,762
418,762
1301,762
44,762
1608,762
1440,762
1175,762
1373,762
1318,762
280,762
1121,763
1551,763
1277,763
687,763
1062,763
830,763
26,763
1028,763
1180,763
322,763
799,763
692,763
735,763
736,763
1087,763
1227,763
297,763
443,763
336,763
1414,763
1257,763
71,763
640,763
1316,763
418,763
805,763
476,763
1391,763
962,763
1232,763
1443,763
1539,763
1545,763
1610,763
357,763
320,763
317,763
157,763
586,763
607,763
632,763
754,763
1290,763
280,763
1185,763
228,763
860,763
214,763
1457,763
1591,763
222,763
237,763
289,763
1530,763
919,763
1369,763
1314,763
354,763
1258,763
1467,763
659,764
527,764
1311,764
1458,764
473,764
322,764
1006,764
443,764
750,764
771,764
1338,764
183,764
1588,764
1651,764
910,764
516,764
692,764
632,764
561,764
1277,764
646,764
1121,764
418,764
770,764
1363,764
853,764
99,764
222,764
239,764
1167,764
506,764
496,764
969,764
993,764
1264,764
1348,764
317,764
484,764
1070,765
1141,765
632,765
588,765
892,765
1251,765
871,765
982,765
986,765
1576,765
1586,765
931,765
671,766
1669,766
962,766
499,766
666,766
650,766
1349,766
517,766
519,766
1000,766
1359,766
1004,766
1251,766
474,766
1298,766
547,766
1297,766
938,766
1524,766
210,766
1107,766
1409,767
871,767
431,767
395,767
400,767
67,767
376,767
1349,767
519,767
1448,767
569,767
1517,767
571,767
1596,767
1168,767
772,767
507,767
1142,767
740,767
1629,767
319,767
316,767
670,767
1443,767
1015,767
656,767
474,767
210,767
1437,767
234,767
525,767
533,767
592,767
947,767
1377,767
1542,767
673,767
400,768
431,768
1215,768
909,768
1198,768
1505,768
1612,768
377,768
1107,769
1435,769
659,769
588,769
1174,769
1547,769
1524,769
1516,769
377,769
1430,769
1251,769
1304,769
345,769
556,769
1011,769
1387,769
1649,769
711,769
1720,769
415,769
1141,769
1774,769
611,769
670,769
1528,769
744,769
438,769
1248,769
1362,769
245,769
695,769
145,769
84,769
354,769
72,769
892,769
779,769
847,769
864,769
1489,769
1283,769
1282,769
1209,769
1203,769
1185,769
1176,769
1000,769
973,769
951,769
939,769
917,769
874,769
872,769
869,769
107,769
56,769
525,769
333,769
918,769
1580,769
899,769
8,769
1701,769
1709,769
1580,770
1531,770
1468,770
588,770
623,770
1300,770
1162,770
1251,770
1533,770
1185,770
1289,770
1272,770
1161,770
922,770
561,770
350,770
371,770
469,770
473,770
515,770
1528,770
1275,770
547,770
823,770
945,770
993,770
1071,770
1083,770
539,770
1466,770
1595,770
1610,770
1383,770
551,770
1183,770
1418,770
758,770
1455,770
739,770
1007,770
1119,770
1122,770
1173,770
1392,770
1393,770
1630,770
1588,770
1464,770
1559,770
1481,770
1512,770
1518,770
1529,770
1524,770
1451,770
1425,770
1404,770
1388,770
1124,770
1091,770
1019,770
1210,770
1221,770
1223,770
1282,770
1283,770
1000,770
1285,770
1522,770
1290,770
907,770
654,770
1331,770
1363,770
1364,770
1372,770
629,770
1374,770
998,770
735,770
1520,770
1169,770
1166,770
1115,770
1114,770
1045,770
1044,770
1043,770
1022,770
977,770
964,770
943,770
942,770
760,770
1193,770
1194,770
1195,770
1519,770
1482,770
1011,770
610,770
291,770
745,770
744,770
743,770
702,770
701,770
687,770
768,770
635,770
592,770
354,770
271,770
252,770
633,770
800,770
887,770
1088,770
820,770
572,770
1440,770
1569,770
1551,770
802,770
1441,770
1334,770
1262,770
1229,770
1126,770
984,770
1410,770
571,770
1744,770
1231,771
222,771
659,771
631,771
1251,771
1359,771
773,771
551,771
1039,771
1566,771
1387,771
1016,771
1639,771
1539,771
1477,771
1475,771
223,771
1220,771
1175,771
1140,771
689,771
951,771
889,771
888,771
887,771
886,771
792,771
696,771
695,771
691,771
922,771
760,771
1301,771
973,771
680,771
883,771
630,771
1587,771
684,771
365,771
981,771
1266,771
1210,771
588,771
162,771
1576,771
533,771
360,771
859,772
1129,772
1134,772
1314,772
815,772
781,772
988,772
1116,772
745,772
165,772
659,772
540,772
354,772
482,772
611,772
648,772
824,772
691,772
1312,772
760,772
913,772
694,772
271,772
1386,772
1330,772
1311,772
266,772
1411,772
237,772
1435,772
1471,772
1499,772
1528,772
1629,772
54,772
1221,772
645,772
482,773
256,773
892,773
629,773
1463,773
494,773
1080,773
471,773
1236,773
1263,773
1299,773
1404,773
1409,773
1539,773
1542,773
1629,773
1631,773
506,773
551,773
611,773
862,773
1341,773
1025,773
1323,773
1411,773
271,773
907,773
1106,773
1256,773
695,773
66,773
266,773
978,773
1744,773
30,773
41,773
878,773
1072,773
981,773
496,773
238,773
288,773
645,774
471,774
395,774
391,774
892,774
990,774
993,774
1106,774
1340,774
1187,774
238,774
484,774
1625,774
234,774
770,774
473,774
919,774
1320,774
1315,774
537,774
523,774
1509,774
989,774
1036,774
661,774
744,774
667,774
524,774
1099,774
1101,774
1314,774
656,774
722,774
766,774
859,774
482,774
1112,774
676,774
391,775
647,775
1412,775
1503,775
1452,775
888,775
1138,775
65,775
196,775
659,775
1390,776
391,776
25,776
322,776
954,776
1118,776
418,776
757,776
144,776
375,776
957,776
1519,776
16,777
591,777
260,777
607,777
750,777
1633,777
276,777
1052,777
722,777
413,777
508,777
525,777
1456,777
767,777
662,777
1213,777
919,777
616,777
344,777
1640,777
645,777
689,777
1634,777
1632,777
1631,777
813,777
1231,777
1289,777
1318,777
892,777
1099,777
609,777
486,777
1243,777
488,777
696,777
1255,777
1017,777
1180,777
539,777
1294,777
490,777
872,777
1211,777
1520,777
216,777
980,777
469,777
531,777
1422,777
218,777
700,777
1329,777
1505,777
1594,777
1402,777
839,778
30,778
1188,778
1754,778
527,778
1307,778
500,778
1192,778
31,778
1115,778
1129,778
1206,778
1639,778
516,778
722,778
1039,778
1041,778
806,778
967,778
651,778
1740,778
966,778
534,778
1088,778
628,778
981,778
166,778
1266,778
737,778
1290,779
1276,779
1258,779
1287,779
1292,779
1278,779
891,779
706,779
1257,779
1242,779
1236,779
1228,779
1221,779
1214,779
1208,779
1169,779
729,779
1168,779
1167,779
519,779
1294,779
1199,779
1314,779
1156,779
490,779
240,779
1648,779
242,779
598,779
600,779
614,779
629,779
634,779
640,779
656,779
1264,779
1621,779
1610,779
1607,779
1325,779
1384,779
1388,779
1396,779
1408,779
1432,779
1439,779
1442,779
1458,779
1465,779
1485,779
1524,779
1111,779
1547,779
1567,779
1309,779
1151,779
975,779
812,779
1019,779
962,779
1416,779
1645,779
1561,779
1468,779
1089,779
210,779
271,779
316,779
473,779
503,779
505,779
521,779
523,779
248,779
524,779
1410,779
1274,779
1363,779
1529,779
1319,779
685,779
1218,779
841,779
1173,779
1480,779
1142,779
1129,779
1205,779
533,779
561,779
755,779
977,779
986,779
1007,779
1013,779
1059,779
1099,779
344,779
1108,779
931,779
1056,779
958,779
917,779
873,779
610,779
863,779
775,779
762,779
758,779
626,779
633,779
635,779
691,779
715,779
736,779
740,779
774,779
816,779
820,779
817,779
866,779
877,779
1402,779
1464,779
1298,779
966,779
1597,779
1417,779
763,779
628,779
1247,779
1241,779
1254,779
1421,779
1449,779
1512,779
1619,779
1409,779
850,779
849,779
673,779
1102,779
1101,779
1087,779
985,779
927,779
483,779
648,779
687,779
745,779
801,779
802,779
1330,779
1450,779
1187,779
1430,779
1333,779
1321,779
1332,779
1316,779
1093,779
1310,779
1243,779
1162,779
1296,779
1018,779
1183,779
517,779
1118,779
1185,779
1195,779
657,779
674,779
1116,779
1134,779
1224,779
1137,779
1136,779
1119,779
645,779
1359,779
1140,779
445,779
882,779
964,779
1444,779
1443,779
1133,779
1391,779
1106,779
1201,779
1113,779
372,779
528,780
1458,780
607,780
346,780
1421,780
531,780
1480,780
736,780
966,780
1070,780
1083,780
1490,780
1531,780
1156,780
1394,780
1316,780
1559,780
692,780
1439,780
1408,780
469,780
1422,780
1416,780
1533,780
1442,780
322,780
1481,780
521,780
1278,780
1162,780
43,780
1456,780
1440,780
497,780
501,780
1570,780
1363,780
1619,780
1593,780
1465,780
1285,780
1629,780
259,780
1516,780
222,780
664,780
1607,780
371,780
1611,780
1396,780
320,781
967,781
1334,781
1384,781
985,781
271,781
1131,781
1279,781
1529,781
1388,781
1210,781
1319,781
1471,781
1521,781
1248,781
1243,781
1415,781
1009,781
968,781
360,781
1154,781
1264,781
239,781
234,781
766,781
403,781
605,781
657,781
1275,781
1140,781
980,781
1341,781
1215,781
1230,781
1400,781
966,781
1518,781
1220,781
1534,781
1647,781
1516,781
525,781
476,781
1024,781
611,781
738,781
1491,781
1019,781
1546,781
1499,781
1398,781
1228,781
1343,782
1183,782
240,782
1208,782
1499,782
1505,782
1112,782
1228,782
1243,782
1400,782
1420,782
1455,782
242,782
973,782
1301,782
1240,782
1133,782
964,782
291,782
1217,782
1353,782
481,782
908,782
593,782
979,782
989,782
1119,782
281,782
1349,782
1347,782
1425,782
1134,782
1468,782
1542,782
1343,783
281,784
319,784
292,784
1414,784
569,784
1206,784
484,784
1028,784
306,784
1359,784
1518,784
55,784
281,785
1293,785
319,785
46,785
1538,785
34,785
338,785
289,786
1466,786
1359,786
701,786
1200,786
320,786
1121,786
169,786
281,786
1164,786
326,786
1165,786
1138,786
1488,786
1544,786
453,786
702,786
1496,786
1166,786
687,786
1393,786
1341,786
1535,786
785,786
685,786
1288,786
1210,786
486,786
691,786
327,786
1296,786
1129,786
240,786
696,786
700,786
1400,786
1552,786
1595,786
1474,786
187,786
372,787
316,787
1647,787
1021,787
156,787
1142,787
259,787
798,787
1185,787
1202,787
796,787
1210,787
291,787
1588,787
1299,787
685,787
667,787
691,787
240,787
1296,787
1474,787
1169,787
1324,787
1643,787
1227,787
1440,787
1449,787
970,787
1634,787
873,787
292,787
979,787
1147,787
536,787
1392,787
1329,787
1590,787
1455,787
1314,787
1257,787
1280,787
1275,787
628,787
607,787
1279,787
320,787
1594,787
1628,788
585,788
539,788
1640,788
210,788
214,788
632,788
1391,788
1633,788
670,788
260,788
667,788
1619,788
367,788
1628,789
1180,790
1202,790
238,790
680,790
1166,790
853,790
754,790
675,790
1450,790
1341,790
1175,790
667,790
1396,790
240,790
1472,790
952,790
1467,790
1290,790
1229,790
417,790
847,790
1013,790
413,790
662,790
403,790
533,790
1161,790
1448,790
536,790
1607,790
1575,790
210,790
1630,790
1443,790
1615,790
547,790
228,790
336,790
1634,790
505,790
1435,790
1455,790
1391,790
1415,790
1124,790
1175,791
1352,791
1333,791
1578,791
417,791
1185,791
630,791
1329,791
833,791
1234,791
503,791
758,791
523,791
531,791
750,791
1264,791
542,791
1393,791
1392,791
547,791
1111,791
1318,791
403,791
1443,791
438,791
1016,791
1040,791
1332,791
1341,791
1255,791
908,791
1456,791
584,791
645,791
1233,791
682,791
721,791
1403,791
1419,791
727,791
1459,791
1346,791
1296,791
951,791
447,791
1643,791
720,792
1614,792
830,792
978,792
1341,792
1264,792
1233,792
1210,792
1175,792
1080,792
531,792
964,792
798,792
1398,792
562,792
1202,792
837,792
738,792
66,792
618,792
1187,792
778,792
645,792
8,792
1533,792
1151,792
1126,792
476,792
28,792
279,792
35,792
1199,792
662,792
1524,792
1332,792
1380,792
1101,792
1455,792
1400,792
525,792
751,792
1377,792
1201,792
754,792
960,792
1396,792
234,792
395,792
623,792
626,792
605,792
1459,792
736,792
1499,792
996,792
987,792
825,792
10,792
9,792
967,792
1537,792
1388,792
1507,792
1464,792
1420,792
1382,793
1566,793
754,793
1518,793
758,793
1372,793
1229,793
1283,793
1232,793
561,793
1415,793
1020,793
525,793
1112,793
1213,793
667,793
1007,793
616,793
1449,793
524,793
938,793
724,793
723,793
523,793
1594,793
522,793
1398,793
1082,793
1231,793
1444,793
939,793
760,793
661,793
1419,793
645,793
1083,793
534,793
417,793
884,793
766,793
592,793
607,793
1218,793
1285,793
1201,793
872,793
797,793
1359,793
553,793
515,793
510,793
1559,793
508,793
445,793
827,793
1466,793
260,794
506,794
626,794
1608,794
1414,794
403,794
1201,794
631,794
1118,794
271,794
645,794
316,794
1466,794
494,794
883,794
744,794
1518,794
1522,794
755,794
1229,794
524,794
533,794
409,794
250,794
1289,794
260,795
401,795
281,795
379,795
256,795
413,795
1457,795
1520,795
878,795
1523,795
1062,796
1519,796
739,796
1127,796
1033,796
224,796
1208,796
949,796
1168,796
1520,796
1393,796
1337,796
393,796
1373,796
1385,796
1062,797
41,797
328,797
1127,797
28,797
1407,797
680,797
777,797
330,797
9,797
10,797
26,797
1032,798
1037,798
1489,798
1117,798
1520,798
1559,798
360,798
1022,798
1080,798
1396,798
447,798
1062,798
336,798
1205,798
292,798
1647,798
1398,798
582,798
1127,798
764,798
1332,798
1322,798
1083,798
1131,798
1137,798
1234,798
1256,798
1633,798
1404,798
525,798
521,798
1313,798
873,798
634,798
877,798
1411,799
887,799
1062,799
1241,799
1087,799
912,799
1256,799
1640,799
763,799
525,799
1052,799
1213,799
1341,799
1080,799
1187,799
1138,799
1082,799
1105,799
1342,799
715,799
879,799
1301,799
497,799
1404,799
869,799
737,799
1280,799
1221,799
1542,799
1544,799
696,799
1517,799
739,799
1091,799
1083,799
1117,799
1415,799
1108,799
1466,799
259,799
1102,800
1,800
1310,800
973,800
1415,800
1727,800
344,800
613,800
1127,800
975,800
1329,800
1353,800
1000,800
1214,800
1451,800
1242,800
952,800
1164,800
387,800
998,800
786,800
250,800
951,800
715,800
634,800
849,800
784,800
964,800
919,800
1201,800
916,800
1080,800
664,800
1053,800
767,801
1410,801
891,801
242,801
1727,801
1122,801
1083,801
1422,801
828,801
1013,801
1255,801
560,801
680,801
531,801
558,801
927,801
387,801
995,801
1329,801
1227,801
1562,801
1159,801
1040,801
1257,801
256,801
1233,801
645,801
600,801
656,801
1206,801
724,801
1391,801
1131,801
1030,801
1533,801
673,801
1374,801
1636,801
720,802
1532,802
886,802
977,802
959,802
1109,802
1154,802
715,802
1136,802
670,802
889,802
986,802
722,802
631,802
739,802
854,802
871,802
1496,802
763,802
1257,802
1382,802
1017,802
805,802
1621,802
1265,802
481,802
1317,802
887,802
1320,802
755,802
1385,802
1283,802
1569,802
1608,802
1243,802
737,802
1222,802
995,802
1147,802
1215,802
271,802
1082,802
1379,802
911,802
1464,802
1614,802
1053,802
935,802
488,802
1383,802
1035,803
1016,803
292,803
630,803
680,803
754,803
1022,803
715,803
1006,803
1007,803
771,803
951,803
558,803
1318,803
1052,803
329,803
1591,803
947,803
592,803
586,803
607,803
605,803
486,803
490,803
469,803
1228,803
409,803
671,803
1083,803
553,803
1594,803
303,803
1450,803
536,803
551,803
1211,803
995,803
1514,803
1289,803
1588,803
863,803
1505,803
531,803
911,803
813,803
931,803
1091,803
1032,803
575,804
961,804
531,804
536,804
1402,804
695,804
1256,804
587,804
912,804
995,804
1529,804
1109,804
917,804
37,804
30,804
24,804
1220,804
1274,804
812,804
631,804
630,804
1352,804
1629,805
547,805
1229,805
1466,805
1221,805
695,805
758,805
587,805
1024,805
471,805
691,805
1002,805
931,805
792,805
1210,805
661,805
1324,805
1430,805
1450,805
1597,805
634,805
1062,805
641,805
1369,805
629,805
820,805
1127,805
755,805
1109,805
1471,805
1457,805
575,805
931,806
750,806
935,806
1408,806
465,806
575,806
937,806
498,806
908,806
930,806
888,806
889,806
890,806
891,806
892,806
893,806
907,806
910,806
452,806
911,806
914,806
916,806
917,806
919,806
922,806
923,806
927,806
929,806
912,806
948,806
537,806
968,806
969,806
970,806
973,806
975,806
977,806
967,806
682,806
1013,806
979,806
1053,806
982,806
984,806
985,806
966,806
964,806
962,806
547,806
939,806
945,806
947,806
887,806
949,806
951,806
367,806
473,806
952,806
534,806
958,806
959,806
960,806
961,806
938,806
886,806
874,806
882,806
496,806
1089,806
497,806
344,806
796,806
1087,806
1088,806
1101,806
1102,806
1249,806
499,806
500,806
1419,806
856,806
1443,806
721,806
494,806
490,806
488,806
486,806
607,806
162,806
210,806
228,806
409,806
413,806
417,806
438,806
445,806
447,806
503,806
453,806
469,806
474,806
476,806
479,806
481,806
482,806
483,806
484,806
485,806
1324,806
505,806
506,806
507,806
854,806
855,806
857,806
859,806
862,806
863,806
347,806
864,806
850,806
866,806
869,806
871,806
872,806
873,806
986,806
876,806
877,806
879,806
881,806
884,806
849,806
847,806
508,806
510,806
515,806
517,806
519,806
520,806
810,806
521,806
820,806
848,806
821,806
825,806
827,806
828,806
833,806
817,806
1030,806
841,806
1185,806
1080,806
846,806
823,806
987,806
980,806
1037,806
1417,806
1416,806
1415,806
1414,806
1411,806
1410,806
1409,806
1082,806
1404,806
1403,806
1402,806
1400,806
1398,806
1396,806
1394,806
1393,806
1392,806
1391,806
1070,806
1390,806
1418,806
1059,806
1420,806
1035,806
1444,806
1442,806
1441,806
1440,806
1439,806
1437,806
1435,806
1432,806
1389,806
1036,806
1430,806
1425,806
1424,806
1422,806
1047,806
1052,806
1421,806
1056,806
1040,806
1388,806
1385,806
1384,806
1106,806
1145,806
1142,806
1140,806
1138,806
1137,806
1136,806
1134,806
1133,806
1108,806
1131,806
1147,806
1129,806
1109,806
1124,806
1111,806
1112,806
1113,806
1076,806
1122,806
1116,806
1117,806
1118,806
1126,806
1448,806
1149,806
1074,806
1383,806
1382,806
1380,806
1071,806
1072,806
1379,806
1377,806
1376,806
1374,806
1372,806
1371,806
1105,806
1364,806
1362,806
1359,806
1357,806
1353,806
1352,806
1349,806
1348,806
1347,806
1346,806
1345,806
1344,806
1363,806
1032,806
1119,806
1455,806
1449,806
998,806
1000,806
995,806
1002,806
1006,806
1007,806
1009,806
1015,806
1016,806
1017,806
988,806
989,806
990,806
992,806
993,806
1090,806
1091,806
994,806
1093,806
1083,806
1227,806
1099,806
1199,806
996,806
1459,806
1451,806
1023,806
1457,806
1474,806
1471,806
1468,806
1022,806
1027,806
1467,806
1466,806
1025,806
1465,806
1464,806
1018,806
1456,806
1024,806
1021,806
1653,806
1458,806
1019,806
1020,806
1450,806
1028,806
71,807
1421,807
387,807
804,807
1432,807
103,807
105,807
156,807
307,807
1539,807
94,807
1523,807
810,807
1429,807
1122,807
1475,807
754,807
1147,807
696,807
1533,807
1507,807
1180,807
1605,807
1514,807
821,807
1610,807
66,807
1545,807
1233,807
1556,807
1648,807
1482,807
1566,807
1355,807
848,807
372,807
764,807
1517,807
1227,807
281,807
1056,807
1430,807
1080,807
1449,807
736,807
691,807
871,807
1225,807
1428,807
1440,807
1242,807
1156,807
1022,807
1488,807
990,807
1143,808
1054,808
1512,808
1529,808
1645,808
1415,808
1417,808
1499,808
1418,808
1414,808
499,808
1692,808
1193,808
1188,808
1051,808
500,808
1357,808
1331,808
1106,808
1013,808
986,808
908,808
649,808
550,808
525,808
476,808
445,808
372,808
369,808
329,808
306,808
505,808
1597,808
1136,808
998,808
16,808
781,808
515,808
813,808
572,808
645,808
918,808
873,808
44,808
1555,808
84,808
1533,808
1332,808
1238,808
1294,808
538,808
1318,808
877,808
1142,809
1692,809
1143,809
16,809
327,809
210,809
249,809
259,809
367,809
369,809
488,809
855,809
1006,809
3,810
931,810
923,810
474,810
1023,810
310,810
344,810
571,810
1006,810
929,810
483,810
922,810
539,810
705,810
1585,810
1052,810
1037,810
927,810
930,810
1027,810
821,810
481,810
1545,810
395,810
1056,810
1217,810
271,810
1532,810
336,810
564,810
1316,810
1559,810
1411,810
1528,810
110,810
1625,810
1621,810
988,810
910,810
1443,810
372,810
1202,810
1232,810
1234,810
327,810
1246,810
994,810
779,810
1317,810
887,810
1347,810
550,810
3,811
753,811
1143,811
525,812
1424,812
1520,812
1468,812
919,812
1265,812
539,812
1338,812
585,812
289,812
841,812
1482,812
279,812
1346,812
1347,812
1330,812
1450,812
250,812
1332,812
1175,812
1032,812
890,812
1341,812
640,812
1274,812
912,812
886,812
975,812
739,812
1089,812
1283,812
1489,812
743,812
995,812
1440,812
1474,812
1529,812
1247,812
1485,812
1227,812
1521,812
1335,812
1199,812
1276,812
1138,812
531,812
1342,812
1210,812
795,813
948,814
1185,814
1435,814
859,814
1376,814
855,814
1313,814
616,814
575,814
945,814
788,814
1289,814
869,814
1208,814
796,814
848,814
1287,814
607,814
863,814
539,814
1449,814
540,814
525,814
618,814
531,814
671,814
1013,814
1022,814
1109,814
1126,814
1335,814
881,814
807,814
820,814
916,814
922,814
547,814
1569,814
1398,814
1059,814
1108,814
767,814
755,814
745,814
1222,814
438,814
1228,814
1490,814
1359,814
326,814
1275,814
1567,814
1282,814
951,814
935,814
1353,814
508,814
797,814
966,814
327,814
347,814
387,814
582,814
303,814
548,814
515,814
558,814
1348,814
780,814
989,814
817,814
1185,815
952,815
1105,815
607,815
508,815
815,815
621,815
1299,815
856,815
1199,815
990,815
919,815
1403,815
1020,815
640,815
1396,815
975,815
1243,815
855,815
1484,815
1101,815
623,815
572,815
986,815
766,815
1341,815
1404,815
1258,815
767,815
1294,815
1362,815
1435,815
1511,815
1022,815
744,815
1122,815
998,815
1315,815
1552,815
1263,815
1213,815
1537,815
653,815
582,815
1136,815
1056,815
249,815
696,815
890,815
664,815
1345,815
750,815
1246,815
779,815
1059,815
515,816
1404,816
1315,816
879,816
1389,816
876,816
1199,816
1318,816
1353,816
882,816
743,816
1346,816
886,816
1594,816
1465,816
721,816
550,816
547,816
1556,816
1345,816
1403,816
1243,816
650,816
1059,816
720,816
645,816
523,816
572,816
1388,816
525,816
1408,816
1347,816
754,816
635,816
249,816
598,816
1457,816
520,816
539,816
564,816
1409,816
643,816
1233,816
665,817
727,817
1202,817
927,817
1396,817
1491,817
1118,817
886,817
736,817
758,817
1547,817
1027,817
723,817
252,817
1520,817
735,817
303,817
729,817
721,817
1256,817
949,817
1105,817
797,817
1522,817
643,817
1283,817
1643,817
1289,817
215,817
995,817
289,817
1217,817
525,817
344,817
572,817
519,817
1287,817
778,817
1323,817
593,817
1329,817
571,817
1508,817
515,817
1394,817
569,817
1419,817
1450,817
1512,817
1484,817
598,817
1530,817
1258,818
881,818
593,818
889,818
857,818
1543,818
1218,818
879,818
1435,818
816,818
887,818
952,818
1389,818
1215,818
849,818
700,818
592,818
869,818
1496,818
1379,818
1199,818
1341,818
584,818
623,818
847,818
931,818
786,818
250,818
1332,818
1385,818
1337,818
1129,818
767,818
582,818
1512,818
1506,818
1296,818
486,818
1514,818
476,818
558,818
637,818
856,818
1489,818
279,818
662,818
640,818
1023,818
1536,819
1789,819
1437,819
623,819
1113,819
807,819
978,819
447,819
1381,819
1536,820
795,820
1789,820
1536,821
979,821
355,821
1276,821
1028,821
734,821
869,821
621,821
1059,821
1316,821
586,821
823,821
1102,821
1541,821
534,821
623,821
1491,821
1547,821
988,821
1037,821
613,821
1477,821
1083,821
479,821
445,821
1544,821
1545,821
772,821
766,821
1244,822
621,822
1021,822
989,822
1533,822
1398,822
1490,822
1634,822
613,822
1020,822
884,822
1530,822
877,822
1518,822
1536,822
1566,822
1383,822
1083,822
1384,822
1223,822
864,822
1217,822
1309,822
1241,822
1506,822
1541,822
1499,822
1210,822
1567,822
1199,822
1561,822
1221,822
1589,822
1547,822
1789,822
798,822
618,822
1295,823
962,823
959,823
978,823
979,823
931,823
964,823
1289,823
1418,823
1314,823
1324,823
1288,823
975,823
1194,823
1218,823
1279,823
1514,823
1301,823
986,823
1269,823
966,823
1404,823
1398,823
1341,823
1228,823
1285,823
674,823
723,823
1396,823
329,823
850,823
916,823
1382,823
1102,823
1468,823
1122,823
1217,823
1310,823
344,823
1546,823
998,823
1392,823
1555,823
1023,823
1236,823
1377,823
1455,823
1507,823
846,823
1528,823
1625,823
528,823
1340,823
988,823
1643,823
1105,823
1187,823
572,823
614,823
531,824
1440,824
623,824
1455,824
1056,824
848,824
1321,824
1027,824
476,824
479,824
1233,824
1198,824
1053,824
1119,824
815,824
1223,824
1443,824
1334,824
1229,824
445,824
809,824
600,824
1009,824
613,824
507,824
1221,824
948,824
344,824
1059,824
1185,824
1111,824
1484,824
891,824
1209,824
1547,824
1634,824
1376,824
1382,824
485,824
1195,824
998,824
1396,824
490,824
869,824
613,825
1625,825
525,825
1209,825
1210,825
531,825
521,825
1199,825
503,825
1215,825
500,825
605,825
1221,825
1346,825
1362,825
1227,825
1521,825
107,825
930,825
522,825
1614,825
490,825
807,825
1187,825
850,825
46,825
1440,825
1233,825
618,825
654,825
621,825
1566,825
1082,825
1185,825
646,825
572,825
222,825
1088,825
1559,825
607,826
508,826
1247,826
1551,826
1330,826
1333,826
1217,826
1544,826
973,826
962,826
1208,826
1228,826
1329,826
1243,826
1315,826
1222,826
975,826
1080,826
1408,826
775,826
447,826
1212,826
632,826
1507,826
781,826
1534,826
1533,826
1233,826
1393,826
1056,826
1199,826
1232,826
623,826
1202,826
1234,826
1546,826
1394,826
1496,826
518,826
1028,826
1402,826
1180,826
249,826
354,826
1516,826
1337,826
500,826
1430,826
966,826
810,826
684,826
671,826
968,826
486,826
1205,826
1484,826
763,826
303,826
550,826
1380,826
1348,826
629,826
1223,826
969,826
1289,827
1037,827
1509,827
1534,827
1288,827
613,827
357,827
1210,827
1329,827
583,827
1414,827
1541,827
1279,827
1332,827
515,827
1566,827
1520,827
292,827
1320,827
1353,827
395,827
344,827
1435,827
372,827
1474,827
531,827
520,827
1552,827
1145,827
521,827
1290,827
438,827
1338,827
1109,827
1072,827
1465,827
980,827
1024,827
1099,827
979,827
1052,827
1113,827
600,828
1524,828
984,828
490,828
582,828
762,828
823,828
250,828
1280,828
890,828
344,828
1056,828
661,828
700,828
1567,828
1224,828
1559,828
583,828
357,828
1508,828
1295,828
1147,828
1070,828
990,828
1517,828
505,828
292,828
1521,828
951,828
1530,828
1248,828
888,828
1532,828
798,828
776,828
1059,828
1246,828
1241,828
537,828
1257,829
524,829
562,829
531,829
1457,829
1168,829
584,829
560,829
605,829
1567,829
1589,829
1383,829
1382,829
1190,829
994,829
969,829
754,829
1180,829
571,829
751,829
534,829
558,829
1007,829
980,829
582,829
1221,829
1329,829
1440,829
1364,829
519,829
784,829
1129,829
1133,829
1109,829
1332,829
623,829
562,830
584,830
1709,830
1372,830
1264,830
1531,830
152,830
33,830
48,830
79,830
113,830
111,830
86,830
123,830
1465,830
1422,830
778,830
613,830
204,830
201,830
702,831
1489,831
1221,831
1574,831
1349,831
830,831
1403,831
1325,831
1558,831
1355,831
360,831
1227,831
1337,831
837,831
821,831
1415,831
1256,831
1051,831
1063,831
1303,831
1300,831
1333,831
1564,831
1450,831
1292,831
1474,831
1377,831
1274,831
1344,831
1376,831
329,831
1595,831
1396,831
1344,832
1217,832
1116,832
1218,832
1243,832
1244,832
1246,832
1199,832
874,832
519,832
1111,832
1516,832
496,832
967,832
1317,832
1209,832
1135,832
1189,832
1532,832
1625,832
1410,832
500,832
1450,832
1221,832
990,832
881,832
1647,832
508,832
1633,832
863,832
855,832
583,832
1202,832
582,832
774,832
1180,832
1256,832
521,832
651,832
1489,832
440,832
1212,832
1569,832
1533,832
1296,832
653,832
801,832
1471,832
884,832
780,832
584,832
1633,833
1227,833
800,833
1076,833
945,833
975,833
798,833
1507,833
1118,833
979,833
626,833
889,833
1218,833
1228,833
1567,833
887,833
1589,833
1131,833
1275,833
1201,833
772,833
1372,833
1341,833
1430,833
1202,833
661,833
1566,833
964,833
1212,833
1337,833
1246,833
1455,833
1338,833
1317,833
1334,833
1541,833
1255,833
568,833
779,833
1645,833
1332,833
1344,833
1471,833
1264,833
745,834
671,834
568,834
521,834
640,834
564,834
1371,834
476,834
1559,834
886,834
1059,834
927,834
1372,834
884,834
623,834
1175,834
750,834
357,834
700,834
616,834
614,834
613,834
611,834
403,834
473,834
1415,834
583,834
1056,834
1264,834
469,834
1180,834
657,834
958,834
536,834
964,834
962,834
960,834
1364,834
998,834
507,834
1349,834
810,834
1137,834
664,834
1002,834
1022,834
1013,834
1009,834
1147,835
1261,835
490,835
503,835
327,835
344,835
1363,835
1551,835
1264,835
1580,835
252,835
929,835
528,835
1136,835
1546,835
453,835
1562,835
1591,835
1227,835
1232,835
1437,835
1528,835
1532,835
1129,835
564,835
1641,835
1022,835
558,835
1257,835
1002,835
1024,835
1332,835
537,835
1122,835
1274,835
1645,835
1027,835
536,836
508,836
540,836
505,836
718,836
1380,836
1449,836
722,836
1448,836
547,836
1167,836
1264,836
1323,836
1435,836
1477,836
1364,836
1345,836
1002,836
1591,836
1539,836
1409,836
1484,836
982,836
1425,836
1471,836
987,836
1023,836
496,836
1398,836
1346,836
1272,836
1175,836
1388,836
1275,836
995,836
1588,836
1532,836
1180,836
1362,836
560,836
1205,836
977,836
1411,836
1341,836
1261,837
1647,838
465,838
1261,838
1071,838
987,838
1392,838
689,838
1264,838
1377,838
1404,838
1634,838
1072,838
1561,838
1457,838
1384,838
415,838
1450,838
1639,838
1653,838
1332,839
1071,839
250,839
1537,839
1551,839
1185,839
252,839
626,839
1477,839
1133,839
1566,839
438,839
1129,839
372,839
1488,839
1119,839
354,839
1323,839
623,839
1115,839
1258,839
876,839
821,839
1205,839
1106,839
31,839
1608,839
1415,839
534,839
869,839
1559,839
1020,839
937,839
798,839
765,839
583,839
1411,839
847,839
582,839
1224,839
536,839
1082,839
547,839
1213,839
1319,839
1419,839
773,839
1113,839
1459,839
1318,839
1595,839
1175,839
1275,839
1274,839
662,839
1331,839
657,840
776,840
689,840
1071,840
605,840
438,840
1380,840
1209,840
1211,840
636,840
1185,840
1329,840
558,840
499,840
1180,840
833,840
508,840
592,840
1552,840
1393,840
751,840
984,840
979,840
823,840
872,840
525,840
1221,840
843,840
1249,840
1400,840
1448,840
1555,840
360,840
500,840
1541,840
593,840
1080,840
1118,840
1206,840
505,840
303,840
1217,840
515,840
1324,840
1376,840
1262,840
945,840
1194,840
1020,840
623,840
1388,840
1264,840
1147,841
533,841
986,841
930,841
1283,841
550,841
551,841
1316,841
1210,841
1329,841
1334,841
922,841
947,841
1211,841
1052,841
1173,841
1396,841
1269,841
1533,841
1353,841
1639,841
1561,841
1364,841
1363,841
600,841
534,841
821,841
605,841
607,841
623,841
1108,841
952,841
1348,841
1101,841
537,841
1209,841
806,841
553,841
583,841
800,841
801,841
586,841
618,841
438,841
1347,841
582,841
873,842
1531,842
1262,842
1224,842
607,842
855,842
1027,842
1288,842
1266,842
1273,842
1101,842
1102,842
1206,842
1105,842
1269,842
558,842
1074,842
1341,842
623,842
1071,842
561,842
1080,842
1653,842
1393,842
1391,842
1372,842
1254,842
1400,842
1411,842
1187,842
1258,842
847,842
815,842
823,842
796,842
1233,842
856,842
825,842
1294,842
807,842
802,842
1295,842
815,843
1234,843
610,843
786,843
783,843
827,843
833,843
1173,843
869,843
1484,843
772,843
889,843
893,843
914,843
1227,843
959,843
764,843
1175,843
876,843
888,843
821,843
1430,843
1398,843
778,843
1468,843
537,843
1134,843
1380,843
1105,843
479,843
525,843
553,843
528,843
1353,843
856,843
572,843
1274,843
1233,843
1482,843
1335,843
1404,843
631,843
650,843
755,843
1411,843
866,843
1409,843
395,843
1539,843
1537,843
1496,843
629,843
1448,843
1080,843
1385,843
1456,843
1359,843
765,843
1230,843
506,843
977,843
1037,843
510,843
630,843
1249,843
1402,843
1111,843
609,843
962,843
1357,843
768,843
1610,843
1285,843
1294,843
1332,843
973,843
960,843
877,844
907,844
771,844
1210,844
1578,844
784,844
802,844
1514,844
996,844
633,844
395,844
1116,844
979,844
1590,844
1341,844
1102,844
869,844
1264,844
539,844
1317,844
998,844
413,844
1227,844
634,844
1349,844
1353,844
1315,844
551,844
1561,844
775,844
1484,844
1091,844
1093,844
893,844
975,844
1653,844
1214,844
1046,844
1357,844
1220,844
770,844
1236,844
1359,844
1529,844
1530,844
1041,844
786,844
867,845
268,845
821,845
1298,846
867,846
1263,846
1485,846
372,846
863,846
1301,846
367,846
1213,846
605,846
1404,846
1450,846
1456,846
1013,846
664,846
1199,846
1202,846
1608,846
662,846
806,846
881,846
855,846
607,846
1299,846
1074,846
1208,846
1147,846
1444,846
1017,846
1321,846
1519,846
951,846
1276,846
1337,846
859,846
1198,846
959,846
1552,846
908,846
734,846
737,846
945,846
869,846
1082,847
872,847
1090,847
1214,847
979,847
848,847
1210,847
409,847
850,847
1202,847
1151,847
510,847
1273,847
271,847
1105,847
488,847
1341,847
558,847
657,847
715,847
893,847
1056,847
1142,847
1257,847
636,847
666,847
1518,847
1643,847
1588,847
645,847
817,847
1099,847
1593,847
1209,847
1414,847
292,847
610,847
1315,847
268,847
623,847
1184,847
1594,847
1345,847
1227,847
1231,847
350,847
1222,847
841,847
1101,847
1232,847
1218,847
1234,847
1020,847
1316,847
857,847
1230,847
1532,847
1233,847
1440,847
1440,848
764,848
1488,848
1211,848
1210,848
786,848
955,848
1482,848
250,848
1213,848
1264,848
1608,848
876,848
1204,848
1168,848
1202,848
849,848
1610,848
1019,848
1021,848
1161,848
800,848
1417,848
1102,848
1543,848
1215,848
1340,848
1175,848
1448,848
1541,848
995,848
1208,848
1238,848
1352,848
248,848
869,848
1534,848
1198,848
1588,848
1195,848
666,848
807,848
1199,848
1346,848
671,848
1507,848
1556,848
268,849
867,849
268,850
867,850
347,851
762,851
1564,851
1639,851
1543,851
1545,851
1448,851
1211,851
1629,851
874,851
618,851
1625,851
1414,851
969,851
930,851
764,851
995,851
1417,851
1318,851
175,851
1457,851
1396,851
1332,851
1185,851
1272,851
922,851
1264,851
1404,851
1233,851
1514,851
1101,851
841,851
680,851
737,851
1093,851
881,851
879,851
859,851
607,851
524,851
413,851
279,851
1440,851
1437,851
1324,851
1087,851
770,851
664,851
629,851
626,851
1230,851
1269,851
1292,851
1317,851
682,851
1215,851
1647,851
1610,851
1533,851
1522,851
671,851
1471,851
1329,851
540,851
1466,851
1422,851
1376,851
1362,851
1341,851
1337,851
1334,851
1333,851
1449,851
210,851
643,851
148,851
722,851
1310,851
734,851
959,851
445,851
610,851
958,851
1562,851
922,852
760,852
934,852
947,852
995,852
664,852
1215,852
675,852
618,852
1199,852
1468,852
268,852
932,852
1273,853
1264,853
1332,853
1322,853
1122,853
1199,853
1180,853
1414,853
722,853
1035,853
767,853
1255,853
1000,853
1221,853
1233,853
952,853
1138,853
800,853
891,853
1164,853
1279,853
1210,853
1232,853
738,853
701,853
876,853
1317,853
1329,853
1204,853
1337,853
1324,853
1341,853
1295,853
1569,853
1262,853
1334,853
1404,853
673,853
1203,853
519,853
162,853
623,853
935,853
417,853
1511,853
1363,853
737,853
1323,853
1512,853
540,853
607,853
1608,853
242,853
1289,853
469,853
637,853
784,853
473,853
772,853
961,854
1056,854
1051,854
927,854
413,854
497,854
735,854
1087,854
347,854
1297,854
1215,854
1391,854
248,854
1390,854
734,854
1217,854
1541,854
210,854
417,854
485,854
1299,854
1507,854
506,854
886,854
350,854
242,854
1474,854
623,854
553,854
486,854
1288,854
252,854
846,854
1424,854
1444,854
634,854
758,854
765,854
525,854
320,854
619,854
626,854
764,854
1147,854
975,854
1450,854
1199,854
473,854
609,855
1404,855
1299,855
1264,855
1265,855
1608,855
1269,855
1403,855
1513,855
1210,855
1288,855
635,855
740,855
1228,855
623,855
1208,855
1227,855
722,855
989,855
1136,855
995,855
735,855
1242,855
1243,855
1318,855
998,855
1474,855
1346,855
802,855
1459,855
1537,855
774,855
661,855
1076,855
784,855
1262,855
662,855
656,855
654,855
1392,855
1334,855
1435,855
775,855
1552,855
900,856
1201,856
1213,856
1653,856
917,856
1285,856
869,856
1264,856
1225,856
1088,856
1243,856
947,856
1357,856
1202,856
935,856
1299,856
1288,856
907,856
1227,856
1346,856
121,857
1404,857
1018,857
798,857
843,857
685,857
1576,857
1485,857
1455,857
1420,857
1233,857
1565,857
912,857
1591,857
1353,857
1221,857
1232,857
1566,857
1562,857
911,857
1477,857
869,857
1287,857
634,857
631,857
611,857
1099,857
959,857
723,857
1087,857
336,857
1243,857
592,857
969,857
623,857
1246,857
1199,857
252,857
1090,857
109,857
113,857
767,857
763,857
259,857
1426,858
1513,858
1199,858
1430,858
1203,858
1024,858
1509,858
680,858
445,858
720,858
855,858
1569,858
1530,858
1000,858
1262,858
1164,858
1578,858
292,858
1329,858
616,858
1341,858
775,858
1264,858
628,858
1580,858
1230,858
1116,858
685,858
1380,858
520,859
500,859
1766,859
1596,859
1294,859
751,859
1653,859
1329,859
809,859
1202,859
1485,859
406,859
1296,859
372,859
1234,859
811,859
996,859
1255,859
1233,859
116,859
1224,860
1083,860
881,860
372,860
500,860
483,860
1457,860
499,860
367,860
1402,860
1214,860
1233,860
1228,860
1227,860
1408,860
360,860
291,860
841,860
1440,860
1374,860
1371,860
1314,860
522,860
775,860
889,860
961,860
1276,860
1475,860
524,860
1185,860
525,860
812,860
473,860
1119,860
1117,860
887,860
503,860
721,860
1630,860
1264,860
723,860
871,860
1273,860
292,860
807,860
873,860
1619,860
859,860
869,860
1414,860
1272,860
1448,860
1518,860
1519,860
1537,860
649,860
1283,860
1212,860
520,860
1474,860
823,860
691,860
982,860
806,860
1221,860
653,861
406,861
1242,861
1202,861
1210,861
722,861
646,861
1432,861
1608,861
116,861
1199,861
810,861
1206,861
627,861
486,861
1006,862
1484,862
1272,862
1122,862
938,862
1203,862
1236,862
1221,862
1227,862
1456,862
1541,862
653,862
1289,862
1537,862
1056,862
687,862
1185,862
1490,862
1201,862
1032,862
1035,862
1543,862
715,862
1059,862
939,862
1521,862
1647,862
998,862
1258,862
1608,862
1610,862
1013,862
850,862
929,862
1264,862
1507,862
864,862
779,862
1468,862
1105,862
1482,862
1590,862
1109,862
427,863
484,863
417,863
1529,863
438,863
359,863
593,863
313,863
453,863
1140,863
385,863
320,863
320,864
520,864
1210,864
1524,864
813,864
805,864
583,864
1221,864
1298,864
1588,864
417,864
1419,864
316,864
1346,864
1345,864
1332,864
1331,864
1013,864
1198,864
1417,864
964,864
291,864
486,864
593,864
998,864
600,864
656,864
1225,864
1199,864
814,864
745,864
958,864
947,864
702,864
810,864
234,864
228,864
1258,864
1313,864
1264,864
592,864
1227,864
610,864
1059,864
1314,864
959,864
1082,864
1265,864
524,864
1533,865
1415,865
1225,865
1389,865
1187,865
815,865
1296,865
1530,865
479,865
1053,865
1258,865
1221,865
1471,865
1214,865
1210,865
539,865
682,865
993,865
560,865
910,865
1316,865
706,865
1569,865
1288,865
1032,865
1514,865
996,865
1591,865
1019,865
1224,865
738,865
637,865
523,865
680,865
696,865
754,865
609,865
524,865
522,865
856,865
959,865
1175,865
1319,865
1400,865
1404,865
1465,865
670,865
279,865
1315,865
1363,865
563,865
1621,865
1213,865
571,865
1206,865
605,865
923,865
1353,865
922,865
1185,865
1202,865
1273,865
1147,865
1330,865
1257,865
873,866
960,866
571,866
524,866
531,866
937,866
1198,866
1329,866
815,866
592,866
809,866
1210,866
1299,866
1435,866
1388,866
1122,866
1338,866
1417,866
1116,866
706,866
1129,866
1456,866
893,866
968,866
520,866
540,866
582,866
310,866
914,866
1647,866
1330,866
1640,866
1006,866
996,866
1255,866
1221,866
1389,866
1468,866
291,866
1070,866
984,866
1020,866
584,866
964,866
542,866
886,866
326,866
767,866
923,866
685,866
583,866
1516,866
1371,866
871,866
1383,866
1467,866
1206,866
1175,866
1273,866
1296,866
1315,866
1167,866
1586,866
1578,866
1543,866
1533,866
528,866
525,866
1440,866
1464,866
1489,866
1013,866
1209,866
500,866
917,866
786,866
995,867
584,867
977,867
1175,867
1231,867
583,867
1420,867
1484,867
500,867
481,867
856,867
547,867
294,867
1522,867
1288,867
1262,867
539,867
248,867
292,867
350,867
1076,867
291,867
1243,867
234,867
1329,867
998,867
1340,867
1224,867
1466,867
857,867
629,867
1056,867
1030,867
294,868
1496,868
634,869
547,869
36,869
864,869
360,869
1485,869
1639,869
600,869
699,869
1511,869
722,869
727,869
738,869
810,869
814,869
1175,869
1418,869
1371,869
911,869
996,869
975,869
1236,869
1118,869
1559,869
760,869
294,869
802,869
613,869
611,869
1374,869
1631,870
354,870
367,870
967,870
1248,870
490,870
271,870
360,870
922,870
292,870
186,870
850,870
722,870
228,870
968,870
961,870
550,870
1517,870
234,870
1329,870
1566,870
958,870
945,870
1425,870
700,870
572,870
1256,870
1449,870
157,870
975,870
372,870
1541,870
1542,870
551,870
371,870
584,870
523,870
650,870
326,870
948,870
666,870
600,870
1643,870
1288,870
869,870
907,870
1243,870
1168,871
1124,871
1000,871
1025,871
945,871
1564,871
922,871
946,871
998,871
520,871
1180,871
596,871
1221,871
1507,871
1630,871
536,871
1213,871
1418,871
911,871
1215,871
1227,871
1597,871
952,871
948,871
539,871
1238,871
1496,871
969,871
1006,871
721,872
651,872
1414,872
1633,872
1409,872
1418,872
1653,872
715,872
1519,872
1290,872
1645,872
949,872
948,872
1145,872
1540,872
1546,872
1105,872
1619,872
1296,872
1233,872
1537,872
1389,872
1198,872
1264,872
723,872
1518,872
1199,872
1222,872
764,872
1106,872
754,872
1341,872
1221,872
1474,872
1101,872
1238,872
1212,872
1595,872
1647,872
1210,872
1231,872
1329,872
702,873
547,873
634,873
303,873
654,873
1644,873
854,873
1653,873
847,873
848,873
637,873
1221,873
1233,873
807,873
1263,873
1459,873
1648,873
1243,873
551,873
1489,873
1456,873
736,873
1246,873
1227,873
738,873
846,873
350,873
1608,873
1496,873
986,874
522,874
1169,874
1471,874
814,874
360,874
1551,874
1506,874
563,874
1183,874
560,874
292,874
821,874
968,874
637,874
816,874
815,874
1006,874
569,874
888,874
417,874
1404,874
1409,874
558,874
1244,874
592,874
1417,874
1481,874
483,874
540,874
500,874
873,874
1013,874
700,874
654,874
1459,874
1248,874
1466,874
912,874
650,874
1468,874
876,874
1377,874
884,874
855,874
882,874
547,874
568,874
922,874
1529,875
855,875
654,875
292,875
522,875
548,875
910,875
1129,875
1283,875
720,875
490,875
503,875
1175,875
684,875
499,875
1234,875
607,875
993,875
585,875
721,875
1392,875
977,875
914,875
722,875
1037,875
1329,875
291,875
754,875
689,875
1166,875
762,875
979,875
1301,875
1309,875
259,875
985,875
1231,875
702,875
1023,875
931,875
1213,875
1315,875
1331,875
1027,875
623,875
1241,875
1364,875
724,875
755,875
1346,876
88,876
292,876
891,876
1648,876
238,876
523,876
1578,876
1567,876
1396,876
1376,876
525,876
438,876
1402,876
483,876
762,876
855,876
1037,876
964,876
90,876
537,876
1329,876
1288,876
1655,876
1596,876
745,876
544,877
767,877
519,877
764,877
1430,877
816,877
1655,877
702,877
979,877
583,877
633,877
1093,877
1595,877
1287,877
1243,877
893,877
1015,877
1106,877
637,877
547,877
1404,877
1283,877
643,877
1324,877
490,877
1185,877
1113,877
1056,877
968,877
1241,877
572,877
980,877
1655,878
1211,878
320,878
1655,879
275,879
438,880
488,880
292,880
1411,880
1199,880
989,880
1202,880
1450,880
1185,880
1382,880
973,880
1209,880
1341,880
628,880
320,880
1194,880
993,880
621,880
1444,880
1059,880
651,880
952,880
613,880
1596,880
1056,880
1389,880
372,880
35,880
1376,880
1263,880
1316,880
623,880
584,880
674,880
1471,880
1534,880
937,880
722,880
1459,880
1615,880
1418,880
1016,880
645,880
919,880
360,880
1116,880
871,880
770,881
722,881
292,881
745,881
935,881
1647,881
623,881
628,881
586,881
1593,881
1318,881
648,881
736,881
417,881
614,881
964,881
582,881
583,881
1419,881
1540,881
827,881
734,881
1521,881
508,881
369,881
510,881
585,881
607,881
593,881
609,881
610,881
1537,881
1222,881
751,881
1615,881
1594,881
320,881
1534,881
1532,881
1238,881
1241,881
1093,881
413,881
966,881
486,881
919,881
973,881
1659,882
1449,882
696,882
744,882
783,882
1629,882
1597,882
1485,882
1157,882
1730,882
947,882
337,882
179,882
185,882
1118,882
1291,882
1488,882
1037,882
848,882
1283,882
1282,882
536,882
1116,882
1415,882
89,882
1541,882
347,882
1659,883
547,884
1518,884
344,884
372,884
1116,884
1382,884
1309,884
175,884
1255,884
347,884
1256,884
531,884
847,884
1112,884
1645,884
564,884
1507,884
1119,884
1409,884
1227,884
1147,884
862,884
1052,884
1002,884
1341,884
718,884
1533,884
395,884
1041,884
846,884
923,884
964,884
1210,884
1456,884
1234,884
1329,884
779,884
354,884
1324,884
810,884
674,884
1457,884
1257,884
707,884
1265,884
1105,884
1129,885
737,885
1210,885
1118,885
823,885
1408,885
1295,885
696,885
1580,885
742,885
1456,885
1264,885
320,885
1290,885
1169,885
1457,885
1451,885
1539,885
825,885
1338,885
1332,885
1465,885
1415,885
788,885
1455,885
162,885
1329,885
1384,885
977,885
344,885
1450,885
584,885
649,885
156,885
1340,885
1112,885
1544,885
1464,885
1337,885
1543,885
1621,885
1151,885
1145,885
347,885
1030,885
1530,885
505,885
1331,885
1297,885
1491,885
164,885
528,886
859,886
871,886
558,886
1776,886
1180,886
1463,886
1016,886
561,886
1147,886
609,886
857,886
1319,886
715,886
1334,886
1437,886
539,886
564,886
1287,886
1318,886
1202,886
525,886
1185,886
360,886
611,886
1475,886
1209,886
1324,886
988,886
1449,886
1396,886
1212,886
1524,886
1329,886
277,887
841,887
1334,887
1262,887
250,887
1533,887
1101,887
293,887
309,887
1215,887
1332,887
863,887
1221,887
604,887
1729,887
307,887
977,887
51,887
1450,887
1030,887
1217,887
807,887
721,887
551,887
1516,887
1113,887
572,887
550,887
497,887
945,887
1545,887
1547,887
1220,887
801,887
1440,887
648,887
531,887
680,887
862,887
1269,887
1320,887
704,887
1213,887
470,887
584,887
1025,887
939,887
561,887
350,887
1299,887
314,887
1726,887
1373,887
1488,887
1491,887
1629,888
259,888
210,888
772,888
866,888
453,888
1175,888
250,888
1564,888
985,888
911,888
1522,888
989,888
1466,888
951,888
696,888
531,888
1296,888
884,888
887,888
1615,888
1180,888
1636,888
1314,888
1243,888
1403,888
1614,888
1140,888
490,888
949,888
248,888
1607,888
360,888
375,888
536,888
1262,888
326,888
1518,888
1025,888
499,888
1422,888
1199,888
1509,888
279,888
977,888
1321,888
1442,888
1532,888
1507,888
1332,888
1295,888
993,888
1233,888
250,889
531,889
1332,889
1089,889
521,889
1490,889
536,889
964,889
1323,889
1522,889
636,889
765,889
848,889
987,889
817,889
1134,889
1254,889
879,889
506,889
1185,889
1221,889
1424,889
1297,889
779,889
1295,889
1540,889
1544,889
1569,889
850,889
1566,889
739,889
1183,889
975,889
1013,889
847,889
1333,889
1213,889
993,889
1279,889
586,889
1410,889
1374,889
528,889
937,889
1276,889
995,889
988,889
1185,890
1217,890
327,890
1450,890
1221,890
1619,890
1056,890
1222,890
779,890
1567,890
783,890
816,890
817,890
1566,890
935,890
1233,890
922,890
723,890
721,890
474,890
336,890
1273,890
1232,890
1230,890
1037,890
613,890
569,890
445,890
1225,890
722,890
778,890
1511,890
1614,890
680,890
1059,890
1074,890
1199,890
797,890
1528,890
682,890
772,890
1610,890
1469,891
806,891
1210,891
131,891
1471,891
1636,891
1185,891
1566,891
964,891
600,892
1392,892
1491,892
727,892
784,892
740,892
735,892
438,892
1288,892
1400,892
1221,892
1408,892
662,892
1404,892
1402,892
558,892
560,892
1534,892
473,892
763,892
961,892
1377,892
800,892
1435,892
571,892
1199,892
1217,892
802,892
1198,892
634,892
1391,892
807,892
1362,892
609,892
985,892
675,892
653,892
1231,892
910,892
884,892
814,892
654,892
1274,892
508,892
409,892
1285,892
986,892
371,892
1285,893
395,893
1372,893
1201,893
914,893
371,893
1566,893
1124,893
1507,893
1101,893
1256,893
891,893
876,893
1436,893
1508,893
1017,893
1484,893
993,893
922,893
500,893
1418,893
479,893
1233,893
1083,893
821,893
929,893
1468,893
811,893
1210,893
1567,893
1296,893
1440,893
1242,893
962,893
930,893
1345,893
1408,893
935,893
949,893
1398,893
1422,893
485,893
1444,893
1396,893
1199,893
486,893
814,893
813,894
1341,894
85,894
1455,894
1518,894
617,894
958,894
1080,894
1129,894
1344,894
846,894
849,894
539,894
1088,894
1002,894
540,894
1290,894
1199,894
1519,894
1415,894
1122,894
734,894
1134,894
1317,894
1608,894
531,894
821,894
1301,894
1101,894
1102,894
1201,894
1593,894
754,894
971,894
947,894
1364,894
922,894
1002,895
336,895
1610,895
962,895
517,895
519,895
636,895
657,895
536,895
809,895
533,895
417,895
1180,895
811,895
438,895
859,895
975,895
395,895
910,895
771,895
1202,895
1342,895
413,895
1122,895
911,895
1212,895
1653,895
1420,895
1292,895
1276,895
1194,895
784,895
1593,895
500,895
1013,895
1059,895
409,895
320,895
890,895
531,895
582,895
700,895
768,895
792,895
372,895
534,895
937,895
553,895
306,895
1168,895
863,895
634,895
609,895
1164,895
1090,895
508,895
310,895
326,895
344,895
525,895
469,895
1030,895
607,895
1346,895
1442,895
282,896
560,896
995,896
1002,896
1106,896
1145,896
547,896
951,896
1056,896
768,896
1089,896
1090,896
500,896
438,896
1214,896
1195,896
816,896
635,896
1236,896
1264,896
1329,896
869,896
1359,896
970,896
1129,896
968,896
1180,896
770,896
1258,896
1227,896
582,896
670,896
1228,896
271,896
336,896
914,896
779,896
1394,896
850,896
485,896
1338,896
1541,896
887,896
1376,896
1451,896
1589,896
1430,896
1468,896
528,896
1519,896
1000,896
1023,896
1647,896
344,896
360,896
664,896
542,896
605,896
809,896
771,896
1013,896
1162,896
1199,896
810,896
891,896
611,896
1629,896
1653,896
987,896
1319,896
1169,896
1149,896
1383,896
1466,896
1589,897
1208,897
571,897
966,897
610,897
1653,897
1319,897
1227,897
1394,897
634,897
855,897
1506,897
1090,897
1380,897
1357,897
553,897
499,897
271,897
1255,897
825,897
960,897
1080,897
500,897
1217,897
582,897
1088,897
1313,897
1409,897
772,897
1185,897
1342,897
1619,897
1490,897
540,897
1209,897
922,897
964,897
1415,897
1482,897
891,897
882,897
568,897
666,897
1108,897
1335,897
1131,897
1405,898
1288,898
881,898
1289,898
1083,898
453,898
238,898
990,898
1023,898
1390,898
1037,898
333,898
531,898
1566,898
1337,898
1299,898
1408,898
763,898
1404,898
1047,898
46,898
542,898
242,898
525,898
1112,898
1415,898
886,898
107,898
632,898
722,898
103,898
136,898
175,898
781,898
217,898
239,898
236,898
235,898
94,898
1608,898
961,898
59,898
800,899
888,899
1292,899
982,899
637,899
1376,899
1608,899
1541,899
1102,899
1418,899
1404,899
1392,899
1333,899
1440,899
1346,899
1341,899
1133,899
1233,899
1332,899
722,899
723,899
917,899
806,899
1394,899
1344,899
919,899
1379,899
1017,899
1180,899
1384,899
635,899
1243,899
1238,899
1024,899
1533,899
1129,899
553,899
1505,899
1529,899
1116,899
1353,899
649,899
1589,899
664,899
1408,899
1236,899
673,899
1287,899
1211,899
1016,899
1227,899
671,899
1331,899
995,899
1013,899
1244,899
1090,899
873,899
1507,900
1126,900
1221,900
958,900
525,900
1247,900
737,900
1364,900
1208,900
1543,900
1022,900
1279,900
1013,900
1608,900
1204,900
670,900
1262,900
846,900
1349,900
778,900
847,900
1151,900
553,900
1024,900
1631,900
760,900
762,900
651,900
755,900
623,900
866,900
1000,900
1289,900
874,900
1006,900
864,900
828,900
1408,900
1232,900
664,901
1199,901
991,901
505,901
517,901
1451,901
1391,901
1220,901
990,901
1233,901
1118,901
1020,901
1140,901
1282,901
783,901
652,901
1534,901
1455,901
1299,901
1290,901
1162,901
1025,901
1023,901
739,901
1009,901
1634,901
1488,901
1409,901
966,901
1364,901
1015,901
178,901
1608,901
935,901
939,901
1047,901
1180,901
1231,901
1321,901
1457,901
994,901
995,901
762,901
1359,901
784,901
1318,901
554,902
1544,902
1316,902
547,902
1013,902
256,902
551,902
525,902
582,902
1037,902
592,902
1282,902
572,902
1221,902
1072,902
649,902
250,902
605,902
1015,902
1265,902
736,902
1023,902
1509,902
755,902
1112,902
964,902
558,902
1561,902
1477,902
758,902
912,902
524,902
721,903
542,903
536,903
1317,903
1236,903
1233,903
531,903
1363,903
685,903
500,903
1315,903
310,903
42,903
515,903
1187,903
1508,903
1040,903
582,903
1264,903
1023,903
1379,903
583,903
1341,903
1512,903
1332,903
1255,903
776,903
336,903
823,903
537,903
1154,903
1578,903
481,903
1329,903
507,903
886,903
372,903
780,903
1296,903
1221,903
1037,903
1199,903
820,903
616,903
548,903
1210,903
739,903
1396,903
750,903
1247,903
1265,903
992,903
1235,904
1329,904
1129,904
1264,904
438,904
1482,904
1385,904
1317,904
508,904
1371,904
1455,904
1392,904
1372,904
481,904
1363,904
1000,904
1233,904
1099,904
1376,904
1211,905
1236,905
536,905
1199,905
807,905
724,905
234,905
778,905
1315,905
1233,905
320,905
445,905
1518,905
1512,905
634,905
1608,905
506,905
1516,905
1528,905
1435,905
1013,905
484,905
656,905
438,905
598,905
823,905
1080,905
779,905
474,905
1009,905
1442,905
1418,905
979,905
1289,905
469,905
1639,905
1089,905
687,905
1185,905
764,905
1234,905
561,905
1524,905
395,905
1415,905
996,905
560,905
473,905
515,905
347,905
608,905
1514,905
1484,905
1070,905
1414,905
447,905
960,905
680,905
605,905
505,905
1227,905
1331,906
866,906
1344,906
1080,906
1154,906
525,906
1232,906
1313,906
494,906
531,906
1099,906
1088,906
1101,906
1362,906
664,906
721,906
453,906
964,906
1325,906
1455,906
500,906
1608,906
568,906
1124,906
975,906
1047,906
1288,906
1218,906
1323,906
1396,906
1134,906
521,906
1210,906
702,906
939,906
1180,906
1615,906
1185,906
1513,906
1561,906
947,906
447,906
1175,906
1221,906
1122,906
1222,906
684,906
483,906
1415,906
485,907
1288,907
721,907
1269,907
740,907
996,907
1388,907
1275,907
564,907
1364,907
1036,907
1392,907
626,907
1348,907
1532,907
1256,907
1457,907
1080,907
662,907
1190,907
1030,907
1276,907
1537,907
1456,907
964,907
727,907
919,907
72,907
1517,907
765,907
735,907
1264,907
648,907
722,907
737,907
975,907
1353,907
1396,907
1262,907
1074,907
1393,907
1295,907
1345,908
1372,908
987,908
985,908
729,908
1364,908
1363,908
1232,908
1371,908
1018,908
1202,908
1376,908
1346,908
1233,908
1213,908
1214,908
986,908
1208,908
1212,908
1205,908
1374,908
664,908
1210,908
1209,908
1203,908
1274,908
1344,908
1403,908
1211,908
1404,908
1019,908
1204,908
1206,908
1392,908
1016,908
1227,908
1380,908
1511,908
1292,908
626,908
993,908
994,908
1289,908
1108,908
1288,908
1353,908
1352,908
1162,908
989,908
1389,908
892,908
1349,908
1379,908
1348,908
1388,908
1512,908
1224,908
1517,908
1225,908
1514,908
1294,908
1290,908
1384,908
1295,908
1385,908
1513,908
292,908
1518,908
1383,908
1382,908
1023,908
1357,908
990,908
992,908
1231,908
628,908
1017,908
1377,908
1359,908
1218,908
1521,908
1217,908
1520,908
1519,908
988,908
1451,908
1215,908
1006,908
1007,908
1009,908
1325,908
1013,908
1015,908
1396,908
1398,908
1400,908
1402,908
1002,908
1394,908
1000,908
1220,908
1347,908
995,908
536,908
1390,908
1223,908
1362,908
996,908
998,908
1228,908
1509,908
1222,908
1391,908
1229,908
1516,908
1393,908
1508,908
1221,908
1230,908
1025,908
1296,908
1122,908
1145,908
1101,908
1102,908
1105,908
1142,908
1140,908
1138,908
1323,908
1124,908
1106,908
1279,908
1278,908
1137,908
1136,908
1276,908
1275,908
1134,908
1126,908
1322,908
1273,908
1455,908
1313,908
1272,908
1147,908
1149,908
1332,908
1083,908
1285,908
1087,908
1331,908
1088,908
1089,908
1330,908
1329,908
1284,908
1283,908
1090,908
1091,908
1282,908
1093,908
1280,908
1444,908
1491,908
1324,908
1448,908
1449,908
1450,908
234,908
1099,908
1082,908
1456,908
1458,908
1265,908
1112,908
1113,908
1263,908
1131,908
1116,908
1117,908
1118,908
1119,908
1484,908
1485,908
1314,908
1262,908
1129,908
1316,908
706,908
1315,908
1241,908
1488,908
1489,908
702,908
1418,908
1317,908
1457,908
1266,908
1111,908
1459,908
1464,908
1465,908
1490,908
1466,908
1467,908
1468,908
1133,908
1471,908
1258,908
1474,908
1475,908
1321,908
1320,908
1477,908
1319,908
1480,908
1269,908
1481,908
1318,908
289,908
1109,908
1482,908
1020,908
1080,908
1443,908
1417,908
1169,908
1419,908
1236,908
1342,908
1297,908
1168,908
1167,908
1166,908
1164,908
1161,908
1238,908
1156,908
1420,908
1024,908
1194,908
1027,908
1028,908
1242,908
1416,908
825,908
1415,908
1173,908
1234,908
1201,908
1199,908
1198,908
1408,908
1195,908
1298,908
1189,908
1187,908
1507,908
1287,908
1021,908
1022,908
1409,908
1185,908
1410,908
1184,908
1183,908
1411,908
1180,908
1175,908
1299,908
1414,908
1333,908
1421,908
1244,908
1309,908
1341,908
1499,908
1070,908
1340,908
1437,908
1439,908
1071,908
1254,908
1310,908
1072,908
1255,908
720,908
1440,908
1256,908
1338,908
1257,908
1337,908
1496,908
1335,908
1334,908
1441,908
1442,908
1074,908
1076,908
1059,908
1243,908
1251,908
1432,908
1246,908
1030,908
1032,908
1035,908
1422,908
1036,908
1424,908
723,908
721,908
1247,908
1248,908
1506,908
1037,908
1040,908
1047,908
1154,908
1052,908
1301,908
1425,908
1505,908
1053,908
1056,908
1249,908
1151,908
1430,908
1435,908
1264,908
623,908
682,908
798,908
476,908
474,908
891,908
473,908
291,908
469,908
797,908
893,908
796,908
792,908
210,908
786,908
1571,908
784,908
783,908
781,908
1569,908
1567,908
780,908
907,908
1566,908
779,908
778,908
800,908
801,908
1576,908
890,908
490,908
812,908
1588,908
887,908
888,908
488,908
486,908
1586,908
811,908
810,908
809,908
485,908
1564,908
484,908
482,908
807,908
1580,908
605,908
806,908
607,908
805,908
889,908
802,908
481,908
1578,908
479,908
483,908
1562,908
776,908
922,908
923,908
417,908
927,908
929,908
930,908
931,908
610,908
1614,908
162,908
768,908
438,908
611,908
614,908
616,908
767,908
935,908
413,908
766,908
765,908
937,908
409,908
938,908
539,908
494,908
1610,908
609,908
775,908
774,908
453,908
908,908
910,908
911,908
447,908
912,908
1561,908
1559,908
1556,908
1555,908
919,908
914,908
1551,908
772,908
771,908
916,908
917,908
445,908
770,908
1547,908
1546,908
1545,908
1607,908
1608,908
1552,908
496,908
1589,908
813,908
259,908
553,908
521,908
520,908
877,908
519,908
558,908
517,908
560,908
515,908
876,908
561,908
510,908
874,908
508,908
563,908
564,908
1596,908
568,908
228,908
873,908
872,908
522,908
523,908
540,908
537,908
542,908
534,908
881,908
248,908
249,908
533,908
531,908
528,908
252,908
547,908
548,908
684,908
242,908
240,908
525,908
250,908
238,908
550,908
882,908
551,908
854,908
524,908
1597,908
764,908
871,908
869,908
841,908
1594,908
833,908
1593,908
828,908
500,908
827,908
823,908
821,908
499,908
592,908
503,908
820,908
817,908
816,908
598,908
498,908
886,908
497,908
600,908
1591,908
815,908
814,908
1590,908
593,908
569,908
884,908
279,908
571,908
507,908
572,908
271,908
866,908
582,908
864,908
863,908
1595,908
862,908
859,908
506,908
591,908
583,908
857,908
856,908
585,908
586,908
855,908
505,908
850,908
849,908
848,908
847,908
846,908
584,908
1615,908
613,908
395,908
727,908
1640,908
1643,908
724,908
1539,908
1537,908
1534,908
1533,908
654,908
1639,908
966,908
967,908
722,908
306,908
656,908
657,908
310,908
316,908
347,908
734,908
735,908
737,908
1631,908
1633,908
636,908
744,908
637,908
640,908
743,908
1634,908
740,908
643,908
645,908
1636,908
648,908
649,908
739,908
738,908
403,908
736,908
651,908
653,908
968,908
1630,908
969,908
1647,908
701,908
700,908
696,908
336,908
329,908
1528,908
695,908
1653,908
327,908
1529,908
691,908
979,908
973,908
689,908
675,908
680,908
1522,908
980,908
982,908
687,908
685,908
1524,908
326,908
674,908
977,908
661,908
715,908
984,908
970,908
662,908
975,908
320,908
665,908
1532,908
1531,908
1648,908
666,908
667,908
344,908
670,908
671,908
673,908
1530,908
1645,908
1629,908
650,908
745,908
949,908
1625,908
951,908
372,908
1544,908
952,908
1543,908
1542,908
371,908
959,908
960,908
369,908
958,908
754,908
755,908
763,908
939,908
618,908
621,908
1619,908
945,908
947,908
387,908
1621,908
762,908
760,908
948,908
758,908
303,908
629,908
879,908
360,908
750,908
630,908
634,908
961,908
751,908
635,908
367,908
357,908
633,908
964,908
350,908
962,908
1541,908
631,908
354,908
1540,908
1593,909
1323,909
1477,909
1329,909
1341,909
1475,909
1379,909
1451,909
1559,909
780,909
563,909
1340,909
534,909
1232,909
1588,909
1437,909
1231,909
551,909
1450,909
1233,909
250,909
360,909
593,909
1580,909
1556,909
585,909
1214,909
1640,909
350,909
1002,909
1507,909
1569,909
1594,909
1639,909
1648,909
1242,909
1608,909
592,909
1274,909
916,909
1338,909
249,909
1491,909
271,909
607,909
847,909
1154,909
1415,909
1481,909
1142,909
1449,909
779,909
1411,909
1346,909
553,909
522,909
1443,909
289,909
259,909
1455,909
1590,909
1468,910
240,910
1474,910
551,910
645,910
1482,910
849,910
774,910
796,910
561,910
626,910
939,910
1353,910
490,910
1206,910
893,910
890,910
792,910
1566,910
982,910
524,910
966,910
973,910
1099,910
762,910
780,910
775,910
961,910
539,910
252,910
745,910
1484,910
687,910
1329,910
1091,910
1528,910
568,910
1634,910
1537,910
584,910
499,910
1541,910
582,910
1440,910
1615,910
993,910
634,910
1488,910
1184,910
600,910
715,910
1288,911
387,911
1236,911
1364,911
1330,911
1169,911
558,911
1140,911
849,911
945,911
947,911
1166,911
1047,911
871,911
372,911
1002,911
534,911
812,911
1371,911
1173,911
763,911
1230,911
560,911
1221,911
1481,911
1482,911
395,911
1175,911
986,911
847,911
848,911
1459,911
651,911
1451,911
1162,911
662,911
1131,911
623,911
1555,911
82,911
751,911
969,911
536,911
1323,911
1319,912
292,912
1315,912
1298,912
344,912
1330,912
1129,912
542,912
869,912
1337,912
1106,912
1108,912
1109,912
1246,912
1363,912
1403,912
1247,912
1409,912
1333,912
1296,912
1294,912
1249,912
240,912
1231,912
1547,912
1210,912
539,912
1175,912
1227,912
1126,912
1607,912
1566,912
551,912
1198,912
303,912
1546,912
1169,912
605,912
522,912
371,912
234,912
547,912
395,912
306,912
1488,912
1380,912
1396,912
531,912
210,912
369,912
347,912
1559,912
884,912
1122,912
350,912
1377,912
1320,912
510,912
1264,912
1199,912
1481,912
320,912
1521,912
1524,912
1580,912
1595,912
372,912
1593,912
1149,912
1233,912
1645,912
1471,912
550,912
743,912
326,912
1047,912
240,913
1332,913
1145,913
1117,913
497,913
841,913
360,913
521,913
722,913
855,913
372,913
310,913
1313,913
533,913
916,913
1371,913
958,913
1296,913
525,913
755,913
800,913
1491,913
1254,913
584,913
508,913
1309,913
1485,913
1122,913
503,913
1183,913
848,913
1329,913
1136,913
1124,913
754,913
1028,913
1269,913
1403,913
1608,913
1419,913
1236,913
1537,913
1408,913
483,913
945,913
970,913
1382,913
1210,913
1588,913
854,913
1516,913
1000,913
1116,913
907,914
1233,914
525,914
1264,914
1116,914
537,914
1262,914
1400,914
347,914
1408,914
292,914
1108,914
1118,914
738,914
1404,914
1243,914
841,914
500,914
1147,914
1247,914
630,914
1265,914
912,914
1511,914
813,914
814,914
807,914
1596,914
628,914
1221,914
1512,914
995,914
1215,914
800,914
1647,914
1551,914
372,914
1266,914
948,914
1341,915
645,915
1118,915
1318,915
1410,915
1408,915
1334,915
727,915
1221,915
519,915
745,915
1116,915
536,915
1424,915
548,915
1588,915
1545,915
1166,915
1639,915
1475,915
802,915
889,915
1109,915
1564,915
1269,915
1555,915
197,915
409,915
248,915
1080,915
729,915
483,915
531,915
666,915
841,915
1344,915
985,915
907,915
1402,915
786,915
1645,915
1467,915
628,915
626,915
1389,915
929,915
1264,916
1185,916
811,916
1430,916
238,916
1594,916
1516,916
1203,916
1119,916
745,916
1414,916
292,916
1248,916
859,916
1543,916
1173,916
494,916
271,916
508,916
523,916
1474,916
1341,916
1530,916
937,916
500,916
1331,916
1481,916
1607,916
1232,916
1272,916
503,916
289,916
547,916
1419,916
887,916
1456,916
651,916
1329,916
230,916
1455,916
1566,916
1522,916
827,916
1213,916
1567,916
650,916
1230,916
1183,917
968,917
1530,917
585,917
881,917
1528,917
1195,917
821,917
1210,917
1388,917
387,917
521,917
403,917
876,917
1264,917
1199,917
1246,917
1189,917
1201,917
1185,917
1111,917
623,917
291,917
813,917
592,917
1244,917
1341,917
1552,917
547,917
1002,917
685,917
605,917
1241,917
1243,917
869,917
1248,917
1556,917
1384,917
234,917
520,917
754,917
1296,917
1298,917
1329,917
855,917
1332,917
1133,917
1087,917
1334,917
825,917
1466,917
607,917
1330,917
927,917
1595,917
700,917
582,917
778,917
998,917
797,917
760,917
1633,917
634,918
1137,918
1164,918
914,918
670,918
1088,918
873,918
947,918
682,918
1449,918
631,918
523,918
531,918
970,918
1645,918
1329,918
1296,918
1105,918
850,918
665,918
1588,918
637,918
1030,918
1225,918
633,918
1210,918
1471,918
1109,918
662,918
1047,918
1567,918
979,918
754,918
1002,918
922,918
1629,918
1185,918
1561,918
1183,918
1314,918
1420,918
1255,918
1138,918
1243,918
1537,918
975,918
881,918
998,918
613,918
1000,918
1023,918
1364,918
1147,918
592,918
1018,918
786,918
825,919
689,919
1556,919
486,919
1482,919
682,919
571,919
519,919
626,919
1296,919
723,919
1531,919
1441,919
508,919
989,919
862,919
1559,919
871,919
815,919
893,919
409,919
1314,919
1555,919
1332,919
1167,919
572,919
1415,919
1353,919
1313,919
582,919
1035,919
919,919
745,919
605,919
607,919
1410,919
1411,919
453,919
737,919
631,919
1013,919
500,919
1645,919
623,919
510,919
621,919
1653,919
1608,919
1648,920
1595,920
561,920
1593,920
1591,920
1590,920
1134,920
1594,920
1596,920
737,920
1597,920
1607,920
1619,920
1621,920
1324,920
623,920
631,920
329,920
571,920
1589,920
553,920
1586,920
1322,920
1614,920
1588,920
1199,920
1175,920
613,920
531,920
447,920
1070,920
680,920
1056,920
1633,920
1334,920
1215,920
1109,920
937,920
1288,920
634,920
1566,920
522,920
1204,920
1534,920
1019,920
811,920
879,920
1304,920
751,920
560,920
507,920
979,920
508,920
729,920
521,920
888,920
762,920
675,920
593,920
1645,920
1329,920
1643,921
1524,921
1288,921
1209,921
1333,921
417,921
1185,921
800,921
1341,921
1402,921
1331,921
72,921
1594,921
326,921
1443,921
1274,921
1332,921
781,921
1380,921
65,921
691,921
1517,921
524,921
879,921
1243,921
1009,921
598,921
1319,921
632,921
469,921
582,921
1292,921
1329,921
553,921
1090,921
1187,921
1116,921
1475,921
1567,921
1203,921
476,921
157,921
548,921
821,921
1593,921
584,921
1564,921
520,921
1264,921
1633,921
758,921
1227,921
1562,921
1532,921
1342,921
1206,921
1640,921
1561,921
919,921
1285,921
970,921
411,921
1202,921
1414,921
665,922
1088,922
775,922
438,922
524,922
856,922
1059,922
630,922
521,922
1203,922
1255,922
1244,922
1507,922
1474,922
1129,922
1633,922
1093,922
670,922
656,922
755,922
645,922
653,922
553,922
631,922
611,922
846,922
783,922
1231,922
369,922
1408,922
1083,922
586,922
1362,922
1022,922
636,922
445,922
403,922
476,922
1290,922
1292,922
1313,922
1118,922
360,922
1256,922
667,922
1109,922
1348,922
1199,922
1420,922
372,922
1468,922
1524,922
234,922
1347,922
539,922
720,922
1000,923
1093,923
1633,923
1315,923
551,923
996,923
592,923
584,923
1185,923
1634,923
564,923
1091,923
1264,923
1541,923
1321,923
1002,923
536,923
1643,923
825,923
572,923
634,923
675,923
1080,923
1105,923
609,923
1511,923
1117,923
766,923
1353,923
1524,923
558,923
674,923
1249,923
1265,923
1636,923
1205,923
1507,923
1496,923
1269,923
960,923
1131,923
1614,923
1468,923
1292,923
783,923
914,923
767,923
780,923
486,923
1056,923
1047,923
623,924
1566,924
372,924
1449,924
888,924
654,924
764,924
1299,924
271,924
984,924
1230,924
1282,924
706,924
1255,924
1210,924
877,924
687,924
1025,924
751,924
1562,924
1136,924
1028,924
684,924
326,924
1129,924
1639,924
743,924
1212,924
1636,924
1199,924
673,924
1168,924
621,924
248,924
871,924
922,924
1283,924
910,924
250,924
1448,924
292,924
960,924
1264,924
727,924
360,924
497,924
857,924
1357,924
700,924
1009,924
1233,924
720,924
1496,924
923,925
1603,925
210,925
1545,925
9,925
1325,925
855,925
1321,925
1404,925
1189,925
10,925
1234,925
645,925
967,925
1289,925
66,925
52,925
1511,925
92,925
531,925
1485,925
117,925
170,925
306,925
776,925
1403,925
1610,925
1417,925
724,925
662,925
1318,925
1238,925
916,925
592,925
888,925
881,925
372,925
833,925
1509,925
856,925
1363,925
1088,925
320,925
952,925
992,925
1149,925
310,925
240,925
680,925
45,925
1733,925
1408,925
1298,925
1435,925
1391,925
927,925
1359,925
1299,925
626,925
47,925
1411,925
1300,925
118,925
1601,925
584,925
1249,925
1450,925
1258,926
1257,926
1236,926
1275,926
1448,926
1444,926
1597,926
1379,926
1231,926
1396,926
1394,926
923,926
372,926
507,926
684,926
979,926
1317,926
1199,926
1482,926
869,926
572,926
1331,926
1316,926
1224,926
1126,926
700,926
1111,926
1608,926
1534,926
1474,926
1430,926
1377,926
1633,926
1276,926
1246,926
1070,926
1052,926
1131,926
1016,926
1013,926
988,926
986,926
947,926
1634,926
919,926
1404,926
886,926
1175,926
1247,926
862,926
1514,926
855,926
854,926
820,926
539,926
1093,926
958,926
1450,926
727,926
802,926
864,926
1189,926
1035,926
1364,926
1164,926
1449,926
977,926
1206,926
531,926
1204,926
1211,926
1213,926
1209,926
1509,926
665,926
1410,926
968,926
357,927
485,927
628,927
651,927
1419,927
303,927
637,927
483,927
494,927
1323,927
1256,927
722,927
653,927
1209,927
1221,927
739,927
1262,927
473,927
680,927
1414,927
592,927
721,927
344,927
259,927
354,927
636,927
1093,927
661,927
1507,927
1228,927
1329,927
1289,927
817,927
1528,927
634,927
1529,927
922,927
766,927
1562,927
1324,927
770,927
751,927
1243,927
960,927
1532,927
271,927
772,927
250,927
1052,927
336,927
1244,927
645,928
1528,928
1243,928
585,928
636,928
1341,928
1002,928
551,928
1329,928
494,928
1292,928
1288,928
1516,928
809,928
755,928
547,928
754,928
1015,928
774,928
1364,928
508,928
1465,928
635,928
850,928
568,928
821,928
1059,928
814,928
1093,928
1224,928
1301,928
872,928
499,928
292,928
1204,928
1145,928
616,928
531,928
1019,928
1236,928
977,928
1113,928
1269,928
1364,929
739,929
623,929
1331,929
506,929
1203,929
438,929
729,929
1614,929
805,929
250,929
1175,929
560,929
969,929
1248,929
417,929
1118,929
1298,929
1020,929
1347,929
558,929
1337,929
743,929
1241,929
1109,929
279,929
1185,929
1334,929
1217,929
510,929
744,929
975,929
1247,929
1222,929
1224,929
1396,929
1236,929
702,929
984,929
1414,929
525,929
1322,929
1225,929
1243,929
995,929
1296,929
1255,929
987,929
517,929
992,929
1030,930
1233,930
1310,930
1511,930
1024,930
303,930
292,930
886,930
350,930
1027,930
1382,930
958,930
1210,930
1232,930
1108,930
781,930
326,930
1248,930
1109,930
760,930
856,930
1509,930
1185,930
927,930
289,930
1264,930
961,930
763,930
772,930
1187,930
1011,930
817,930
930,930
854,930
816,930
762,930
1255,930
739,930
1329,930
1640,930
960,930
930,931
1435,931
1530,931
1138,931
966,931
1543,931
1464,931
1002,931
1167,931
1455,931
445,931
1474,931
531,931
1080,931
1485,931
1169,931
908,931
1296,931
1552,931
1540,931
1227,931
1224,931
1264,931
438,931
1608,931
1232,931
951,931
1122,931
1346,931
1175,931
1338,931
653,931
1194,931
1522,931
1621,931
1537,931
992,931
1333,931
1189,931
1482,931
1430,931
987,931
975,931
1467,932
702,932
691,932
1210,932
1346,932
551,932
628,932
531,932
518,932
520,932
593,932
634,932
1362,932
1024,932
453,932
521,932
1430,932
1002,932
508,932
1199,932
1357,932
1359,932
1262,932
517,932
1488,932
1414,932
558,932
1380,932
862,932
775,932
623,932
1007,932
507,932
1443,932
1409,932
519,932
1000,932
772,932
763,932
995,932
671,932
483,932
846,932
1596,932
1285,933
1288,933
534,933
779,933
987,933
533,933
809,933
558,933
645,933
1621,933
990,933
807,933
1314,933
778,933
1091,933
1227,933
1316,933
816,933
1402,933
488,933
1481,933
1269,933
499,933
563,933
1555,933
539,933
1425,933
1521,933
1490,933
1414,933
572,933
1310,933
783,933
1522,933
1496,933
564,933
560,933
1276,933
1109,934
780,934
1195,934
1474,934
1448,934
645,934
767,934
1183,934
1199,934
560,934
1564,934
1024,934
1028,934
1204,934
768,934
533,934
558,934
1272,934
1173,934
1175,934
675,934
648,934
329,934
1468,934
806,934
807,934
996,934
1450,934
250,934
671,934
240,934
309,934
809,934
816,934
1020,934
307,934
1455,934
354,934
476,934
1449,934
667,934
469,934
811,934
1180,934
843,934
666,934
680,934
1443,934
895,934
1247,935
1232,935
970,935
1053,935
929,935
1441,935
616,935
1056,935
1080,935
1210,935
1411,935
1319,935
1024,935
888,935
621,935
1333,935
1199,935
701,935
1213,935
1262,935
235,935
1514,935
613,935
1233,935
540,935
872,935
1230,935
1257,935
628,935
1243,935
584,935
539,935
1532,935
855,935
973,935
531,935
1543,935
1316,935
884,935
984,935
968,936
525,936
648,936
640,936
547,936
737,936
1264,936
823,936
536,936
1521,936
505,936
882,936
607,936
1187,936
637,936
1142,936
1590,936
721,936
486,936
636,936
326,936
336,936
347,936
506,936
507,936
1444,936
1396,936
701,936
1337,936
1221,936
1072,936
1468,936
702,936
1126,936
1122,936
780,936
1056,936
664,936
1475,936
980,936
1227,936
727,936
700,936
661,936
500,936
1402,936
610,936
1518,936
887,936
1519,936
395,936
729,936
1522,936
948,936
645,936
815,936
975,936
1275,936
1334,936
1089,936
483,936
344,936
630,936
403,936
553,937
1116,937
1403,937
1138,937
998,937
1391,937
1466,937
754,937
1380,937
1379,937
1015,937
1016,937
228,937
1372,937
986,937
1371,937
1285,937
1414,937
763,937
1417,937
1129,937
1331,937
1310,937
951,937
1382,937
1017,937
1341,937
1122,937
691,937
973,937
689,937
1488,937
1324,937
1202,937
1283,937
876,937
807,937
722,937
1154,938
1345,938
1338,938
553,938
1175,938
1137,938
506,938
871,938
879,938
1475,938
1645,938
764,938
685,938
1262,938
1341,938
1164,938
1348,938
1347,938
1464,938
310,938
1212,938
503,938
996,938
876,938
1273,938
869,938
1213,938
1149,938
1013,938
656,938
781,938
1257,938
1319,938
1314,938
938,938
540,938
1106,938
1484,938
1424,938
1166,938
250,938
1233,938
1342,938
320,938
316,939
1371,939
310,939
1020,939
873,939
807,939
735,939
1119,939
320,939
248,939
1116,939
1417,939
1639,939
609,939
1513,939
998,939
1131,939
558,939
592,939
1036,939
866,939
1457,939
306,939
772,939
1372,939
1507,939
737,939
1488,939
848,939
1484,939
1017,939
1212,939
982,939
1556,939
990,939
563,939
1634,939
304,939
1643,939
1418,939
1352,939
797,940
572,940
1111,940
800,940
1537,940
1105,940
935,940
1608,940
1317,940
564,940
947,940
1007,940
1056,940
1530,940
1147,940
802,940
1615,940
764,940
890,940
1106,940
1108,940
1013,940
522,940
1040,940
1300,940
720,940
1392,940
1371,940
1036,940
812,940
814,940
919,940
929,940
993,940
582,940
1101,940
1109,940
500,940
605,940
1491,940
503,940
1199,940
735,940
807,940
1566,940
1645,940
1288,940
1607,940
1338,940
1450,941
1636,941
525,941
1562,941
558,941
735,941
996,941
671,941
524,941
1329,941
1444,941
1415,941
1337,941
1539,941
820,941
812,941
1264,941
1203,941
1202,941
485,941
1232,941
1531,941
1199,941
973,941
1265,941
521,941
1424,941
1586,941
1496,941
949,941
522,941
1594,941
1210,941
1384,941
1223,941
1224,941
1507,941
1175,941
1071,941
947,941
1056,941
1211,941
1391,941
1330,942
569,942
682,942
1319,942
525,942
827,942
586,942
1018,942
1070,942
1262,942
344,942
908,942
810,942
765,942
763,942
1257,942
781,942
1403,942
1227,942
336,942
792,942
572,942
1036,942
605,942
784,942
1090,942
1318,942
1288,942
500,942
453,942
327,942
930,942
912,942
1532,942
1329,942
923,942
1629,942
1482,942
1389,942
1593,942
1149,942
1016,942
1147,942
1221,942
1392,942
1610,942
67,942
1287,942
1283,942
805,942
947,942
1551,942
939,942
1544,942
817,942
841,942
1175,943
292,943
1082,943
1374,943
827,943
1357,943
1409,943
1288,943
1537,943
1619,943
1471,943
447,943
890,943
673,943
645,943
303,943
1217,943
1392,943
1505,943
1329,943
786,943
1185,943
445,943
1116,943
1341,943
807,943
522,943
935,943
1255,943
891,943
1481,943
508,943
1315,943
1283,943
1258,943
874,943
306,943
1233,943
259,943
528,943
886,943
1221,943
479,943
650,943
403,943
1222,943
664,943
1111,943
1596,943
1398,943
473,943
1154,943
768,943
767,943
316,943
1566,943
496,943
1264,943
779,943
850,943
500,943
572,943
781,943
1467,943
1485,943
1516,944
1591,944
1082,944
768,944
520,944
533,944
636,944
613,944
614,944
1491,944
1534,944
609,944
1131,944
1117,944
539,944
592,944
982,944
1053,944
1028,944
551,944
1227,944
815,944
1414,944
623,944
329,944
1247,944
259,944
967,944
1020,944
1222,944
1400,944
1610,944
1517,944
344,944
1533,944
1607,944
1349,944
1040,944
1243,944
162,944
720,944
1221,944
1346,944
616,944
798,944
1037,944
952,944
510,944
1279,944
947,944
916,944
864,944
985,944
958,944
1323,944
912,944
767,944
817,944
593,944
1122,944
1299,944
1559,944
1411,944
1310,944
1391,944
1468,944
871,944
1440,944
1090,944
1318,944
1372,944
1417,944
1331,944
252,944
1597,944
1173,944
989,944
987,945
1289,945
648,945
1424,945
1334,945
1093,945
1233,945
701,945
700,945
680,945
1209,945
807,945
887,945
984,945
1508,945
1109,945
1357,945
1264,945
1358,945
778,945
947,945
259,945
1301,945
784,945
344,945
1539,945
1338,945
744,945
833,945
631,945
494,945
1119,945
969,945
1255,945
1285,945
1329,945
1243,945
1590,945
740,945
1230,945
720,945
1511,945
369,946
1264,946
1255,946
1424,946
722,946
1288,946
1359,946
1233,946
445,946
1056,946
507,946
508,946
649,946
998,946
1040,946
975,946
1266,946
996,946
1505,946
1376,946
1185,946
1243,946
1566,946
977,946
1653,946
1116,946
611,946
1000,946
1520,946
1292,946
1621,946
1332,946
1551,946
1591,946
519,946
1015,946
1411,946
1105,946
743,946
1262,946
1357,946
1076,946
372,946
547,946
1212,946
1457,946
1474,946
1269,946
1507,946
531,946
1070,946
1384,947
1394,947
951,947
1276,947
1213,947
1506,947
1608,947
1319,947
582,947
1586,947
1021,947
715,947
1444,947
1320,947
797,947
347,947
395,947
1275,947
992,947
995,947
1126,947
1022,947
1230,947
988,947
1233,947
1481,947
1243,947
1257,947
1322,947
862,947
547,947
1164,947
1269,947
1509,947
1246,947
1324,947
1645,947
1309,947
1053,947
369,947
1379,947
1522,947
1547,947
1183,947
1272,947
1015,947
372,947
1653,947
948,947
754,947
813,947
1118,947
371,947
653,947
959,947
975,947
367,947
533,947
1340,947
666,947
453,947
1465,947
1345,947
1346,947
984,947
1347,947
1533,947
1408,947
1440,947
1467,947
767,947
438,947
968,947
483,947
1210,948
1243,948
1088,948
1408,948
1254,948
856,948
205,948
344,948
1214,948
1249,948
1588,948
990,948
1233,948
1265,948
1231,948
1318,948
1457,948
1222,948
1221,948
292,948
233,948
1450,948
874,948
1645,948
952,948
474,948
1430,948
1022,948
1212,948
634,948
1184,948
479,948
623,948
863,948
254,948
1229,948
1150,948
893,948
252,948
1566,948
259,948
485,948
607,948
585,948
801,948
962,948
1185,948
640,948
1488,948
1531,948
1534,948
1109,948
1631,948
210,948
806,948
1224,948
919,949
372,949
531,949
494,949
533,949
347,949
1074,949
1566,949
520,949
1244,949
540,949
1185,949
1202,949
833,949
525,949
623,949
653,949
1210,949
1417,949
949,949
961,949
982,949
980,949
614,949
664,949
636,949
547,949
508,949
1289,949
536,949
613,949
1201,949
764,949
628,949
485,949
1189,949
306,949
1414,949
886,949
1329,949
611,949
881,949
292,949
907,949
360,949
1634,949
539,949
952,949
1030,949
1242,949
1353,949
1113,950
623,950
807,950
1209,950
1561,950
849,950
292,950
485,950
857,950
1317,950
1310,950
1299,950
1263,950
745,950
1551,950
1377,950
1329,950
1341,950
947,950
1296,950
1363,950
547,950
395,950
664,950
1264,950
1357,950
1614,950
640,950
648,950
1394,950
1229,950
613,950
859,950
776,950
649,950
367,950
739,950
912,950
973,950
1202,950
1346,950
1408,950
720,950
1288,950
1297,950
1088,950
250,950
645,950
1541,950
1301,950
1090,951
395,951
1087,951
1344,951
1352,951
1449,951
1456,951
1409,951
1388,951
1385,951
1102,951
821,951
828,951
292,951
634,951
1404,951
547,951
815,951
816,951
539,951
1645,951
1567,951
1516,951
1559,951
1227,951
995,951
1332,951
523,951
973,951
859,951
531,951
1566,951
372,951
1056,951
1408,951
1027,951
1532,951
962,951
259,951
481,951
1521,951
520,951
291,951
250,951
1017,951
613,951
387,951
453,951
1540,951
1264,951
1529,951
447,951
1551,951
369,951
525,951
1496,952
1233,952
989,952
1002,952
653,952
770,952
496,952
995,952
1633,952
1243,952
1541,952
582,952
1131,952
1334,952
572,952
569,952
1323,952
891,952
628,952
869,952
1506,952
1027,952
1443,952
887,952
551,952
1214,952
1329,952
1432,952
1394,952
1597,952
558,952
1359,952
1264,952
593,952
433,952
654,952
1048,952
1586,952
1236,952
1482,952
479,952
1099,952
426,952
919,952
1547,952
1580,952
811,952
1184,952
1595,952
540,952
508,952
1341,953
760,953
503,953
1288,953
1507,953
1349,953
1508,953
1035,953
505,953
1588,953
1006,953
1082,953
1232,953
1108,953
1273,953
1023,953
1002,953
917,953
1633,953
1185,953
1169,953
568,953
1537,953
862,953
1449,953
994,953
1440,953
1210,953
123,953
561,953
1080,953
1420,953
1332,953
521,953
1229,953
1392,953
1409,953
1287,953
765,953
855,953
1329,953
1404,954
1321,954
762,954
1082,954
1137,954
1593,954
1408,954
1108,954
1116,954
1634,954
992,954
689,954
510,954
610,954
1653,954
751,954
1052,954
453,954
700,954
1651,954
1150,954
438,954
1233,954
755,954
1645,954
469,954
515,954
772,954
1272,954
1294,954
961,954
760,954
849,954
1002,954
474,954
1131,954
916,954
1017,954
975,954
765,954
1346,954
1024,954
1018,954
1199,954
1396,954
927,954
629,954
890,954
592,954
1093,954
585,954
1289,954
371,954
531,954
1471,955
234,955
856,955
1059,955
1126,955
1223,955
1408,955
1384,955
523,955
815,955
923,955
536,955
1210,955
1173,955
879,955
960,955
1567,955
1316,955
1457,955
1228,955
881,955
183,955
184,955
1032,955
930,955
1122,955
670,955
633,955
1266,955
571,955
1164,955
820,955
1347,955
1217,955
1238,955
1109,955
1233,955
874,955
1359,955
1589,955
347,955
1580,955
1537,955
1265,955
1564,955
854,955
1329,955
1546,955
1199,955
453,955
387,955
517,955
628,956
1255,956
1559,956
1450,956
614,956
1335,956
292,956
234,956
1224,956
551,956
1227,956
1324,956
751,956
1194,956
871,956
879,956
966,956
1056,956
1282,956
1059,956
1131,956
517,956
1236,956
1555,956
764,956
1372,956
1018,956
1442,956
1109,956
1546,956
684,956
1353,956
1534,956
1269,956
722,956
1440,956
1414,956
1506,956
1133,956
240,956
522,956
1205,956
1448,956
1262,956
1482,956
1218,956
1198,956
1199,956
734,956
1202,956
1217,956
1508,956
1435,956
964,956
780,956
1457,956
1533,956
766,956
520,956
1187,956
310,957
1505,957
1471,957
497,957
1468,957
1229,957
1318,957
1546,957
1217,957
1246,957
771,957
1279,957
740,957
1244,957
1221,957
816,957
1070,957
966,957
975,957
1236,957
1323,957
910,957
820,957
1021,957
648,957
1419,957
387,957
1332,957
499,957
919,957
1122,957
968,957
1490,957
967,957
737,957
1105,957
1502,957
1387,957
809,957
506,957
1266,957
1288,957
395,957
436,957
1108,957
739,957
422,957
960,957
1315,957
722,957
657,957
1520,957
1299,957
1006,957
973,957
959,957
952,957
891,957
750,957
736,957
667,957
857,957
344,957
633,957
327,957
336,957
1518,957
1341,957
931,957
1093,958
1496,958
715,958
1185,958
1199,958
1529,958
1482,958
680,958
1540,958
1117,958
828,958
413,958
723,958
558,958
1276,958
654,958
90,958
751,958
988,958
1102,958
609,958
1596,958
1594,958
1485,958
1408,958
720,958
584,958
47,958
722,958
1409,958
1030,958
198,958
403,958
628,958
1430,958
547,958
1459,958
701,958
960,958
234,958
684,958
1342,958
536,958
807,958
1468,958
995,958
648,958
1255,958
1032,958
979,958
1441,958
162,958
55,958
623,958
1022,958
560,958
780,958
864,958
1580,958
1509,958
993,959
1520,959
1508,959
525,959
994,959
1363,959
1027,959
1228,959
866,959
1047,959
1233,959
520,959
553,959
1329,959
528,959
524,959
1488,959
1567,959
1013,959
1419,959
453,959
1455,959
395,959
1415,959
534,959
945,959
558,959
645,959
547,959
1440,959
1517,959
1106,959
1035,959
536,959
607,959
499,959
357,959
1334,959
162,959
1288,959
1528,959
1645,959
292,959
372,959
445,959
779,959
702,959
1346,959
344,959
1021,959
1220,959
234,959
640,959
618,959
551,959
533,959
1513,960
1288,960
534,960
1318,960
505,960
1244,960
1241,960
1198,960
1586,960
1567,960
1108,960
582,960
94,960
662,960
1457,960
1209,960
531,960
959,960
1229,960
1383,960
1169,960
571,960
947,960
806,960
1614,960
801,960
1467,960
1455,960
1512,960
1189,960
1511,960
395,960
326,960
661,960
863,960
763,960
1210,960
1212,960
1334,960
303,960
1126,960
930,960
778,960
1299,960
664,960
1056,960
1028,960
1450,960
1376,960
1499,960
1185,960
1017,960
1032,960
665,960
500,960
755,960
1507,960
344,960
1274,960
1083,960
1214,960
1468,960
810,960
1099,961
1129,961
1287,961
1024,961
1324,961
628,961
1272,961
630,961
1161,961
1614,961
1229,961
1126,961
975,961
1151,961
490,961
1264,961
1310,961
1420,961
1507,961
1202,961
828,961
1167,961
631,961
1036,961
1288,961
360,961
645,961
445,961
1136,961
964,961
1262,961
1213,961
1263,961
919,961
162,961
292,961
369,961
417,961
1408,961
1414,961
1519,961
952,961
1209,961
1185,961
614,961
1532,961
584,961
960,961
1279,961
1183,961
1088,961
951,961
891,962
1264,962
508,962
1457,962
1402,962
531,962
1392,962
1455,962
1636,962
1388,962
1142,962
1015,962
939,962
242,962
919,962
1482,962
1529,962
1149,962
1542,962
496,962
1633,962
958,962
975,962
1183,962
1449,962
592,962
1648,962
1024,962
499,962
291,962
945,962
1296,962
1297,962
248,962
1621,962
1224,962
1440,962
1218,962
1396,962
970,962
1615,962
1348,962
1233,962
1546,962
1341,962
623,962
1002,962
1349,962
1608,962
1151,962
525,962
1380,962
1338,962
666,962
993,962
1547,962
889,963
1607,963
986,963
771,963
292,963
499,963
360,963
841,963
329,963
289,963
1149,963
1254,963
249,963
1272,963
1287,963
673,963
1292,963
1346,963
1210,963
1408,963
1364,963
1435,963
1437,963
1296,963
1238,963
1242,963
848,963
1323,963
772,963
754,963
949,963
485,963
737,963
729,963
685,963
1133,963
413,963
1213,963
778,963
1325,963
1329,963
1214,963
1218,963
964,963
966,963
1229,963
661,963
517,963
1324,963
1415,963
1448,963
1630,963
1640,963
1517,963
1631,963
271,963
919,963
553,963
990,963
568,963
779,963
1257,963
1162,963
1451,963
1275,963
1288,963
1552,963
1116,963
1342,963
1236,963
1131,964
1129,964
1109,964
1449,964
1206,964
869,964
1647,964
1516,964
1482,964
1507,964
1450,964
1185,964
1147,964
996,964
1056,964
1414,964
210,964
628,964
1419,964
1175,964
1645,964
326,964
1118,964
1430,964
1466,964
737,964
1545,964
1432,964
1524,964
1090,964
1210,964
1113,964
1528,964
1512,964
1440,964
994,964
958,964
345,964
1448,964
1211,964
254,964
1631,964
1610,964
1309,964
729,964
584,964
1352,964
1639,964
1269,964
1629,964
682,965
413,965
778,965
792,965
786,965
623,965
776,965
417,965
766,965
1116,965
720,965
1597,965
982,965
1532,965
881,965
884,965
613,965
985,965
1346,965
1088,965
1481,965
977,965
1263,965
886,965
1471,965
1289,965
661,965
765,965
572,965
1362,965
807,965
809,965
1032,965
992,965
798,965
1244,965
1522,965
1118,965
724,965
1105,965
1013,965
593,965
849,965
1466,965
828,965
801,965
723,965
1109,965
1206,965
813,965
887,965
1467,966
1404,966
357,966
1380,966
1410,966
973,966
729,966
1230,966
1384,966
1199,966
1383,966
758,966
367,966
670,966
1243,966
1645,966
1113,966
531,966
1513,966
724,966
453,966
417,966
1633,966
326,966
945,966
1175,966
1578,966
413,966
1348,966
310,966
1345,966
616,966
1209,966
228,966
547,966
584,966
1593,966
1037,966
975,966
1566,966
657,966
1403,966
1325,966
563,966
1137,966
525,966
680,966
996,966
675,966
648,966
1402,966
210,966
1533,966
1364,966
1105,966
959,966
539,966
572,967
1254,967
986,967
605,967
735,967
1393,967
850,967
238,967
1615,967
866,967
558,967
403,967
1316,967
729,967
1024,967
347,967
1013,967
684,967
371,967
1262,967
1221,967
1017,967
395,967
1353,967
701,967
521,967
476,967
1189,967
496,967
923,967
966,967
1282,967
1444,967
360,967
1451,967
1508,967
1456,967
1180,967
417,967
525,967
919,967
989,967
809,967
961,967
959,967
1266,967
1108,967
1187,967
740,967
1089,967
962,967
1325,967
564,967
1185,967
689,967
1400,967
1212,967
547,967
914,967
1514,967
1118,967
737,968
571,968
1341,968
1467,968
547,968
613,968
1122,968
479,968
1340,968
1209,968
1329,968
568,968
1385,968
783,968
670,968
798,968
879,968
1118,968
1213,968
550,968
935,968
1224,968
1607,968
548,968
1338,968
240,968
1529,968
1185,968
1112,968
1396,968
886,968
657,968
1194,968
525,968
1109,968
1211,968
1414,968
682,968
811,968
1380,968
1488,968
651,968
1264,968
1484,968
1566,968
1590,968
496,968
1332,968
598,968
635,968
1437,968
1040,968
320,968
1147,968
866,968
654,968
476,968
510,968
417,968
1266,968
395,968
500,968
1227,968
701,969
1348,969
653,969
700,969
1456,969
664,969
1329,969
614,969
1013,969
473,969
159,969
648,969
621,969
344,969
665,969
1415,969
1076,969
1232,969
474,969
1238,969
1164,969
242,969
805,969
479,969
1032,969
1374,969
157,969
1027,969
447,969
1357,969
1530,969
994,969
1080,969
485,969
1289,969
706,969
528,969
841,969
438,969
1314,969
884,969
1022,969
483,969
646,969
115,969
234,969
1435,969
1471,969
633,969
1342,969
236,969
754,969
745,969
973,969
1116,969
238,969
917,969
1258,969
1215,969
564,970
1106,970
1220,970
700,970
1099,970
767,970
758,970
1025,970
1513,970
1519,970
1230,970
979,970
1035,970
857,970
828,970
722,970
1566,970
1024,970
754,970
1404,970
250,970
1576,970
1229,970
1633,970
1036,970
228,970
685,970
413,970
548,970
621,970
1212,970
1544,970
1408,970
1221,970
674,970
873,970
531,970
490,970
1129,970
720,970
766,970
1403,970
813,970
1080,970
817,970
1224,970
1643,970
1213,971
684,971
344,971
792,971
1269,971
259,971
1634,971
327,971
1631,971
248,971
316,971
947,971
975,971
958,971
1205,971
1346,971
1398,971
564,971
1505,971
1518,971
1353,971
666,971
807,971
1195,971
1455,971
1464,971
1543,971
558,971
1210,971
1199,971
1212,971
357,971
1175,971
1276,971
1639,971
1040,971
1318,971
1013,971
856,971
1274,971
855,971
572,971
360,971
310,971
1185,971
387,971
1264,971
1541,971
1529,971
1474,971
1341,971
1071,971
252,972
1420,972
1409,972
292,972
271,972
1280,972
1332,972
1275,972
1335,972
1341,972
1338,972
1183,972
1246,972
1233,972
1594,972
1212,972
1485,972
1258,972
1597,972
1455,972
738,972
1117,972
1255,972
1209,972
329,972
1608,972
1653,972
1610,972
1330,972
1522,972
524,972
1517,972
1625,972
1537,972
1488,972
1199,972
1615,972
1634,972
1247,972
722,972
1437,972
1013,973
1499,973
1517,973
1020,973
964,973
1021,973
473,973
864,973
438,973
945,973
947,973
975,973
1513,973
1329,973
823,973
531,973
1488,973
350,973
469,973
722,973
1275,973
1233,973
413,973
1313,973
962,973
1091,973
1022,973
1524,973
952,973
841,973
1056,973
1450,973
912,973
1122,973
1340,973
1213,973
1083,973
762,974
1169,974
500,974
600,974
1080,974
1227,974
1047,974
558,974
825,974
850,974
1168,974
536,974
584,974
618,974
1013,974
1113,974
1294,974
1450,974
547,974
721,974
1418,974
1233,974
1513,974
537,974
1108,974
1319,974
649,974
949,974
760,974
1296,974
722,974
1415,974
1279,974
720,974
473,974
929,974
653,974
744,974
474,974
548,974
743,974
1521,974
784,974
1580,974
481,974
1265,974
593,974
737,974
919,974
751,974
326,974
1422,974
674,974
640,974
347,975
1313,975
630,975
1023,975
1210,975
551,975
636,975
1299,975
1466,975
519,975
1485,975
1194,975
1344,975
508,975
1615,975
1118,975
1282,975
1032,975
584,975
962,975
771,975
623,975
1653,975
1531,975
1362,975
1285,975
1377,975
326,975
1209,975
1455,975
344,975
476,975
1329,975
1309,975
490,975
497,975
882,975
1320,975
1264,975
635,975
817,975
737,975
503,975
1288,975
768,975
572,975
1415,975
607,975
1334,975
1393,975
1265,975
1195,975
613,975
665,975
1231,975
521,975
1532,976
734,976
1588,976
1175,976
755,976
1567,976
1511,976
987,976
1404,976
1262,976
1280,976
1007,976
1566,976
1529,976
1520,976
1002,976
1419,976
1440,976
1408,976
1362,976
1080,976
979,976
1417,976
1256,976
1410,976
1180,976
1415,976
1552,976
1488,976
1285,976
1484,976
1254,976
1448,976
1435,976
1288,976
531,976
938,976
1509,976
1499,976
1475,976
1118,976
1236,976
1210,976
1471,976
1353,976
919,976
1129,976
1379,976
1372,976
1485,976
1430,977
755,977
1298,977
1000,977
1233,977
807,977
937,977
977,977
737,977
1484,977
1435,977
783,977
533,977
534,977
1080,977
1411,977
1088,977
1224,977
814,977
1385,977
948,977
1225,977
1242,977
1108,977
884,977
1408,977
1122,977
1223,977
751,977
995,977
998,977
1016,977
1102,977
993,977
1101,977
1246,977
1189,977
1262,977
1106,977
1285,977
1357,977
1288,977
525,977
508,977
228,977
1353,977
821,977
850,977
1338,977
715,977
1586,977
721,977
738,977
740,977
975,977
815,977
869,978
1636,978
1533,978
1532,978
1118,978
1122,978
508,978
1441,978
303,978
320,978
784,978
975,978
1111,978
326,978
1640,978
653,978
977,978
990,978
1013,978
664,978
1508,978
979,978
292,978
720,978
1491,978
723,978
721,978
481,978
1653,978
1108,978
510,978
1154,978
600,978
572,978
609,978
1136,978
1639,978
360,978
1320,978
497,978
1457,978
1537,979
1210,979
583,979
515,979
1541,979
1544,979
605,979
1576,979
1230,979
869,979
291,979
1229,979
271,979
1231,979
1534,979
811,979
1233,979
1580,979
1266,979
1530,979
306,979
960,979
623,979
1595,979
1298,979
1288,979
558,979
1166,979
1236,979
360,979
1195,979
1232,979
986,979
326,979
1168,979
820,979
162,979
607,979
1145,979
1448,979
1330,979
292,979
841,979
289,979
855,980
856,980
886,980
1418,980
1185,980
864,980
914,980
1374,980
1556,980
879,980
863,980
1138,980
563,980
240,980
1175,980
1322,980
1514,980
1204,980
1202,980
1451,980
250,980
1242,980
540,980
1129,980
1542,980
1056,980
571,980
550,980
1341,980
1162,980
1482,980
1221,980
966,980
665,980
1227,980
536,980
662,980
605,980
515,980
542,981
1199,981
550,981
1185,981
1610,981
1341,981
911,981
1330,981
765,981
758,981
1301,981
1457,981
775,981
1353,981
817,981
873,981
1379,981
1398,981
689,981
930,981
780,981
779,981
585,981
1404,981
592,981
792,981
876,981
869,981
534,981
1593,981
1220,981
1414,981
240,981
1443,981
1344,981
558,981
812,981
1340,981
1275,981
1122,981
1335,981
242,981
582,981
1223,981
973,981
572,981
1329,981
1205,981
1189,981
1024,981
917,981
510,981
1002,981
807,981
484,982
248,982
371,982
770,982
1353,982
739,982
1047,982
766,982
1287,982
1002,982
1289,982
1137,982
871,982
1076,982
645,982
1517,982
1432,982
740,982
1126,982
751,982
973,982
486,982
344,982
329,982
1221,982
445,982
347,982
242,982
1329,982
1175,982
517,982
1324,982
1232,982
1025,982
1227,982
689,982
336,982
706,982
613,982
469,982
387,982
488,982
1233,982
1491,982
1180,982
1414,982
1279,982
1338,982
476,982
1116,982
623,982
403,982
1614,982
715,982
778,982
1262,982
651,982
536,983
755,983
750,983
643,983
626,983
734,983
735,983
764,983
737,983
637,983
768,983
779,983
758,983
743,983
1242,983
1449,983
1450,983
1376,983
1456,983
1465,983
561,983
1466,983
633,983
1636,983
1590,983
1588,983
1580,983
1474,983
1564,983
1475,983
1556,983
1093,983
1082,983
923,983
809,983
1506,983
1514,983
1519,983
1530,983
1552,983
1531,983
1532,983
1542,983
1448,983
783,983
866,983
859,983
821,983
823,983
841,983
846,983
855,983
1633,983
1404,983
1203,983
1183,983
1164,983
1122,983
1117,983
1025,983
947,983
805,983
792,983
706,983
560,983
702,983
670,983
657,983
1341,983
856,983
1213,983
656,983
645,983
857,983
863,983
1018,983
1315,983
1534,983
445,983
483,983
967,983
531,983
854,983
1217,983
558,983
1380,983
969,983
499,983
1002,983
951,983
1639,983
1329,983
1346,983
1000,983
1451,983
438,983
1161,983
1645,983
919,983
634,983
1074,983
1036,983
1324,983
650,983
1019,983
1227,983
847,983
722,983
964,983
1294,983
563,983
564,983
569,983
966,983
571,983
609,983
1264,983
629,983
630,983
689,983
598,983
508,983
973,983
1430,983
1383,983
1396,983
1201,983
945,983
485,983
1167,984
1390,984
1414,984
1400,984
1357,984
1210,984
547,984
908,984
505,984
453,984
1437,984
1083,984
1264,984
610,984
1363,984
500,984
1505,984
1185,984
1507,984
1301,984
1164,984
1015,984
1621,984
1392,984
1002,984
1074,984
1402,984
1013,984
250,984
372,984
1330,984
1299,984
1218,984
1255,984
1396,984
1279,984
1474,984
1233,984
551,984
1647,984
1021,984
539,984
1147,984
1175,984
1614,984
675,984
387,984
1248,985
1625,985
1541,985
750,985
684,985
499,985
817,985
873,985
670,985
1161,985
621,985
961,985
1162,985
1552,985
360,985
600,985
584,985
1167,985
1242,985
1597,985
1608,985
517,985
1424,985
1389,985
1484,985
628,985
1411,985
998,985
798,985
951,985
1457,985
551,985
1099,985
1490,985
1448,985
1532,985
1318,985
1449,985
252,985
1388,985
1015,985
1390,985
1264,985
1009,985
1088,985
48,985
1083,985
1380,985
1262,985
271,985
1274,985
1275,985
1221,986
547,986
1488,986
1569,986
1653,986
1408,986
1298,986
1593,986
1589,986
825,986
823,986
1608,986
850,986
1596,986
1175,986
821,986
1594,986
809,986
1210,986
784,986
1194,986
1610,986
1316,986
1288,986
1403,986
737,986
259,986
1379,986
780,986
959,986
561,986
649,986
1430,986
675,986
1242,986
701,986
558,986
1329,986
1518,986
540,987
563,987
841,987
537,987
784,987
1288,987
801,987
800,987
797,987
476,987
674,987
1576,987
1363,987
673,987
643,987
1484,987
887,987
635,987
279,987
1630,987
1321,987
1295,987
937,987
876,987
607,987
539,987
1332,987
1199,987
995,987
1017,987
485,987
1287,987
984,987
572,987
1119,987
542,987
626,987
1317,987
1552,987
816,987
1408,987
623,987
778,987
1264,987
1164,987
1285,987
1282,987
1292,987
1227,988
1213,988
1233,988
923,988
1372,988
1215,988
1388,988
1212,988
1586,988
1230,988
1404,988
807,988
1217,988
945,988
975,988
623,988
729,988
1450,988
1118,988
1332,988
1002,988
856,988
1467,988
772,988
989,988
977,988
1324,988
863,988
613,988
979,988
762,988
1231,988
1000,988
621,988
616,988
1464,988
1484,988
1533,988
889,988
1345,988
779,988
628,988
813,988
763,988
1285,988
833,988
528,988
1116,988
1269,988
1056,988
809,988
1597,989
662,989
931,989
417,989
508,989
745,989
1283,989
740,989
515,989
736,989
1083,989
988,989
1037,989
1109,989
640,989
1391,989
292,989
814,989
700,989
945,989
1116,989
1198,989
1297,989
722,989
1013,989
1195,989
998,989
279,989
758,989
1507,989
360,989
1459,989
1217,989
1185,989
1022,989
1590,989
326,989
1256,989
990,989
886,989
536,989
633,989
108,989
327,989
531,989
1047,989
505,989
320,989
1449,989
1208,989
1456,989
1341,989
1071,989
1204,989
1162,989
1380,989
106,989
517,989
1562,989
607,989
613,989
1147,989
584,989
1221,990
958,990
289,990
558,990
951,990
524,990
1234,990
1464,990
1496,990
935,990
336,990
271,990
664,990
1105,990
531,990
721,990
252,990
249,990
1331,990
1329,990
137,990
175,990
919,990
1449,990
961,990
653,990
1402,990
1264,990
1499,990
1175,990
1371,990
1020,990
1608,990
1541,990
1597,990
783,990
600,990
1346,990
611,990
1122,990
1509,990
1126,990
1576,990
605,990
609,990
1349,990
447,991
975,991
1566,991
1224,991
964,991
445,991
1459,991
476,991
550,991
809,991
1520,991
1233,991
350,991
856,991
515,991
910,991
850,991
917,991
1126,991
1299,991
1385,991
453,991
876,991
525,991
1533,991
911,991
1325,991
907,991
1225,991
1329,991
500,991
1362,991
593,991
592,991
1217,991
1569,991
859,991
1552,991
1335,991
701,991
1590,991
864,991
292,991
1455,991
1015,991
531,991
1140,991
1402,991
469,991
863,991
539,991
886,991
289,991
560,991
654,991
1221,991
271,991
893,991
586,991
1415,991
1280,991
1289,991
1274,992
1450,992
1377,992
1288,992
877,992
1204,992
869,992
1221,992
1264,992
327,992
825,992
1136,992
506,992
649,992
508,992
536,992
613,992
630,992
973,992
1203,992
889,992
1133,992
505,992
1164,992
1542,992
584,992
1357,992
1254,992
1296,992
1166,992
1310,992
1521,992
1002,992
1419,992
1634,992
1301,992
666,992
1020,992
1015,992
347,992
483,992
1224,992
1223,992
499,992
558,992
951,992
1283,992
320,992
1242,993
1444,993
1440,993
564,993
848,993
825,993
869,993
1233,993
1346,993
807,993
1521,993
1414,993
1363,993
1331,993
1147,993
628,993
1083,993
623,993
320,993
1505,993
614,993
1151,993
558,993
760,993
1161,993
947,993
1168,993
1194,993
1229,993
737,993
1230,993
1283,993
727,993
1332,993
607,993
1024,993
722,993
1199,993
1352,993
1359,993
485,993
1524,993
1449,993
706,993
1383,993
1507,993
1509,993
1499,993
1379,993
1338,993
1533,993
1330,993
1318,993
1455,993
1459,993
1464,993
1631,993
1608,993
1576,993
1126,993
1333,993
1519,993
1329,993
1491,993
1578,993
1109,993
1392,993
1007,993
984,993
975,993
616,993
1411,993
1323,993
523,994
1408,994
1417,994
1418,994
510,994
473,994
1341,994
503,994
1329,994
1466,994
524,994
572,994
754,994
1122,994
634,994
1093,994
1019,994
929,994
796,994
923,994
540,994
387,994
336,994
1516,994
403,994
560,994
1072,994
1221,994
1411,994
1474,994
1647,994
1540,994
1227,994
1482,994
1279,994
1468,994
623,994
1522,994
1593,994
372,994
1175,994
1520,994
1195,994
1301,994
969,994
975,994
966,994
360,994
993,994
395,994
1023,994
1052,994
1028,994
1021,994
701,994
1229,994
584,995
1151,995
326,995
864,995
1126,995
306,995
360,995
303,995
1419,995
671,995
682,995
1002,995
998,995
1288,995
992,995
665,995
765,995
1583,995
1494,995
949,995
780,995
608,995
63,995
1643,995
1093,995
286,995
838,995
1414,995
1276,995
1199,995
1118,995
1116,995
1113,995
292,995
1788,995
1671,995
1560,995
1558,995
1355,995
1271,995
1163,995
884,995
372,995
1415,995
631,995
438,995
674,995
395,995
651,995
453,995
574,995
506,995
1471,995
403,995
483,995
783,995
1444,995
1202,995
417,995
479,995
1390,995
1490,995
1288,996
1122,996
1363,996
560,996
479,996
503,996
486,996
1534,996
1490,996
1199,996
1402,996
558,996
292,996
485,996
1203,996
547,996
1175,996
520,996
519,996
1317,996
973,996
484,996
1400,996
1610,996
1403,996
1213,996
481,996
490,996
372,996
1540,996
445,996
497,996
515,996
447,996
945,996
1117,996
1018,996
453,996
1210,996
1374,996
1442,996
1518,996
1408,996
1520,996
1404,996
395,996
508,996
1590,996
1552,996
584,996
1341,997
938,997
1209,997
1258,997
964,997
982,997
1526,997
1606,997
1649,997
1652,997
1080,997
558,997
551,997
1056,997
640,997
1287,997
1528,997
786,997
592,997
508,997
1173,997
919,997
1175,997
809,997
1521,997
521,997
1630,997
841,997
564,997
1298,997
1185,997
1534,997
796,997
846,997
1631,997
608,997
1233,997
869,997
1530,997
605,997
966,997
1116,997
866,997
607,997
1414,997
1345,997
1359,997
877,997
935,998
1540,998
973,998
1537,998
1047,998
1218,998
754,998
980,998
1040,998
938,998
930,998
949,998
722,998
522,998
995,998
564,998
1289,998
998,998
1422,998
1511,998
1522,998
1411,998
994,998
990,998
740,998
951,998
945,998
1288,998
917,998
533,998
1180,998
1596,998
1593,998
874,998
367,998
919,998
1202,998
1514,998
1223,998
536,998
558,998
1118,998
1147,998
1015,998
1430,998
664,998
680,998
685,998
1052,998
1513,998
927,999
886,999
680,999
1389,999
1457,999
1518,999
633,999
613,999
593,999
1256,999
1016,999
1175,999
598,999
1318,999
1213,999
721,999
1233,999
1341,999
1255,999
564,999
1246,999
592,999
539,999
653,999
536,999
1329,999
646,999
640,999
636,999
1408,999
1210,999
531,999
1208,999
1474,999
722,999
760,999
651,999
1236,999
1202,999
1199,999
871,999
764,999
1321,999
1619,999
1241,999
1198,999
607,999
962,999
600,999
1204,999
1338,999
