tweet_id,label,root_tweet_text,clean_text
0,fake,New Bill Would Remove ALL Vaccine Exemptions and Make Colorado a Vaccine Police State with Recommended Home Visits https://t.co/x9RRw6LPnI,new bill would remove all vaccine exemptions and make colorado a vaccine police state with recommended home visits
1,fake,"Great example of meaningless news media coverage of negative economic growth figures:\n👉🏻’Labor says economy is weakening and figures are bad news’\n👉🏻’Liberal govt says figures are fine, nothing to worry about’\nEconomic figures are not opinion, they are fact! You can’t spin facts!",great example of meaningless news media coverage of negative economic growth figures n labor says economy is weakening and figures are bad news n liberal govt says figures are fine nothing to worry about neconomic figures are not opinion they are fact you can t spin facts
2,real,.@WHO has issued a statement saying the #coronavirus outbreak is not yet an emergency of international concern. Mayo Clinic will continue to monitor the situation. https://t.co/SA02eMceUQ https://t.co/6Tq2EzY7Al,who has issued a statement saying the coronavirus outbreak is not yet an emergency of international concern mayo clinic will continue to monitor the situation
3,fake,A husband and wife Chinese spy team were recently removed from a Level 4 Infectious Disease facility in Canada for sending pathogens to the Wuhan facility. The husband specialized in coronavirus research. #coronaviruschina #CoronaOutbreak  https://t.co/f2MpCZgkHX,a husband and wife chinese spy team were recently removed from a level infectious disease facility in canada for sending pathogens to the wuhan facility the husband specialized in coronavirus research coronaviruschina coronaoutbreak
4,fake,Stop spreading disinformation. This is reckless and irresponsible.\n\nThis article from last July does not say that the researchers were removed for sending pathogens to the Wuhan facility or identify them as spies.\n\nSubsequent reporting also does not say this. https://t.co/t0n0MIsqK1,stop spreading disinformation this is reckless and irresponsible n nthis article from last july does not say that the researchers were removed for sending pathogens to the wuhan facility or identify them as spies n nsubsequent reporting also does not say this
5,fake,A husband and wife Chinese spy team were recently removed from a Level 4 Infectious Disease facility in Canada for sending pathogens to the Wuhan facility. The husband specialized in coronavirus research. #coronaviruschina #CoronaOutbreak\nhttps://t.co/CuJJsIkpQ4,a husband and wife chinese spy team were recently removed from a level infectious disease facility in canada for sending pathogens to the wuhan facility the husband specialized in coronavirus research coronaviruschina coronaoutbreak n
6,real,#CoronaVirus #CoronaUS #Arizona #California \n\nCDC confirms additional cases of 2019 Novel Coronavirus in United States\n\n@drawandstrike @catesduane @rising_serpent @almostjingo @tracybeanz @CarrollQuigley1 @dbongino\n\n#JustTheRealNews #JTRN\n https://t.co/JpkrfDBosp,coronavirus coronaus arizona california n ncdc confirms additional cases of novel coronavirus in united states n n drawandstrike catesduane rising serpent almostjingo tracybeanz carrollquigley dbongino n n justtherealnews jtrn n
7,real,"For those interested, you can listen to a recording of today's CDC (phone) briefing on their website https://t.co/jy8sfypLzS",for those interested you can listen to a recording of today s cdc phone briefing on their website
8,real,"Today I met with Xi Jinping, President of #China, in Beijing to discuss next steps in battle against the new #coronavirus outbreak. @WHO appreciates the seriousness with which 🇨🇳 is taking this outbreak &amp; the transparency authorities have demonstrated. https://t.co/WGadkXEpP5 https://t.co/dqVMBXKXrM",today i met with xi jinping president of china in beijing to discuss next steps in battle against the new coronavirus outbreak who appreciates the seriousness with which is taking this outbreak the transparency authorities have demonstrated
9,real,Stopping the spread of the new #coronavirus both in #China and globally is @WHO’s highest priority. We are working closely with the 🇨🇳 government on measures to understand the virus and limit transmission. https://t.co/WGadkXEpP5,stopping the spread of the new coronavirus both in china and globally is who s highest priority we are working closely with the government on measures to understand the virus and limit transmission
10,real,.@WHO will keep working side-by-side with #China and all other countries to protect health and keep people safe. #coronavirus https://t.co/WGadkXEpP5,who will keep working side by side with china and all other countries to protect health and keep people safe coronavirus
11,fake,"""Vitamin C Protects Against Coronavirus... Physicians have demonstrated the powerful antiviral action of vitamin C for decades. There has been a lack of media coverage of this effective and successful approach."" https://t.co/ndQd38zIOw https://t.co/jFjUNRTEHo",vitamin c protects against coronavirus physicians have demonstrated the powerful antiviral action of vitamin c for decades there has been a lack of media coverage of this effective and successful approach
12,real,"Yesterday I visited Beijing with @DrTedros and @DrMikeRyan to discuss the novel #coronavirus outbreak. We met with President Xi, the Minister of Foreign Affairs Wang Yi, and Health Minister Ma Xiaowei.  https://t.co/1NC9f6eXbG",yesterday i visited beijing with drtedros and drmikeryan to discuss the novel coronavirus outbreak we met with president xi the minister of foreign affairs wang yi and health minister ma xiaowei
13,fake,"Fake emergency notification from @MoHFW_INDIA is doing rounds on social media\n\nNo such notification has been issued !!!\n\nFor prevention against #Coronavirus and travel advisory, pls see:\n\nhttps://t.co/ybsKk8c5tC\nhttps://t.co/qnK1JCVhmI\n\nFor Queries on #nCoV : Call +91-11-23978046 https://t.co/UuRhm1ZiA8",fake emergency notification from mohfw india is doing rounds on social media n nno such notification has been issued n nfor prevention against coronavirus and travel advisory pls see n n n n nfor queries on ncov call
14,fake,"Fake emergency notification from Ministry Of Health and Family Welfare is doing rounds on social media\n\nNo such notification has been issued !!!\n\nFor prevention against #Coronavirus and travel advisory, pls see:\n\nhttps://t.co/rM15CZBCpV\nhttps://t.co/XTLSzqDbDc https://t.co/c2EdDqIZxA",fake emergency notification from ministry of health and family welfare is doing rounds on social media n nno such notification has been issued n nfor prevention against coronavirus and travel advisory pls see n n n
15,fake,"#Thread🚨: Since the outbreak of #CoronaVirus, we have debunked #FakeNews around the novel Coronavirus. A WhatsApp forward is viral falsely claiming @MoHFW_INDIA has issued an emergency notification. (1/n) #CoronaVirusFacts @WHO  \nhttps://t.co/0lbBu7FIfO",thread since the outbreak of coronavirus we have debunked fakenews around the novel coronavirus a whatsapp forward is viral falsely claiming mohfw india has issued an emergency notification n coronavirusfacts who n
16,fake,Coronavirus hits the UK: Two English patients from same family test positive for the killer virus #CoronavirusOutbreak https://t.co/IybjTaHUT5 https://t.co/kcUHzOl9Oo,coronavirus hits the uk two english patients from same family test positive for the killer virus coronavirusoutbreak
17,fake,"""Vitamin C Protects Against Coronavirus... Physicians have demonstrated the powerful antiviral action of vitamin C for decades. There has been a lack of media coverage of this effective and successful approach."" https://t.co/Q8Z4traHuB https://t.co/EeyimyoyCg",vitamin c protects against coronavirus physicians have demonstrated the powerful antiviral action of vitamin c for decades there has been a lack of media coverage of this effective and successful approach
18,real,"#InfectiousDiseases A-Z: @WHO has given the #coronavirus an interim name, ""2019-nCoV acute respiratory disease."" @drgregpoland, director of Mayo Clinic's #Vaccine Research Group, explains the ecology of coronaviruses. https://t.co/j54B420y4h https://t.co/LRAlqNS8La",infectiousdiseases a z who has given the coronavirus an interim name ncov acute respiratory disease drgregpoland director of mayo clinic s vaccine research group explains the ecology of coronaviruses
19,fake,Here's how #WuFlu #corononavirus compares with recent outbreaks of other viruses via @businessinsider. With the exception of #H1N1 it has the lowest fatality rate \n\nhttps://t.co/nt6lZ9kCJc https://t.co/9rAUKqmDLc,here s how wuflu corononavirus compares with recent outbreaks of other viruses via businessinsider with the exception of h n it has the lowest fatality rate n n
20,real,"Another major epidemic, another round of @WHO begging,  covering the soaring costs to the grossly underfunded agency. Now it says it needs $675 million ASAP to fight #2019nCoV .\nhttps://t.co/xbV5ptCRbH",another major epidemic another round of who begging covering the soaring costs to the grossly underfunded agency now it says it needs million asap to fight ncov n
21,real,"For other regions follow @WHO &amp; daily SitRep https://t.co/9AYeR7CU8F\n\nNext week WHO convenes 🌏research forum on new #coronavirus epidemiology, clinical care, vaccines, therapeutics, diagnostics, animal health, social science etc https://t.co/ueRhOj2ng4\n\n#nCoV #nCoV2019 #2019nCoV",for other regions follow who daily sitrep n nnext week who convenes research forum on new coronavirus epidemiology clinical care vaccines therapeutics diagnostics animal health social science etc n n ncov ncov ncov
22,fake,"Meanwhile, rumour mills continue to churn. One report says China has sought court permission to kill 20000 patients to curb the spread of infection,because they're going to die anyway!! This is rubbish.But given China's history of secrecy, cruelty &amp; suppression, people are scared https://t.co/G2hOtdmphi",meanwhile rumour mills continue to churn one report says china has sought court permission to kill patients to curb the spread of infection because they re going to die anyway this is rubbish but given china s history of secrecy cruelty suppression people are scared
23,fake,"Several online stories inaccurately claim that the new coronavirus contains HIV “insertions” and shows signs of being created in a lab. But there is no evidence that the new virus was bioengineered, and every indication it came from an animal. https://t.co/xiE398MbL2",several online stories inaccurately claim that the new coronavirus contains hiv insertions and shows signs of being created in a lab but there is no evidence that the new virus was bioengineered and every indication it came from an animal
24,real,"We must harness the power of science to bring the #2019nCoV outbreak under control. In support of rapid evidence-based action, @WHO is co-organising a global forum to accelerate research and innovation for the new coronavirus from 11-12 February in Geneva. https://t.co/NNd359dUdk",we must harness the power of science to bring the ncov outbreak under control in support of rapid evidence based action who is co organising a global forum to accelerate research and innovation for the new coronavirus from february in geneva
25,real,To accelerate research and innovation for new coronavirus @WHO https://t.co/AwWhrWqY6a,to accelerate research and innovation for new coronavirus who
26,real,"In the spirit of scientific solidarity, 400 of the world’s leading experts will gather this week at @WHO HQ Geneva to prioritize work on all the tools we need, including rapid diagnostics, a vaccine &amp; effective treatments.\nhttps://t.co/NNd359dUdk",in the spirit of scientific solidarity of the world s leading experts will gather this week at who hq geneva to prioritize work on all the tools we need including rapid diagnostics a vaccine effective treatments n
27,real,"On my way to this meeting tonight, as scientific advisor of ⁦@GloPID_R⁩ and ⁦⁦@rd_blueprint⁩  https://t.co/xfNU4dCKUM",on my way to this meeting tonight as scientific advisor of glopid r and rd blueprint
28,real,"""We want you to know that we stand with you in solidarity &amp; we wish you courage, patience, success and good health in these extremely trying circumstances""-@DrTedros at the opening of the global research and innovation forum on #2019nCoV \n\nhttps://t.co/b8PKwexNee",we want you to know that we stand with you in solidarity we wish you courage patience success and good health in these extremely trying circumstances drtedros at the opening of the global research and innovation forum on ncov n n
29,real,👏👋 to all taking part over crucial 2 days @WHO to galvanise+accelerate coordinated #coronavirus 🔬🦠🧪research. 🌍Response-inc @CEPIvaccines -has been so impressive so far- and it has to be. https://t.co/my3voYw017,to all taking part over crucial days who to galvanise accelerate coordinated coronavirus research response inc cepivaccines has been so impressive so far and it has to be
30,real,World experts and funders set priorities for #COVID19 research 👉 https://t.co/pbHUgP5Fo9,world experts and funders set priorities for covid research
31,real,Over 300 scientists &amp; researchers outlined mechanisms for continuing scientific interactions &amp; collaborations beyond the meeting which will be coordinated and facilitated by WHO https://t.co/pbHUgPngfH #COVID19,over scientists researchers outlined mechanisms for continuing scientific interactions collaborations beyond the meeting which will be coordinated and facilitated by who covid
32,real,Scientists at the forum also worked with research funders to determine how necessary resources can be mobilized so that critical research can start immediately https://t.co/pbHUgP5Fo9 #COVID19,scientists at the forum also worked with research funders to determine how necessary resources can be mobilized so that critical research can start immediately covid
33,real,"#InfectiousDiseases A-Z: #Covid19 is the new name for the disease caused by the novel #coronavirus. The @WHO says that ""Co"" and ""vi"" are derived from coronavirus, ""d"" stands for disease, and ""19"" is the year first cases were seen. Learn more: https://t.co/H0p998URw1 https://t.co/juz7SjPTDp",infectiousdiseases a z covid is the new name for the disease caused by the novel coronavirus the who says that co and vi are derived from coronavirus d stands for disease and is the year first cases were seen learn more
34,real,"#COVID19 Priority research:\n📍the natural history of the virus, its transmission and diagnosis\n📍animal and environmental research on the origin of the virus, including management measures at the human-animal interface\n📍epidemiological studies\n(cont’d)\nhttps://t.co/tGXlbW1XvS",covid priority research n the natural history of the virus its transmission and diagnosis n animal and environmental research on the origin of the virus including management measures at the human animal interface n epidemiological studies n cont d n
35,real,Research is an integral part of the outbreak response; I appreciate the positive response from the research community for joining us at short notice and coming up with concrete plans and commitments to work together to end the #COVID19 outbreak. https://t.co/8Fr89fcoGW,research is an integral part of the outbreak response i appreciate the positive response from the research community for joining us at short notice and coming up with concrete plans and commitments to work together to end the covid outbreak
36,real,CDC confirms a patient under federal quarantine in San Antonio at JBSA-Lackland has been confirmed as infected with Coronavirus. This person has been isolated since arriving in town. This brings the total number of US cases to 15. \n\nhttps://t.co/0rWPubktxc,cdc confirms a patient under federal quarantine in san antonio at jbsa lackland has been confirmed as infected with coronavirus this person has been isolated since arriving in town this brings the total number of us cases to n n
37,real,@DrMikeRyan The full briefing on #COVID19 by @DrMikeRyan today 👉 https://t.co/kCPVS3Qo1M #coronavirus,drmikeryan the full briefing on covid by drmikeryan today coronavirus
38,real,.@CDCgov &amp; @TexasDSHS confirm new coronavirus infection in a person who traveled from China. Patient was in quarantine &amp; is now getting medical care. #COVID-19 is not spreading in the community &amp; the immediate risk to US residents is low at this time. https://t.co/US0rEZArNG https://t.co/f2RO04NTnS,cdcgov texasdshs confirm new coronavirus infection in a person who traveled from china patient was in quarantine is now getting medical care covid is not spreading in the community the immediate risk to us residents is low at this time
39,real,"At this time, two people among quarantined travelers returning to the US from Hubei, China have newly confirmed #COVID19 infection. We understand that this is a stressful, confusing time for people in America and around the world. For more on this update: https://t.co/LoJtXgUKMA https://t.co/MhKN8kO4Yq",at this time two people among quarantined travelers returning to the us from hubei china have newly confirmed covid infection we understand that this is a stressful confusing time for people in america and around the world for more on this update
40,real,15th case in the US of 2019 Novel #Coronavirus (#COVID19) https://t.co/lhTc5jPrMh via @@CDCgov,th case in the us of novel coronavirus covid via cdcgov
41,real,"In the US, surveillance for #COVID19\nwill begin in 5 cities using system now in place for flu. Announced as a first\nstep toward setting up national surveillance system https://t.co/lOvVVmjHjw (14/x)",in the us surveillance for covid nwill begin in cities using system now in place for flu announced as a first nstep toward setting up national surveillance system x
42,real,"The outbreak of #COVID19 epidemic: \nThe EU is co-financing the repatriation of EU citizens from the cruise ship docked in Yokohama, Japan. This is thanks to flights from Italy mobilised through EU Civil Protection Mechanism.\n\nMore on what the EU is doing: https://t.co/vLwUfXqNau",the outbreak of covid epidemic nthe eu is co financing the repatriation of eu citizens from the cruise ship docked in yokohama japan this is thanks to flights from italy mobilised through eu civil protection mechanism n nmore on what the eu is doing
43,real,New findings indicate coronavirus may be contagious even before carriers show symptoms -- making the outbreak even harder to contain. https://t.co/9TQPnrxCXl https://t.co/bgYMFL5jDJ,new findings indicate coronavirus may be contagious even before carriers show symptoms making the outbreak even harder to contain
44,fake,"#UPDATE Two more people died from the new coronavirus in Iran, infections nearly doubled in South Korea, and clusters surfaced in Chinese prisons Friday, rekindling concerns about an epidemic that has killed more than 2,200 people in China\nhttps://t.co/wWzc0Vm3i5",update two more people died from the new coronavirus in iran infections nearly doubled in south korea and clusters surfaced in chinese prisons friday rekindling concerns about an epidemic that has killed more than people in china n
45,real,"Statement on the EU’s response, preparedness and financial support to fight the COVID-19 outbreak by Commissioners @JanezLenarcic and @SKyriakidesEU ↓ #coronavirus https://t.co/qlgxcvYBlS",statement on the eu s response preparedness and financial support to fight the covid outbreak by commissioners janezlenarcic and skyriakideseu coronavirus
46,real,We are working around the clock to support EU countries and strengthen international efforts to slow the spread of #COVID19.\nWe announce today a new aid package worth €232 million.\nMore here → https://t.co/Esbpkw8XmX https://t.co/hTb4Ur8FPw,we are working around the clock to support eu countries and strengthen international efforts to slow the spread of covid nwe announce today a new aid package worth million nmore here
47,real,"We are working on all fronts to support efforts to tackle the #COVID19 outbreak.\n\nAs cases continue to rise, public health is the number one priority. Europe is here to play a leading role.\n\n🇪🇺 action → https://t.co/iWN2TDQlFA https://t.co/QDlHHTmqUD",we are working on all fronts to support efforts to tackle the covid outbreak n nas cases continue to rise public health is the number one priority europe is here to play a leading role n n action
48,real,"""We are moving toward SARS-CoV-2 being a #PandemicVirus,"" says @drgregpoland, director of Mayo Clinic's Vaccine Research Group. The virus has been named SARS-CoV-2, and the disease it causes has been named #COVID19. https://t.co/3Ptn3fF7eB https://t.co/LhclX9ORYh",we are moving toward sars cov being a pandemicvirus says drgregpoland director of mayo clinic s vaccine research group the virus has been named sars cov and the disease it causes has been named covid
49,fake,"@realDonaldTrump #1/  Really? 🤔\n\nA month ago a scientist already confirmed the Coronavirus will become pandemic. \n\nBased on simulations, it could kill as many as 65 Million people in the next 18 months.\n\nhttps://t.co/pIgqfmGo7C",realdonaldtrump really n na month ago a scientist already confirmed the coronavirus will become pandemic n nbased on simulations it could kill as many as million people in the next months n n
50,fake,"DHS Secretary Chad Wolf claims the mortality rate for coronavirus is similar to the flu, both at about 2%. Senator Kennedy says ""are you sure of that?"" and the secretary doubles down.\n\nThe mortality rate for seasonal flu is closer to 0.1%: https://t.co/Fo6nfQrbni",dhs secretary chad wolf claims the mortality rate for coronavirus is similar to the flu both at about senator kennedy says are you sure of that and the secretary doubles down n nthe mortality rate for seasonal flu is closer to
51,fake,DHS Secretary Chad Wolf claims the mortality rate for coronavirus is the same as the regular flu.\n\n2%.\n\nWrong.\n\n“Are you sure of that?”\n\nMoron says yes.\n\nThe mortality rate for seasonal flu is 0.1%.\n\nWe are so fucked by this Administration.\nhttps://t.co/1GbDvAIMZC,dhs secretary chad wolf claims the mortality rate for coronavirus is the same as the regular flu n n n nwrong n n are you sure of that n nmoron says yes n nthe mortality rate for seasonal flu is n nwe are so fucked by this administration n
52,real,Commissioner @SKyriakidesEU met the Italian Minister of Health and representatives from @WHO_Europe and @ECDC_EU in Rome to discuss measures to reduce the further spread of #COVID19.\n\nShe highlighted our absolute solidarity with Italy during this trying time. https://t.co/fpNHMKPLG4,commissioner skyriakideseu met the italian minister of health and representatives from who europe and ecdc eu in rome to discuss measures to reduce the further spread of covid n nshe highlighted our absolute solidarity with italy during this trying time
53,real,"@SKyriakidesEU @WHO_Europe @ECDC_EU “Given how quickly the situation can change, our public health care response across the EU must be ready to deal with increased numbers of #COVID19 infections and we are working to coordinate and align this.” − @SKyriakidesEU\n\nRead more here → https://t.co/D1GwEWIkHu https://t.co/4yQ3jNb0CI",skyriakideseu who europe ecdc eu given how quickly the situation can change our public health care response across the eu must be ready to deal with increased numbers of covid infections and we are working to coordinate and align this skyriakideseu n nread more here
54,real,What are the best coronavirus treatments?\nvia @techreview https://t.co/LdlSwN9AuU\n#coronavirus #coronavirususa \ncc @AkwyZ @evankirstel @jblefevre60 @IrmaRaste @_atanas_ @Paula_Piccard @chboursin @kuriharan @mvollmer1 @labordeolivier,what are the best coronavirus treatments nvia techreview n coronavirus coronavirususa ncc akwyz evankirstel jblefevre irmaraste atanas paula piccard chboursin kuriharan mvollmer labordeolivier
55,real,"We are working on all fronts to tackle the ongoing #COVID19 outbreak. This includes coordinating information exchanges among EU countries and ensuring a coherent EU wide response. The work continues at all levels, from technical to political. More → https://t.co/qqJiGdEDue https://t.co/uZRGITQl4v",we are working on all fronts to tackle the ongoing covid outbreak this includes coordinating information exchanges among eu countries and ensuring a coherent eu wide response the work continues at all levels from technical to political more
56,real,@ECDC_EU We stand in full solidarity with Italy during this trying time. The measures taken by the Italian authorities were important to avoid further spread of the #COVID19. \n\nA joint mission @ECDC_EU and @WHO in Italy is currently ongoing and will result in an updated risk assessment.,ecdc eu we stand in full solidarity with italy during this trying time the measures taken by the italian authorities were important to avoid further spread of the covid n na joint mission ecdc eu and who in italy is currently ongoing and will result in an updated risk assessment
57,real,"@ECDC_EU @WHO Viruses do not stop at borders. Currently, no EU country signalled their intention to introduce border controls at internal borders. The normal regime for checks continues to apply at the external border – with enhanced checks for those travelling from affected areas. #COVID19",ecdc eu who viruses do not stop at borders currently no eu country signalled their intention to introduce border controls at internal borders the normal regime for checks continues to apply at the external border with enhanced checks for those travelling from affected areas covid
58,fake,Oh dear 😬 https://t.co/zPwD6XU0UZ,oh dear
59,real,We continue to coordinate efforts to prevent and contain the #COVID19 outbreak in the EU. https://t.co/qCMof0lmOt,we continue to coordinate efforts to prevent and contain the covid outbreak in the eu
60,real,"@JanezLenarcic @ThierryBreton @SKyriakidesEU @DanaSpinant @eu_echo @EU_Health @ECDC_EU @europainitalia Italy has activated the EU's Civil Protection Mechanism, requesting protective facemasks. We have relayed the request to all EU countries to mobilise assistance. We are in permanent contact with Italian authorities and will do all we can to help. #COVID19 https://t.co/D0vHuxc9Vc",janezlenarcic thierrybreton skyriakideseu danaspinant eu echo eu health ecdc eu europainitalia italy has activated the eu s civil protection mechanism requesting protective facemasks we have relayed the request to all eu countries to mobilise assistance we are in permanent contact with italian authorities and will do all we can to help covid
61,real,"@JanezLenarcic @ThierryBreton @SKyriakidesEU @DanaSpinant @eu_echo @EU_Health @ECDC_EU @europainitalia We will conduct an EU-wide analysis of the effects of the outbreak on European industry and businesses and assess it in a month’s time. Meanwhile, we remain in close contact with all EU countries. #COVID19 More → https://t.co/krNLFHeFpG",janezlenarcic thierrybreton skyriakideseu danaspinant eu echo eu health ecdc eu europainitalia we will conduct an eu wide analysis of the effects of the outbreak on european industry and businesses and assess it in a month s time meanwhile we remain in close contact with all eu countries covid more
62,real,"THREAD: #coronavirus' Top Targets: Men, Seniors, Smokers\n\n“There seems to be this threshold -- below age 35 we’re seeing practically zero cases”s. “As people increase in age from their 40s to 80s, we’re seeing mortality increase.”\n\nhttps://t.co/OsY21Ct2e4",thread coronavirus top targets men seniors smokers n n there seems to be this threshold below age we re seeing practically zero cases s as people increase in age from their s to s we re seeing mortality increase n n
63,real,"The @CDCgov has confirmed the first possible case of ""community spread"" #COVID19 in the U.S., meaning the patient didn't travel anywhere known to have the virus and wasn't exposed to anyone known to be infected. https://t.co/tEP7V5tSFl https://t.co/o9KyXL4KeQ",the cdcgov has confirmed the first possible case of community spread covid in the u s meaning the patient didn t travel anywhere known to have the virus and wasn t exposed to anyone known to be infected
64,fake,Health experts hosted a fictional coronavirus pandemic three months before the actual coronavirus outbreak in Wuhan began!\n\nBiological materials were smuggled to a Wuhan university level 4 lab before the outbreak allegedly broke out at the fish market!\nhttps://t.co/9vKheLGCa9,health experts hosted a fictional coronavirus pandemic three months before the actual coronavirus outbreak in wuhan began n nbiological materials were smuggled to a wuhan university level lab before the outbreak allegedly broke out at the fish market n
65,real,"When it comes to coronavirus, who is the most at risk? What early data suggests: https://t.co/fNgzGOCiYM https://t.co/EZ8LrKUupy",when it comes to coronavirus who is the most at risk what early data suggests
66,real,The potential spread of the #coronavirus to countries with weaker health systems is one of our biggest concerns. @WHO thanks @UNCERF for releasing $15 million to help these countries battle the spread of the virus. https://t.co/4VlGKHhfNd,the potential spread of the coronavirus to countries with weaker health systems is one of our biggest concerns who thanks uncerf for releasing million to help these countries battle the spread of the virus
67,real,The fresh funds will help vulnerable countries prepare to:\n- detect and isolate #COVID19 cases\n- protect frontline #healthworkers who are most at risk\n- treat patients appropriately and with dignity.\nThe outcome will be lives saved. https://t.co/4VlGKHhfNd #coronavirus,the fresh funds will help vulnerable countries prepare to n detect and isolate covid cases n protect frontline healthworkers who are most at risk n treat patients appropriately and with dignity nthe outcome will be lives saved coronavirus
68,fake,Convoy of U.S. soldiers spotted heading through Grants Pass into Northern California in response to coronavirus outbreak https://t.co/PWwhamA80Q via @intellihubnews #MartialLAw #Coronavirus #COVID19 #pandemic,convoy of u s soldiers spotted heading through grants pass into northern california in response to coronavirus outbreak via intellihubnews martiallaw coronavirus covid pandemic
69,fake,Florida hospital reports a coronavirus ‘infestation’ with multiple confirmed patients https://t.co/kHW8ewKppW https://t.co/bJg9FZT5RY,florida hospital reports a coronavirus infestation with multiple confirmed patients
70,fake,"SERIOUS EXCELLENT ADVICE by Japanese doctors treating COVID-19 cases. Everyone should ensure your mouth &amp; throat is moist, never DRY. Take a few sips of water every 15 mins at least. WHY? Even if the virus gets into your mouth...drinking water or other liquids",serious excellent advice by japanese doctors treating covid cases everyone should ensure your mouth throat is moist never dry take a few sips of water every mins at least why even if the virus gets into your mouth drinking water or other liquids
71,real,"Watch the press conference live from the EU Emergency Response Coordination Centre on the EU's response to #COVID19.\n\nWith @vonderleyen, @JanezLenarcic, @SKyriakidesEU, @YlvaJohansson, @AdinaValean and @PaoloGentiloni\nhttps://t.co/DBRYLt4tKc",watch the press conference live from the eu emergency response coordination centre on the eu s response to covid n nwith vonderleyen janezlenarcic skyriakideseu ylvajohansson adinavalean and paologentiloni n
72,real,"Today we are launching the Corona response team.\nWe are working on all fronts to support EU countries in preparedness, halt the spread of #COVID19 and protect the health of our citizens.\n\nPresident @vonderleyen ⬇️ https://t.co/nN4oNAmeDu",today we are launching the corona response team nwe are working on all fronts to support eu countries in preparedness halt the spread of covid and protect the health of our citizens n npresident vonderleyen
73,real,UN Humanitarian Chief Mark Lowcock today released US$15 million from the Central Emergency Response Fund (CERF) to help fund global efforts to contain the COVID-19 virus.\n\n#NCYT #COVID-19 @PrimerdesignLtd \n \nhttps://t.co/1Q5fdCd6oy,un humanitarian chief mark lowcock today released us million from the central emergency response fund cerf to help fund global efforts to contain the covid virus n n ncyt covid primerdesignltd n n
74,fake,"Viral Facebook posts use a photo of a vaccine for cows to falsely suggest that the novel coronavirus isn’t actually new, alleging it is proof of “how much the media controls people.” The cattle vaccine has nothing to do with the COVID-19 virus. https://t.co/RvDffWAbSM",viral facebook posts use a photo of a vaccine for cows to falsely suggest that the novel coronavirus isn t actually new alleging it is proof of how much the media controls people the cattle vaccine has nothing to do with the covid virus
75,fake,"Facebook posts use a photo of a vaccine for cows to falsely suggest that the novel coronavirus isn’t actually new, alleging it is proof of “how much the media controls people.” The cattle vaccine has nothing to do with the COVID-19 virus. https://t.co/RvDffWiB1e #CoronaVirusFacts",facebook posts use a photo of a vaccine for cows to falsely suggest that the novel coronavirus isn t actually new alleging it is proof of how much the media controls people the cattle vaccine has nothing to do with the covid virus coronavirusfacts
76,fake,"All I know is we can't have another 4 years of:\n\n""Healthcare is too complicated""\n""Climate change is hoax""\n""Climate is the same as weather""\n""Windmills causes cancer""\n""You can kill hurricanes with a nuke""\n""Raking prevents forest fires""\n""Solid flu vaccine can help #Covid_19"" *new*",all i know is we can t have another years of n n healthcare is too complicated n climate change is hoax n climate is the same as weather n windmills causes cancer n you can kill hurricanes with a nuke n raking prevents forest fires n solid flu vaccine can help covid new
77,real,COVID-19 outbreak and occupational safety and health: check out these resources with practical information for workplaces: https://t.co/VFQ023JaKJ #COVID-19\nInfographic by @ECDC_EU https://t.co/4nCB58zVTI,covid outbreak and occupational safety and health check out these resources with practical information for workplaces covid ninfographic by ecdc eu
78,fake,Is hand sanitizer useless against coronavirus? \n\nWas a Harvard prof arrested for conspiring w/ China to create COVID-19? \n\nDid Chuck Schumer delete a tweet criticizing Trump's China travel ban? \n\nI wrote about how to spot coronavirus misinfo in your feed: https://t.co/lhVdxMA1eI,is hand sanitizer useless against coronavirus n nwas a harvard prof arrested for conspiring w china to create covid n ndid chuck schumer delete a tweet criticizing trump s china travel ban n ni wrote about how to spot coronavirus misinfo in your feed
79,real,"#Coronaviruses, including #COVID19, can create a spectrum of illness. @nrajapakseMD says, ""So the severity of illness can range from having a cold or a flu-type illness all the way to needing to be hospitalized or be in an intensive care unit."" https://t.co/5HwGeiQiOS https://t.co/jcgdApBaNK",coronaviruses including covid can create a spectrum of illness nrajapaksemd says so the severity of illness can range from having a cold or a flu type illness all the way to needing to be hospitalized or be in an intensive care unit
80,fake,Posts on Facebook falsely claim to show a screenshot a tweet by Senate Minority Leader Chuck Schumer criticizing President Donald Trump’s decision to bar travelers from China. The tweet was a fake. https://t.co/ZJ2jJTtvNm,posts on facebook falsely claim to show a screenshot a tweet by senate minority leader chuck schumer criticizing president donald trump s decision to bar travelers from china the tweet was a fake
81,real,"Terms like #epidemic, #pandemic, quarantine and incubation period have been used in relation to #COVID19. Infectious Diseases specialist @nrajapakseMD offers an explanation of terms that you may hear in the news. https://t.co/gY7kKDPOsj https://t.co/Q2GThz0guf",terms like epidemic pandemic quarantine and incubation period have been used in relation to covid infectious diseases specialist nrajapaksemd offers an explanation of terms that you may hear in the news
82,real,#SpringBreak is underway for millions of people in the U.S. and around the world. What does that mean for travelers given the #COVID19 outbreak? https://t.co/0U9fnjxuXw https://t.co/O86AVDkXTe,springbreak is underway for millions of people in the u s and around the world what does that mean for travelers given the covid outbreak
83,fake,"Coronavirus draws scrutiny to labs handling deadly pathogens, but scientists dismiss theory that humans contracted the virus through an accident at a facility in Wuhan https://t.co/JsiOW6vOpH",coronavirus draws scrutiny to labs handling deadly pathogens but scientists dismiss theory that humans contracted the virus through an accident at a facility in wuhan
84,fake,"I have tweeted a link to the text transcript, which makes the cognitive impairment even more vivid. Impaired Trump says Coronavirus is not so bad thanks to him. #Presidementia #TrumpDementia ... https://t.co/pzJzZYpg5Z https://t.co/8DUUmr6L5d",i have tweeted a link to the text transcript which makes the cognitive impairment even more vivid impaired trump says coronavirus is not so bad thanks to him presidementia trumpdementia
85,real,Here it is again. RT The coronavirus is the first true social-media “infodemic” - via @techreview https://t.co/ReVugS4ljb,here it is again rt the coronavirus is the first true social media infodemic via techreview
86,real,"The increase in the general public buying surgical face masks has resulted in mask shortages for some #HealthCareWorkers. So should you wear a face mask to protect yourself from the #COVID19 virus, even if you're not sick? https://t.co/kxoHiPxFoG https://t.co/UFKVxWWloa",the increase in the general public buying surgical face masks has resulted in mask shortages for some healthcareworkers so should you wear a face mask to protect yourself from the covid virus even if you re not sick
87,fake,Pelosi [D-CA] plays politics with corona virus https://t.co/jKCIWFFXrm,pelosi d ca plays politics with corona virus
88,fake,Wow if this is true😬\n\n⁦@J9Dalton⁩\n\nVatican confirms Pope Francis and two aides test positive for Coronavirus - MCM https://t.co/YlHL3IZEUL,wow if this is true n n j dalton n nvatican confirms pope francis and two aides test positive for coronavirus mcm
89,real,"We are providing an extra €37 million for new research to fight #COVID19. This will enable 17 projects to tackle the outbreak on several fronts: vaccines, diagnostics, treatments, and medical systems.\n\nMore on the EU response to coronavirus ⬇️ https://t.co/JrdToMwTOB https://t.co/YiEmRWAlPJ",we are providing an extra million for new research to fight covid this will enable projects to tackle the outbreak on several fronts vaccines diagnostics treatments and medical systems n nmore on the eu response to coronavirus
90,real,"As the COVID-19 (#coronavirus) outbreak progresses around the world, infectious diseases specialist @DrPritishTosh explains how Mayo Clinic is planning to respond to the potential for large-scale #CommunitySpread of #COVID19. https://t.co/mcTkkj6yYr https://t.co/T2H0BQqyCt",as the covid coronavirus outbreak progresses around the world infectious diseases specialist drpritishtosh explains how mayo clinic is planning to respond to the potential for large scale communityspread of covid
91,real,"Consumers compensate for a perceived loss of control by buying products designed to fill a basic need, solve a problem, or accomplish a task. https://t.co/VgMtb6Draz",consumers compensate for a perceived loss of control by buying products designed to fill a basic need solve a problem or accomplish a task
92,real,"As reported cases of #COVID19 continue to climb worldwide, the information about this new #coronavirus is rapidly evolving. @DrPritishTosh offers one of the most important things he wants people to know about this virus. https://t.co/ULdVX4N0CX https://t.co/9D0WtKOv1F",as reported cases of covid continue to climb worldwide the information about this new coronavirus is rapidly evolving drpritishtosh offers one of the most important things he wants people to know about this virus
93,fake,#Coronavirus was produced in a laboratory: Former CIA intel officer \n\nhttps://t.co/ExApZE47OC,coronavirus was produced in a laboratory former cia intel officer n n
94,real,"Our webpage on #COVID19 gives information on key activities across medical, civil protection, mobility, economy and statistics angles, most recent studies and general information.\nFind out more here ⬇️",our webpage on covid gives information on key activities across medical civil protection mobility economy and statistics angles most recent studies and general information nfind out more here
95,fake,****URGENT RECALL*****\n\nSupermarkets are currently recalling toilet paper as the cardboard roll inserts are imported from China and there are strong fears the cardboard has been contaminated with the coronavirus.The most recent purchases are deemed most likely to be contaminated. https://t.co/ebCnLGzn1g,urgent recall n nsupermarkets are currently recalling toilet paper as the cardboard roll inserts are imported from china and there are strong fears the cardboard has been contaminated with the coronavirus the most recent purchases are deemed most likely to be contaminated
96,fake,"US military to deploy troops to #Mexico border to halt illegal crossings, virus spread\n\n#CoronaVirus \n\nhttps://t.co/dwEJRxd1QY",us military to deploy troops to mexico border to halt illegal crossings virus spread n n coronavirus n n
97,real,this list of dubious / outright false ways to deal with COV has gone viral on Italian WhatsApp as well - associated to a different person.\n\n(🇮🇹 version: https://t.co/C0hozDHobY)\n\nhttps://t.co/u1cS5qeimL,this list of dubious outright false ways to deal with cov has gone viral on italian whatsapp as well associated to a different person n n version n n
98,real,"“The best defense against potentially infected money is simple: Don’t touch your face or eat food after handling cash without washing your hands, and always wash your hands thoroughly after coming into contact with any money.” https://t.co/39PKG8FSwN",the best defense against potentially infected money is simple don t touch your face or eat food after handling cash without washing your hands and always wash your hands thoroughly after coming into contact with any money
99,real,"Just one week ago, the CDC was saying that because the U.S. had ""aggressively controlled our borders,"" that ""allow[ed] us to control our efforts"" by ""focus[ing] surveillance for those at highest risk"" – i.e., by only testing those who'd been to China.\nhttps://t.co/sQZ3n7BdMc https://t.co/71SmkFFldJ",just one week ago the cdc was saying that because the u s had aggressively controlled our borders that allow ed us to control our efforts by focus ing surveillance for those at highest risk i e by only testing those who d been to china n
100,fake,"#Italy Sources confirm the military tanks inside #Palermo city, Sicily, are not linked to COVID-19 or local prison riots, but they were coming back from a drill in Sardinia. \n@StateDept @MossadNews @rnovoa @MFS001 @Rose45Rose1237 https://t.co/rsNKIdZJAU",italy sources confirm the military tanks inside palermo city sicily are not linked to covid or local prison riots but they were coming back from a drill in sardinia n statedept mossadnews rnovoa mfs rose rose
101,real,"#InfectiousDiseases A-Z: There are some simple ways to protect yourself from #coronavirus. No. 1 is to wash your hands. The second thing is if you do have symptoms, to practice what we call #RespiratoryEtiquette. https://t.co/3shJutWYh5 https://t.co/o7Cn7eoLAK",infectiousdiseases a z there are some simple ways to protect yourself from coronavirus no is to wash your hands the second thing is if you do have symptoms to practice what we call respiratoryetiquette
102,real,@gigiglasgo We've been alerted to this website which refers to this social media post.\n\nhttps://t.co/faEgmExYaV,gigiglasgo we ve been alerted to this website which refers to this social media post n n
103,real,Watch the press statement with President @vonderleyen on #COVID19 ⬇️\n\nhttps://t.co/GUWoU4QsGb,watch the press statement with president vonderleyen on covid n n
104,real,If you have questions about #COVID19 join the Mayo Clinic Facebook Live discussion today at 2:30 p.m. CDT.  Pediatrician @DrAngelaMattke #AskTheMayoMom will host the discussion with pediatric infectious diseases specialist @nrajapakseMD. https://t.co/3ACuFJrwxD https://t.co/c4MTOpChzU,if you have questions about covid join the mayo clinic facebook live discussion today at p m cdt pediatrician drangelamattke askthemayomom will host the discussion with pediatric infectious diseases specialist nrajapaksemd
105,real,"What do we know about #COVID19?\nHow can you protect yourself and others from infection?\nWhat to do if you travel?\n\nCheck the leaflet made with @ECDC_EU\nShare it around, inform your friends and family.\n\nMore info → https://t.co/uzCFPgqk4h https://t.co/w5VRfHCFe6",what do we know about covid nhow can you protect yourself and others from infection nwhat to do if you travel n ncheck the leaflet made with ecdc eu nshare it around inform your friends and family n nmore info
106,real,"We stand by Italy during these trying times. 🇮🇹🇪🇺\n\nShare your words of support for our Italian friends here – we will pass them on to our Italian audience!\n\nThey are our colleagues, friends and EU family.\n\n❤️ Cari amici, siamo con voi. #COVID19 https://t.co/y9k2c5RvhD",we stand by italy during these trying times n nshare your words of support for our italian friends here we will pass them on to our italian audience n nthey are our colleagues friends and eu family n n cari amici siamo con voi covid
107,real,"We are working on all fronts to tackle the #COVID19 outbreak, including:\n🔹Coordinating Member State actions\n🔹Mobilising €140 million for research on vaccines, diagnosis, treatment\n🔹Bringing forward an Investment Fund of €25bn to help healthcare systems, SMEs, labour markets",we are working on all fronts to tackle the covid outbreak including n coordinating member state actions n mobilising million for research on vaccines diagnosis treatment n bringing forward an investment fund of bn to help healthcare systems smes labour markets
108,real,More about our action on #COVID19 in:\n- Our latest press release: https://t.co/G3sWfh7vez\n- Our coronavirus response team page: https://t.co/JrdToMwTOB https://t.co/KIJHtB56sA,more about our action on covid in n our latest press release n our coronavirus response team page
109,real,We separate fact from fiction about COVID-19 #coronavirus on the latest episode of the #MayoClinicQandA podcast: https://t.co/xpGkAk3rFN.,we separate fact from fiction about covid coronavirus on the latest episode of the mayoclinicqanda podcast
110,fake,Important SCOTUS victory for securing the border. The “remain in Mexico” policy agreement w/ Mexican govt has had a major impact reducing illegal border crossings—especially critical as we work to contain spread of the Coronavirus pandemic. https://t.co/okjOECCM53,important scotus victory for securing the border the remain in mexico policy agreement w mexican govt has had a major impact reducing illegal border crossings especially critical as we work to contain spread of the coronavirus pandemic
111,real,"Director of the Mayo Clinic's Vaccine Research Group @drgregpoland says that while most people remain at higher risk of contacting the #flu than #COVID19, at this time, he recommends people take these measures, to protect themselves against both. https://t.co/6pKI2DPSGN https://t.co/Ufg4AvFzcS",director of the mayo clinic s vaccine research group drgregpoland says that while most people remain at higher risk of contacting the flu than covid at this time he recommends people take these measures to protect themselves against both
112,real,We are working on all fronts 24/7 to support EU countries on #COVID19 \n\n1️⃣ Medical\n2️⃣ Research \n3️⃣ Economy\n4️⃣ Industry\n\nOur dedicated Coronavirus Response Team coordinates with industry and health authorities.\nMore info here → https://t.co/tjbqehY3Mg https://t.co/Qdsg25ujY5,we are working on all fronts to support eu countries on covid n n medical n research n economy n industry n nour dedicated coronavirus response team coordinates with industry and health authorities nmore info here
113,real,"Other viral respiratory diseases, like #influenza, are seasonal and cases decrease in the spring and summer. But unlike the flu, no one knows what to expect from #COVID19.  https://t.co/I01qopy0A6 https://t.co/rkrGY6LV3i",other viral respiratory diseases like influenza are seasonal and cases decrease in the spring and summer but unlike the flu no one knows what to expect from covid
114,fake,Fact check: Donating blood in the US does not get you a novel coronavirus test https://t.co/gj0lUSH5D9 @AFPFactCheck,fact check donating blood in the us does not get you a novel coronavirus test afpfactcheck
115,real,More about EU action and latest developments on #COVID19 with\n- our press release on additional measures to step up the EU response: https://t.co/3jj2CsthFH\n- the @vonderleyen and @GiuseppeConteIT joint statement following their last videoconference https://t.co/vklubWgF6t https://t.co/566V9hHYKe,more about eu action and latest developments on covid with n our press release on additional measures to step up the eu response n the vonderleyen and giuseppeconteit joint statement following their last videoconference
116,real,"Not to spoil your day, but a coronavirus vaccine will take at least 18 months — if it works at all, say the world's top pharma firms https://t.co/V9bOmF55EV",not to spoil your day but a coronavirus vaccine will take at least months if it works at all say the world s top pharma firms
117,real,The Coronavirus is a global crisis and requires cooperation.\nThe EU disapproves of the fact that the U.S. decision to impose a travel ban was taken unilaterally and without consultation.\nThe EU is taking strong action to limit the spread of #COVID19.\n\nRead full joint statement ↓,the coronavirus is a global crisis and requires cooperation nthe eu disapproves of the fact that the u s decision to impose a travel ban was taken unilaterally and without consultation nthe eu is taking strong action to limit the spread of covid n nread full joint statement
118,real,"@RobertGosz We work on all fronts to tackle the #COVID19 outbreak:\n🔹 Coordinating common response with EU countries.\n🔹 Mobilising €140 million for research on vaccines, diagnosis, treatment.\n🔹 Bringing forward an Investment Fund of €25 billion to counter the economic fallout in Europe. https://t.co/tyMJid1U6a",robertgosz we work on all fronts to tackle the covid outbreak n coordinating common response with eu countries n mobilising million for research on vaccines diagnosis treatment n bringing forward an investment fund of billion to counter the economic fallout in europe
119,real,Have you seen a list of recs about how to self-check for #COVID19? Was it attributed to “Stanford University”? Or “Stanford Hospital’s Internal Message Board?” Does the list start with “If you have a runny nose and sputum?”\n\nIt’s a hoax. Tell everyone https://t.co/xx0r5c8gVf,have you seen a list of recs about how to self check for covid was it attributed to stanford university or stanford hospital s internal message board does the list start with if you have a runny nose and sputum n nit s a hoax tell everyone
120,fake,"I think this is a possibility, we still don't know the full extent of this and we are learning new things everyday. \n\nhttps://t.co/oIWJkD8Gf6",i think this is a possibility we still don t know the full extent of this and we are learning new things everyday n n
121,fake,"In critical times, self-check every morning in an environment with clean air.\nSERIOUS EXCELLENT ADVICE by Japanese Doctors treating COVID-19 cases:\n Everyone should ensure your mouth &amp; throat is moist, never DRY. Take a few sips of water every 15 mins at least. WHY?  \nCont",in critical times self check every morning in an environment with clean air nserious excellent advice by japanese doctors treating covid cases n everyone should ensure your mouth throat is moist never dry take a few sips of water every mins at least why ncont
122,real,How Baidu is bringing #AI to the fight against coronavirus \n @techreview https://t.co/sOcsEyQnpS,how baidu is bringing ai to the fight against coronavirus n techreview
123,real,Mayo Clinic has developed a test that can detect the virus that causes #COVID19. https://t.co/SXTS6lisNp https://t.co/rXqC2QanIK,mayo clinic has developed a test that can detect the virus that causes covid
124,real,We commend @MayoClinic for taking initiative and working literally around-the-clock to develop this COVID-19 test. Just another example of why Mayo remains one of the finest medical institutions in the world.\n\nhttps://t.co/sWwQTMSSFb,we commend mayoclinic for taking initiative and working literally around the clock to develop this covid test just another example of why mayo remains one of the finest medical institutions in the world n n
125,real,Some possible good news. https://t.co/4dWMg0oYqD,some possible good news
126,fake,"CLAIM: A major disease outbreak occurred in ""every election year"" since 2004.\n\nRATING: ❌ False\nhttps://t.co/wIMiO4JoN7",claim a major disease outbreak occurred in every election year since n nrating false n
127,fake,Blood banks are in urgent need of donations. But donating won’t give you a free test for the coronavirus. https://t.co/jdOVLcC7Gq,blood banks are in urgent need of donations but donating won t give you a free test for the coronavirus
128,fake,"COVID-19: In Italy 1,000 dead, in Iran mass graves, in America ... we simply don't know https://t.co/gBqfvhV7UT",covid in italy dead in iran mass graves in america we simply don t know
129,fake,"COVID-19: In Italy 1,000 dead, in Iran mass graves, in America ... we simply don't know https://t.co/Pp03IJqKsc",covid in italy dead in iran mass graves in america we simply don t know
130,real,"With cases in 42 states and the District of Columbia, coronavirus (and COVID-19, the disease it causes) is spreading rapidly in the United States. Here’s what you need to know to protect yourself right now: https://t.co/SLNn4tuA1S https://t.co/sVPvwByAoY",with cases in states and the district of columbia coronavirus and covid the disease it causes is spreading rapidly in the united states here s what you need to know to protect yourself right now
131,real,Mayo Clinic develops test to detect COVID-19 infection https://t.co/B6NUKx90UT,mayo clinic develops test to detect covid infection
132,real,"Mayo Clinic has started rolling out a test to detect the virus that causes COVID-19 illnesses, a development that comes as concerns build that a lack of testing capacity could thwart the response to the outbreak. https://t.co/DPeq0I9TiZ",mayo clinic has started rolling out a test to detect the virus that causes covid illnesses a development that comes as concerns build that a lack of testing capacity could thwart the response to the outbreak
133,real,Drive thru https://t.co/TsxUTDsP8q,drive thru
134,real,#COVID19 #prevention advice for employers and businesses: use and share our #OSHwki guidance; learn how to prevent the spread of respiratory infections such as COVID-19 at your #workplace: https://t.co/DrFL06hptp @EU_Social @NicolasSchmitEU https://t.co/AnzZtEakds,covid prevention advice for employers and businesses use and share our oshwki guidance learn how to prevent the spread of respiratory infections such as covid at your workplace eu social nicolasschmiteu
135,real,"Press conference by President @vonderleyen, Executive Vice-Presidents @vestager and @VDombrovskis to present the economic response to the Coronavirus crisis. #COVID19\n\nhttps://t.co/qWOg4daucF",press conference by president vonderleyen executive vice presidents vestager and vdombrovskis to present the economic response to the coronavirus crisis covid n n
136,real,"The EU can withstand the shock caused by the coronavirus. But we need to be determined, coordinated and united. \n\nWatch the technical briefing on our proposals for the EU’s economic response to the #COVID19 crisis ↓\n\nhttps://t.co/P0L9zpAPAo",the eu can withstand the shock caused by the coronavirus but we need to be determined coordinated and united n nwatch the technical briefing on our proposals for the eu s economic response to the covid crisis n n
137,real,"The European Union can withstand the shock caused by #COVID19. But we need to be determined, coordinated and united. \n\nToday we proposed a decisive economic package to protect Europeans and the European economy. We stand ready to do more as the situation evolves.\n\nMore ↓",the european union can withstand the shock caused by covid but we need to be determined coordinated and united n ntoday we proposed a decisive economic package to protect europeans and the european economy we stand ready to do more as the situation evolves n nmore
138,real,"Hearing the term #SocialDistancing in relation to #COVID19? ""If you breathe in the droplets, or they land on your eyes, nose, or mouth then you are at risk of getting infected,"" says @nrajapakseMD. Learn more: https://t.co/V1ppgDRRiE https://t.co/8CCp8sTXdJ",hearing the term socialdistancing in relation to covid if you breathe in the droplets or they land on your eyes nose or mouth then you are at risk of getting infected says nrajapaksemd learn more
139,real,"""As a trusted voice on health care issues, we are stepping up to address the public's concerns, ensure health care staff are adequately protected, and develop solutions to #COVID_19 's unique challenges.”  @GFarrugiaMD, @MayoClinic president and CEO\n\nhttps://t.co/jcQxGxH8Sl",as a trusted voice on health care issues we are stepping up to address the public s concerns ensure health care staff are adequately protected and develop solutions to covid s unique challenges gfarrugiamd mayoclinic president and ceo n n
140,fake,"NEW: Stmt from @JoeBiden advisory Cmte says he “has no fever, no cough, no shortness of breath or other symptoms consistent with coronavirus, and the campaign has not been informed of or become aware of any relevant contact with an individual who has tested positive.” 1/",new stmt from joebiden advisory cmte says he has no fever no cough no shortness of breath or other symptoms consistent with coronavirus and the campaign has not been informed of or become aware of any relevant contact with an individual who has tested positive
141,fake,"Joe Biden has not been tested for coronavirus, as he is not experiencing any symptoms, nor has his campaign been informed that he has come in contact with anyone who has tested positive, per a statement from his campaign's public health advisory committee. https://t.co/z21mLY7mfJ",joe biden has not been tested for coronavirus as he is not experiencing any symptoms nor has his campaign been informed that he has come in contact with anyone who has tested positive per a statement from his campaign s public health advisory committee
142,fake,"NEW: @JoeBiden “has no fever, no cough, no shortness of breath or other symptoms consistent with coronavirus, &amp; the campaign has not been informed of or become aware of any relevant contact with an individual who has tested positive,"" according to his Public Health advisory board",new joebiden has no fever no cough no shortness of breath or other symptoms consistent with coronavirus the campaign has not been informed of or become aware of any relevant contact with an individual who has tested positive according to his public health advisory board
143,real,"@vonderleyen @ThierryBreton @PhilHoganEU @PaoloGentiloni @vestager @VDombrovskis @SKyriakidesEU @JanezLenarcic @AdinaValean @YlvaJohansson @JHahnEU We are working on all fronts to tackle the #COVID19 outbreak. We will use all the tools at our disposal to contain the spread of the virus, help patients and make sure the European economy weathers the storm.\n\nMore about our #Coronavirus response team: https://t.co/uOtq6WGLto",vonderleyen thierrybreton philhoganeu paologentiloni vestager vdombrovskis skyriakideseu janezlenarcic adinavalean ylvajohansson jhahneu we are working on all fronts to tackle the covid outbreak we will use all the tools at our disposal to contain the spread of the virus help patients and make sure the european economy weathers the storm n nmore about our coronavirus response team
144,real,"With the number of worldwide cases of #COVID19 on the rise, concerns about this new coronavirus are making many people anxious. Despite the severity of the current situation, Dr. @jsirven, a Mayo Clinic neurologist, says you shouldn't panic. https://t.co/JO4yFiHSmm https://t.co/J0RJXFAUbB",with the number of worldwide cases of covid on the rise concerns about this new coronavirus are making many people anxious despite the severity of the current situation dr jsirven a mayo clinic neurologist says you shouldn t panic
145,real,Dr. Nipunie Rajapakse shares information on symptoms and transmission of COVID-19.  For more information on COVID-19 https://t.co/TulFreIfA2. https://t.co/JindnBEC1s,dr nipunie rajapakse shares information on symptoms and transmission of covid for more information on covid
146,fake,"💥\n\nItaly has decided NOT to treat their elderly for this virus !!!!  That, my friends, is Socialized Healthcare!!!!\n\n💥",n nitaly has decided not to treat their elderly for this virus that my friends is socialized healthcare n n
147,fake,Blood banks are in urgent need of donations. But donating won’t give you a free test for the coronavirus. https://t.co/UfFZJsjqPp,blood banks are in urgent need of donations but donating won t give you a free test for the coronavirus
148,real,We are calling for startups and small businesses with technologies and innovations in:\n👨‍⚕️ treating\n🧪 testing\n🔍 monitoring \n🦠 other aspects of #COVID19\n \nApply for fast-track EU funding – deadline 17:00 CET on 18 March ↓,we are calling for startups and small businesses with technologies and innovations in n treating n testing n monitoring n other aspects of covid n napply for fast track eu funding deadline cet on march
149,fake,This post claims the coronavirus remains in the throat for four days and that gargling salt water or vinegar will ‘eliminate’ it.\n\nThere is no evidence to show that the virus remains in your throat in this manner. Gargling salt water or vinegar won't prevent Covid-19. https://t.co/COLfQFw08M,this post claims the coronavirus remains in the throat for four days and that gargling salt water or vinegar will eliminate it n nthere is no evidence to show that the virus remains in your throat in this manner gargling salt water or vinegar won t prevent covid
150,fake,"former American counter-terrorism specialist and military intelligence officer of the CIA has said that the “Coronavirus did not occur naturally through mutation but rather was produced in a laboratory, possibly as a biological warfare agent. https://t.co/l0UjLsdMJS",former american counter terrorism specialist and military intelligence officer of the cia has said that the coronavirus did not occur naturally through mutation but rather was produced in a laboratory possibly as a biological warfare agent
151,real,NONE of us are invincible.\nTake heed to the advice from epidemiologists that we practice social distancing during this #Coronavirus pandemic. I don't care how tempting those $15 flights to Dubai may be! Stay your 🍑 at home!,none of us are invincible ntake heed to the advice from epidemiologists that we practice social distancing during this coronavirus pandemic i don t care how tempting those flights to dubai may be stay your at home
152,real,".@drgregpoland says that while most people remain at higher risk of contacting the #flu than #COVID19 at this time, he recommends people take these measures, to protect themselves against both: https://t.co/bCOpPufyra",drgregpoland says that while most people remain at higher risk of contacting the flu than covid at this time he recommends people take these measures to protect themselves against both
153,real,@MayoClinic has begun rolling out a test to detect the virus that causes COVID-19. My hope is that we can fight this virus quicker and more efficiently by increasing the testing capabilities and availability and Mayo Clinic’s overall COVID-19 response. https://t.co/af9vcO711p,mayoclinic has begun rolling out a test to detect the virus that causes covid my hope is that we can fight this virus quicker and more efficiently by increasing the testing capabilities and availability and mayo clinic s overall covid response
154,real,The best defense against potentially infected money is simple: Don’t touch your face or eat food after handling cash without washing your hands. https://t.co/tZoF80CUQm,the best defense against potentially infected money is simple don t touch your face or eat food after handling cash without washing your hands
155,fake,"Italy has decided NOT to treat their elderly for this virus !!!!  That, my friends, is Socialized Healthcare!!!!",italy has decided not to treat their elderly for this virus that my friends is socialized healthcare
156,real,"Today, we presented guidelines for EU countries for an effective border management. It protects health while preserving the integrity of the internal market to prevent shortages of medical equipment &amp; food.\n\nOur single market is a key instrument of EU solidarity.\nMore ↓ #COVID19",today we presented guidelines for eu countries for an effective border management it protects health while preserving the integrity of the internal market to prevent shortages of medical equipment food n nour single market is a key instrument of eu solidarity nmore covid
157,real,"A new EU export scheme for protective equipment:\n\nMedical goods, such as masks, gloves, and more, will only be exportable to non-EU countries with the explicit authorisation of the EU governments.\n\nWe need this equipment to protect our healthcare workers and citizens ↓ #COVID19",a new eu export scheme for protective equipment n nmedical goods such as masks gloves and more will only be exportable to non eu countries with the explicit authorisation of the eu governments n nwe need this equipment to protect our healthcare workers and citizens covid
158,fake,CLAIM: Gargling with salt water or Vinegar 'eliminate' the COVID-19 coronavirus from the throat of an infected person's system.\n\nRATING: ❌ False\nhttps://t.co/yAts9sJDGx,claim gargling with salt water or vinegar eliminate the covid coronavirus from the throat of an infected person s system n nrating false n
159,real,Press conference following the G7 Leaders' video conference on #COVID19 with President @vonderleyen and @eucopresident Michel ↓ \n\nhttps://t.co/OhTmslOEgy,press conference following the g leaders video conference on covid with president vonderleyen and eucopresident michel n n
160,real,"#MayoClinicQandA brings you a daily podcast with the latest information on #COVID19. Today,  @nrajapakseMD, a Mayo Clinic pediatric infectious diseases expert, shares simple steps to protect yourself: https://t.co/XS7w00GGtM #coronavirus",mayoclinicqanda brings you a daily podcast with the latest information on covid today nrajapaksemd a mayo clinic pediatric infectious diseases expert shares simple steps to protect yourself coronavirus
161,real,"Minnesota Timberwolves Center @KarlTowns announced he will be donating $100,000 to Mayo Clinic which has begun rolling out a test to detect the virus that causes #COVID19. https://t.co/vJTntTcQ6V",minnesota timberwolves center karltowns announced he will be donating to mayo clinic which has begun rolling out a test to detect the virus that causes covid
162,real,"We've added our newest coronavirus reporting to this @Flipboard storyboard: \n1️⃣ How bad can coronavirus get in the US? \n2️⃣ US coronavirus testing is slowly ramping up, but way too late\n3️⃣ This is how the CDC is trying to forecast the virus's spread\nhttps://t.co/bUj4HdlHEY",we ve added our newest coronavirus reporting to this flipboard storyboard n how bad can coronavirus get in the us n us coronavirus testing is slowly ramping up but way too late n this is how the cdc is trying to forecast the virus s spread n
163,fake,"CLAIM: Donating blood requires that you be administered a free test for the COVID-19, a disease caused by the coronavirus.\n\nRATING: ❌ False\nhttps://t.co/GvBBFsVeXd",claim donating blood requires that you be administered a free test for the covid a disease caused by the coronavirus n nrating false n
164,real,"CureVac, a German vaccines company, has already started its #COVID19 vaccine development programme. Clinical testing is estimated by June 2020.\n\nWe are offering @CureVacAG up to €80 million of financial support to scale up development and production. More ↓",curevac a german vaccines company has already started its covid vaccine development programme clinical testing is estimated by june n nwe are offering curevacag up to million of financial support to scale up development and production more
165,real,"The #CoronaVirus is the first true #social media “infodemic”:\n\n#SocialMedia has zipped information and misinformation around the world at unprecedented speeds, fueling panic, racism… and hope.\n\n@TechReview via @PullNews:\nhttps://t.co/IcifGiQGcI #CoViD19 #pandemic #fakenews https://t.co/9admSKN9L4",the coronavirus is the first true social media infodemic n n socialmedia has zipped information and misinformation around the world at unprecedented speeds fueling panic racism and hope n n techreview via pullnews n covid pandemic fakenews
166,real,"""CDC Reports first known employee with COVID-19 Infection"" https://t.co/NMymspOo4x ""This individual was not involved in the COVID-19 response, has not been present in the CDC workplace since March 6, and was asymptomatic at that time."" https://t.co/uNQ89cvN5N",cdc reports first known employee with covid infection this individual was not involved in the covid response has not been present in the cdc workplace since march and was asymptomatic at that time
167,real,"NOW: CDC Reports first known employee with #COVID19 Infection:\n""This individual was not involved in the COVID-19 response, has not been present in the CDC workplace since March 6, and was asymptomatic at that time..."" https://t.co/yv7RAvcewc",now cdc reports first known employee with covid infection n this individual was not involved in the covid response has not been present in the cdc workplace since march and was asymptomatic at that time
168,real,"Fenyong Liu, a professor of virology at Berkeley Public Health, weighs in on how to practice social distancing during the coronavirus pandemic. \n\nhttps://t.co/SSbIbIEBTv",fenyong liu a professor of virology at berkeley public health weighs in on how to practice social distancing during the coronavirus pandemic n n
169,real,"First @CDCgov employee diagnosed with #COVID19 It is important to note the individual has not been involved with the response and not been in the workplace since March 6, 2020. \n\nhttps://t.co/hsdvHUKhhN",first cdcgov employee diagnosed with covid it is important to note the individual has not been involved with the response and not been in the workplace since march n n
170,real,"The COVID-19 pandemic is creating critical blood shortages in the U.S. ""It's not due to more #COVID19 patients needing blood products. Rather, it's a lack of donations coming in,"" says @KreuterMD with the @MayoClinicBDP. https://t.co/YU6hNfZ46p https://t.co/leAwsjTXan",the covid pandemic is creating critical blood shortages in the u s it s not due to more covid patients needing blood products rather it s a lack of donations coming in says kreutermd with the mayoclinicbdp
171,fake,⚽ Hoax report circulates that footballer Cristiano Ronaldo will convert his hotels into coronavirus hospitals https://t.co/ATvXogSQvI\n\n#coronavirusfacts https://t.co/8BW7or2zpb,hoax report circulates that footballer cristiano ronaldo will convert his hotels into coronavirus hospitals n n coronavirusfacts
172,fake,A two-dimensional image of the globe is viral with the claim that cities and countries along the 40° latitude are the most affected by coronavirus outbreak. This is not true. #AltNewsFactCheck | @ArchitMeta \n\nhttps://t.co/xCmTTI53a9,a two dimensional image of the globe is viral with the claim that cities and countries along the latitude are the most affected by coronavirus outbreak this is not true altnewsfactcheck architmeta n n
173,fake,A two-dimensional image of the globe is viral with the claim that cities and countries along the 40° latitude are the most affected by coronavirus outbreak. This is not true. #AltNewsFactCheck | @ArchitMeta \n\nhttps://t.co/WBq2x1utNu,a two dimensional image of the globe is viral with the claim that cities and countries along the latitude are the most affected by coronavirus outbreak this is not true altnewsfactcheck architmeta n n
174,fake,A two-dimensional image of the globe is viral with the claim that cities and countries along the 40° latitude are the most affected by coronavirus outbreak. This is not true. #AltNewsFactCheck | @ArchitMeta \n\nhttps://t.co/CKwBGdA1aS,a two dimensional image of the globe is viral with the claim that cities and countries along the latitude are the most affected by coronavirus outbreak this is not true altnewsfactcheck architmeta n n
175,real,We welcome the Eurogroup’s agreement on a first set on measures to mitigate socio-economic impacts of #COVID19. \nThese include:\n🔹 fully flexible state-aid &amp; fiscal rules\n🔹 short-term liquidity for SMEs\n🔹 €37 billion to fight the outbreak\n\nRead more → https://t.co/IOVqdoPQ9U https://t.co/EBbpqq009e,we welcome the eurogroup s agreement on a first set on measures to mitigate socio economic impacts of covid nthese include n fully flexible state aid fiscal rules n short term liquidity for smes n billion to fight the outbreak n nread more
176,real,"Simple actions can save lives:\n🔸 Wash your hands\n🔸 Sneeze hygienically\n🔸 Don't touch your eyes, nose and mouth\n🔸 Keep social distance\n🔸 If unwell, stay home\n #COVID19 https://t.co/iP4wdEMyw0",simple actions can save lives n wash your hands n sneeze hygienically n don t touch your eyes nose and mouth n keep social distance n if unwell stay home n covid
177,fake,"The US &amp; South Korea confirmed their 1st cases of COVID-19 at the end of Jan. Trump’s “America First” approach blamed China, refused WHO test kits, tried to buy exclusive rights to vaccine &amp; pretended American exceptionalism would protect us.\nS. Korea took a different approach... https://t.co/EznAXgySwt",the us south korea confirmed their st cases of covid at the end of jan trump s america first approach blamed china refused who test kits tried to buy exclusive rights to vaccine pretended american exceptionalism would protect us ns korea took a different approach
178,fake,A completely ridiculous claim is being circulated that cities and countries along the 40° latitude are the most affected by coronavirus outbreak. This is NOT true. #AltNewsFactCheck | @ArchitMeta https://t.co/q7APYwg37L,a completely ridiculous claim is being circulated that cities and countries along the latitude are the most affected by coronavirus outbreak this is not true altnewsfactcheck architmeta
179,real,“We work around the clock to fight the #COVID19 crisis.\nWe fund research and the development of vaccines.\nWe support companies and people who are at risk of losing their jobs.” @vonderleyen\n\nMore in our thread ↓ https://t.co/hO0AAsZmEb,we work around the clock to fight the covid crisis nwe fund research and the development of vaccines nwe support companies and people who are at risk of losing their jobs vonderleyen n nmore in our thread
180,real,1️⃣ Citizen repatriation.\n\nWe helped repatriate 290 European citizens who were stranded in Morocco.\nThey landed safely in Vienna this morning.\nAustria requested a second repatriation flight for EU citizens from Morocco and we will support it too. #COVID19,citizen repatriation n nwe helped repatriate european citizens who were stranded in morocco nthey landed safely in vienna this morning naustria requested a second repatriation flight for eu citizens from morocco and we will support it too covid
181,real,"2️⃣ Border management.\n\nBut EU citizens are not only stranded outside, but also within Europe.\nWe proposed solutions to enable people to go home and allow the transport of goods that are needed across Europe, in particular that of medical products. #COVID19",border management n nbut eu citizens are not only stranded outside but also within europe nwe proposed solutions to enable people to go home and allow the transport of goods that are needed across europe in particular that of medical products covid
182,real,"3️⃣ Protective equipment.\n\nThroughout Europe, there is a big need for masks, protective suits and other equipment to protect ourselves.\nWe work with the industry to produce more protective equipment.\nAnd we work with national governments to buy it together. #COVID19",protective equipment n nthroughout europe there is a big need for masks protective suits and other equipment to protect ourselves nwe work with the industry to produce more protective equipment nand we work with national governments to buy it together covid
183,real,4️⃣ Acceleration of research.\n\nWe provide up to €80 million of financial support to an innovative European research company @CureVacAG to scale up development and production of vaccination. \nThis could save lives in Europe as well as around the world. #COVID19,acceleration of research n nwe provide up to million of financial support to an innovative european research company curevacag to scale up development and production of vaccination nthis could save lives in europe as well as around the world covid
184,real,"Much remains to be done to fight this virus.\nWe can all contribute. For instance, by staying home and reducing contact with other people. \nTogether we can protect ourselves and all those around us. #COVID19\n\nOur coronavirus response team: https://t.co/JrdToMOuG9 https://t.co/WVYx5ufImQ",much remains to be done to fight this virus nwe can all contribute for instance by staying home and reducing contact with other people ntogether we can protect ourselves and all those around us covid n nour coronavirus response team
185,real,We have launched a European team of scientific experts composed of epidemiologists and virologists from different EU countries to strengthen EU coordination and medical response to #COVID19.\n\nMore about the panel of experts here → https://t.co/9WVIU91vQ6 https://t.co/LiOfNOuX8z,we have launched a european team of scientific experts composed of epidemiologists and virologists from different eu countries to strengthen eu coordination and medical response to covid n nmore about the panel of experts here
186,real,"You've probably heard the term #flattenthecurve by now. But what does that mean? Dr. Clayton Cowl, chair of #MayoClinic's Division of Preventative, Occupational and Aerospace Medicine explains. #COVID19 https://t.co/Qzx8pfUjYy",you ve probably heard the term flattenthecurve by now but what does that mean dr clayton cowl chair of mayoclinic s division of preventative occupational and aerospace medicine explains covid
187,real,Press conference following the EU leaders' video conference on #COVID19 with President @vonderleyen and  @eucopresident Michel ↓\n\nhttps://t.co/FvOzEZxDRl,press conference following the eu leaders video conference on covid with president vonderleyen and eucopresident michel n n
188,real,"Mayo Clinic will defer all elective care that can be deferred for eight or more weeks. This will include both elective surgeries, procedures and office visits. This deferment will be effective March 23 at all Mayo Clinic locations. Read more.  https://t.co/B2IRjT5qI6",mayo clinic will defer all elective care that can be deferred for eight or more weeks this will include both elective surgeries procedures and office visits this deferment will be effective march at all mayo clinic locations read more
189,fake,There are currently about 1.65 million people over 85 in the UK. All of these people are vulnerable to #Coronavirus because of their age. And there are some very high profile people within this group. #BorisJohnson should be aware that #Coronavirus won't just kill poor people!,there are currently about million people over in the uk all of these people are vulnerable to coronavirus because of their age and there are some very high profile people within this group borisjohnson should be aware that coronavirus won t just kill poor people
190,real,#COVID19: Are you helping to #FlattenTheCurve? https://t.co/ruWLc3hlLR,covid are you helping to flattenthecurve
191,real,"This is sound medical response to #COVID19 by deferring elective surgeries, procedures and clinical appointments.  \n\nThank you @MayoClinic for protecting our vulnerable patients and our workforce. \n\n https://t.co/JVNMbaHp1Y",this is sound medical response to covid by deferring elective surgeries procedures and clinical appointments n nthank you mayoclinic for protecting our vulnerable patients and our workforce n n
192,fake,As much as it is a source for other nutrients. BANANAS CANNOT PREVENT COVID-19 infection. | @DYGalvezINQ https://t.co/2xrxbIuPJ7,as much as it is a source for other nutrients bananas cannot prevent covid infection dygalvezinq
193,fake,"🍌 Australian scientists discover eating bananas can prevent COVID-19 infection?\n\nNo, this video has been doctored from an @abcnews report -- scientists have not found bananas prevent coronavirus infection https://t.co/gcq3QOy2bR\n\n#coronavirusfacts",australian scientists discover eating bananas can prevent covid infection n nno this video has been doctored from an abcnews report scientists have not found bananas prevent coronavirus infection n n coronavirusfacts
194,real,"Our neighbours' strength is also the EU's strength.\nToday we are proposing new policy objectives of the Eastern Partnership beyond 2020.\nWe will work closely together to address today's challenges across the board, including the ongoing COVID-19 pandemic→ https://t.co/MwuJiAymEH https://t.co/CMKMDcHEfm",our neighbours strength is also the eu s strength ntoday we are proposing new policy objectives of the eastern partnership beyond nwe will work closely together to address today s challenges across the board including the ongoing covid pandemic
195,fake,"Earlier in #Beirut: example of bad media coverage that contributes to panic and sets wrong example. 1. If your photographer doesn’t need that, then you definitely don’t. 2. Save masks and protective gear for medical workers who actually need it. #COVID19 https://t.co/RT7DQrkhKH",earlier in beirut example of bad media coverage that contributes to panic and sets wrong example if your photographer doesn t need that then you definitely don t save masks and protective gear for medical workers who actually need it covid
196,real,"The coronavirus behind the COVID-19 outbreak may be able to survive in the air for hours and on certain surfaces for days, according to a new study. https://t.co/kGrnr3trye https://t.co/bglOUf71n2",the coronavirus behind the covid outbreak may be able to survive in the air for hours and on certain surfaces for days according to a new study
197,real,"Do you have a ground-breaking idea to help fight the #COVID19 outbreak?\n\n⏰ Apply for research funding! \n𝗡𝗲𝘄 deadline: 20 March, 17:00 CET ⬇️",do you have a ground breaking idea to help fight the covid outbreak n n apply for research funding n deadline march cet
198,real,Older adults and people with chronic diseases are most vulnerable to the effects of #COVID19. How are long-term care facilities responding?\n\nMayo Clinic geriatrician Dr. Brandon Verdoorn explains on today's #MayoClinicQandA podcast: https://t.co/aVo5mPEI4z #coronavirus,older adults and people with chronic diseases are most vulnerable to the effects of covid how are long term care facilities responding n nmayo clinic geriatrician dr brandon verdoorn explains on today s mayoclinicqanda podcast coronavirus
199,real,"Hopefully, the word is spreading that older adults have a higher risk of serious illness from COVID-19. \n\nJust out: new CDC preliminary data analysis finds 45% of hospitalizations, 53% of ICU admissions and 80% of deaths in the US are ages 65+. \n  https://t.co/rq1KTvqhLS https://t.co/75rKsCWoXZ",hopefully the word is spreading that older adults have a higher risk of serious illness from covid n njust out new cdc preliminary data analysis finds of hospitalizations of icu admissions and of deaths in the us are ages n
200,fake,"Viral posts falsely claim COVID-19 is no worse than other outbreaks that have occurred in “every election year,” suggesting that the new coronavirus is being “hyped” to hurt President Trump. https://t.co/5CTGKThEzV",viral posts falsely claim covid is no worse than other outbreaks that have occurred in every election year suggesting that the new coronavirus is being hyped to hurt president trump
201,real,"Now more than ever, #blooddonation centers need healthy blood donors. While the shortages in the U.S. are not due to more #COVID19 patients needing blood, collections have plummeted. https://t.co/MNedbB2TJK",now more than ever blooddonation centers need healthy blood donors while the shortages in the u s are not due to more covid patients needing blood collections have plummeted
202,fake,"A perfect example of bad media coverage that contributes to panic and sets wrong example. \n\n1 - If your photographer doesn’t need that, then you definitely don’t.\n\n2 - Save mask and protective gear for medical workers who actually need it!\n\nhttps://t.co/9WCkMu8dln",a perfect example of bad media coverage that contributes to panic and sets wrong example n n if your photographer doesn t need that then you definitely don t n n save mask and protective gear for medical workers who actually need it n n
203,fake,Be wary of that meme. There is no evidence that gargling warm water with salt or vinegar will “eliminate” the coronavirus. https://t.co/612qlQj3zw,be wary of that meme there is no evidence that gargling warm water with salt or vinegar will eliminate the coronavirus
204,real,"#COVID19 symptoms can mimic the #flu. Dr. Clayton Cowl says symptoms can come on rapidly and can be especially dangerous for people over 70; immunosuppressed people; and those with underlying conditions, like lung disease, heart disease and diabetes. https://t.co/bGBPrpI6DE https://t.co/Xq75wTbWmF",covid symptoms can mimic the flu dr clayton cowl says symptoms can come on rapidly and can be especially dangerous for people over immunosuppressed people and those with underlying conditions like lung disease heart disease and diabetes
205,real,"What questions do you have about COVID-19? We have answers to key questions about the new coronavirus, including how to protect yourself and what to expect. https://t.co/lLVWzOkaP9 https://t.co/suNbu2Ix33",what questions do you have about covid we have answers to key questions about the new coronavirus including how to protect yourself and what to expect
206,fake,"Better lay off the beer, Senator @JohnCornyn. China was not the source of MERS (it's not even in the name: Middle East Respiratory Syndrome). Ditto for Swine Flu, the common name for H1N1, the 2009 pandemic of which was first detected in ... California. https://t.co/aIXLvI70Wg",better lay off the beer senator johncornyn china was not the source of mers it s not even in the name middle east respiratory syndrome ditto for swine flu the common name for h n the pandemic of which was first detected in california
207,fake,Be wary of that meme. There is no evidence that gargling warm water with salt or vinegar will “eliminate” the coronavirus. https://t.co/y1UDwWXniU,be wary of that meme there is no evidence that gargling warm water with salt or vinegar will eliminate the coronavirus
208,fake,"The LF Wade International Airport will close from Friday, March 20th for 2 weeks. Schools will be closed tomorrow, and public bus &amp; ferry services are all suspended until April 6th. We want to contain any spread of the virus. Up to date information: https://t.co/F0Jcy0sFrH.",the lf wade international airport will close from friday march th for weeks schools will be closed tomorrow and public bus ferry services are all suspended until april th we want to contain any spread of the virus up to date information
209,fake,"Premier: 'The LF Wade International Airport will close from Friday, March 20th for 2 weeks. Schools will be closed tomorrow, and public bus &amp; ferry services are all suspended until April 6th. We want to contain any spread of the virus' https://t.co/g8htdPvs1Y",premier the lf wade international airport will close from friday march th for weeks schools will be closed tomorrow and public bus ferry services are all suspended until april th we want to contain any spread of the virus
210,real,How bad can the coronavirus pandemic get in the US? The key question right now is how similar the US will be to Italy. https://t.co/Jz0cFLAEjF https://t.co/a9VyyQtwVN,how bad can the coronavirus pandemic get in the us the key question right now is how similar the us will be to italy
211,fake,Donald Trump. “People are dying today who have never died before”.  \n\nThe gift that keeps on giving. 😂😂,donald trump people are dying today who have never died before n nthe gift that keeps on giving
212,fake,"My heart aches at seeing military convoys transporting dead bodies to cemeteries in #Italy. \nPity for those souls who died alone, gasping for air in far away hospitals &amp; who will be buried alone without relatives around them. Heartbreaking.\n#COVID19 #covid #coronavirus @ifrc https://t.co/N7f7bS3q59",my heart aches at seeing military convoys transporting dead bodies to cemeteries in italy npity for those souls who died alone gasping for air in far away hospitals who will be buried alone without relatives around them heartbreaking n covid covid coronavirus ifrc
213,fake,Italia city of Bergamo\n\nThe military is deployed to help collect the dead bodies of Corona victims and cremate them as the local cemeteries are exhausted!! \n\n#coronavirus #COVID19 #COVID2019 #Covid_19 #CoronaVirusUpdate #italylockdown #Italy #COVIDー19 https://t.co/viB2Ax53IX,italia city of bergamo n nthe military is deployed to help collect the dead bodies of corona victims and cremate them as the local cemeteries are exhausted n n coronavirus covid covid covid coronavirusupdate italylockdown italy covid
214,real,“Our crisis management structures are mobilised”\n\nStatement by @JanezLenarcic on the creation of the #rescEU stockpile of medical equipment #COVID19 ↓\n\nhttps://t.co/U39PhIy1za,our crisis management structures are mobilised n nstatement by janezlenarcic on the creation of the resceu stockpile of medical equipment covid n n
215,real,The single most important piece of advice health experts can give to help us stay safe from COVID-19 is this one: Wash your hands -- and studies have shown the vast majority of us are doing it wrong. https://t.co/M67ngfakig https://t.co/xkDhg3Rhtz,the single most important piece of advice health experts can give to help us stay safe from covid is this one wash your hands and studies have shown the vast majority of us are doing it wrong
216,real,"🛑 Beware of rogue traders!\nWe act against the spread of fake products that allegedly prevent or cure #COVID19.\nThese are sold at high prices, exploiting the current situation and deceiving EU consumers. \n\nWe work with national authorities and publish new guidelines soon. https://t.co/uCwNlUeiel",beware of rogue traders nwe act against the spread of fake products that allegedly prevent or cure covid nthese are sold at high prices exploiting the current situation and deceiving eu consumers n nwe work with national authorities and publish new guidelines soon
217,real,We welcome EU countries' support to minimise traffic disruptions in the EU.\n'Green corridors' will be established to preserve the free circulation of goods and people who need to cross borders.\n\nThis is the only way to prevent shortages of medical equipment or food ↓ #COVID19,we welcome eu countries support to minimise traffic disruptions in the eu n green corridors will be established to preserve the free circulation of goods and people who need to cross borders n nthis is the only way to prevent shortages of medical equipment or food covid
218,real,"News about the coronavirus outbreak that started in Wuhan, China, is changing rapidly. We answer your questions: https://t.co/w3d9HR2eMB https://t.co/x9hGJLddK4",news about the coronavirus outbreak that started in wuhan china is changing rapidly we answer your questions
219,real,The single most important piece of advice health experts can give to help us stay safe from COVID-19 is this one: Wash your hands.  \nRead more about the power of hand-washing to prevent Coronavirus. https://t.co/sF1yrvAeLD,the single most important piece of advice health experts can give to help us stay safe from covid is this one wash your hands nread more about the power of hand washing to prevent coronavirus
220,fake,"CLAIM: Referring to the ongoing COVID-19 pandemic, U.S. President Donald Trump said, ""People are dying today that have never died before.""\n\nRATING: ❌ False\nhttps://t.co/3oJgBu4HQn",claim referring to the ongoing covid pandemic u s president donald trump said people are dying today that have never died before n nrating false n
221,real,"Want to help? Besides social distancing, you CAN donate blood as supply is critically low b/c drives have been cancelled. Needed for non-COVID patients who are critically ill or injured. @ACSTrauma @AmCollSurgeons @WomenSurgeons @MomsDemand @shannonrwatts https://t.co/4JPd6YAtei",want to help besides social distancing you can donate blood as supply is critically low b c drives have been cancelled needed for non covid patients who are critically ill or injured acstrauma amcollsurgeons womensurgeons momsdemand shannonrwatts
222,real,We are taking action to get more medical equipment to EU countries.\nThis is the first common European reserve of emergency medical equipment.\nHelping one another is the only way forward.\nLearn more → https://t.co/aWeyktBYAt\n#rescEU #COVID19 https://t.co/qCHguyCzlv,we are taking action to get more medical equipment to eu countries nthis is the first common european reserve of emergency medical equipment nhelping one another is the only way forward nlearn more n resceu covid
223,real,We need to act fast to manage #COVID19 impact.\nAs much as we can.\nAnd in a coordinated manner.\n\nWe just adopted a Temporary Framework to enable EU countries to use the full flexibility foreseen under State aid rules to support the economy.\nWatch @vestager statement ↓ https://t.co/0m659pMKjm,we need to act fast to manage covid impact nas much as we can nand in a coordinated manner n nwe just adopted a temporary framework to enable eu countries to use the full flexibility foreseen under state aid rules to support the economy nwatch vestager statement
224,fake,@OpieWanObi @ashishkjha @JeffreyGoldberg @aaronecarroll @TheAtlantic The Atlantic started making a collection of vital coronavirus coverage free for everyone on March 10. We're adding new stories to this collection every day. Hope this helps: https://t.co/fzp4awLgrQ,opiewanobi ashishkjha jeffreygoldberg aaronecarroll theatlantic the atlantic started making a collection of vital coronavirus coverage free for everyone on march we re adding new stories to this collection every day hope this helps
225,real,"More often than not in American history, a clampdown on civil liberties occurs during epidemics. https://t.co/VFWJbieMOw",more often than not in american history a clampdown on civil liberties occurs during epidemics
226,real,"Mayo Clinic can now process up to 4,000 #COVID19 test samples daily, after a significant expansion of capacity at @mayocliniclabs. https://t.co/BlCqNOKoo4 #Coronavirus https://t.co/CsgNvLVMnR",mayo clinic can now process up to covid test samples daily after a significant expansion of capacity at mayocliniclabs coronavirus
227,real,"Our blood banks are experiencing shortages not because it’s needed for COVID-19, but because donors are staying home (rightfully so). People still need help! If you’re healthy and can, donate! Make sure you eat a big meal and drink lots of water beforehand. https://t.co/bTuOVNpAuI",our blood banks are experiencing shortages not because it s needed for covid but because donors are staying home rightfully so people still need help if you re healthy and can donate make sure you eat a big meal and drink lots of water beforehand
228,real,How bad can the coronavirus pandemic get in the US? The key question right now is how similar the US will be to Italy. https://t.co/DAK32XkFtc https://t.co/TOfLU18SLZ,how bad can the coronavirus pandemic get in the us the key question right now is how similar the us will be to italy
229,fake,"@Ruptly's account has been withheld in Portugal, Finland, Sweden, Ireland, Slovenia, Czech Republic, Poland, Slovakia, Hungary, Italy, Malta, Germany, Greece, Romania, Netherlands, Bulgaria, Austria, Luxembourg, Latvia, United Kingdom, Denmark, Lithuania, Croatia, Estonia, Cyprus, France, Spain, Belgium in response to a legal demand. Learn more.",ruptly s account has been withheld in portugal finland sweden ireland slovenia czech republic poland slovakia hungary italy malta germany greece romania netherlands bulgaria austria luxembourg latvia united kingdom denmark lithuania croatia estonia cyprus france spain belgium in response to a legal demand learn more
230,real,What does it mean to flatten the curve on #COVID19? Learn more on today's #MayoClinicQandA podcast: https://t.co/tOduCJTFPa.,what does it mean to flatten the curve on covid learn more on today s mayoclinicqanda podcast
231,fake,#COVID2019 : Drinking hot water or gargling with salt &amp; vinegar will not kill coronavirus @SofeaIbrahim\n@MedTweetMYHQ #pulmcc #medtwitter #MedEd\nhttps://t.co/xMGTfPYssG,covid drinking hot water or gargling with salt vinegar will not kill coronavirus sofeaibrahim n medtweetmyhq pulmcc medtwitter meded n
232,fake,Just for those of you who are still spared by the COV-19. The picture below was shot in Bergamo. The Italian Army trsnsports dizens and dozens of coffins out of the city after crematorium overwhelmed with Coronavirus deaths. No additional comments. https://t.co/BeFbBidgRZ,just for those of you who are still spared by the cov the picture below was shot in bergamo the italian army trsnsports dizens and dozens of coffins out of the city after crematorium overwhelmed with coronavirus deaths no additional comments
233,real,"The new coronavirus (and COVID-19, the disease it causes) is spreading rapidly in the United States. Here’s what you need to know to protect yourself right now: https://t.co/oyR6yhv58s https://t.co/Kyc3gGf4LO",the new coronavirus and covid the disease it causes is spreading rapidly in the united states here s what you need to know to protect yourself right now
234,real,Singapore is the model for how to handle the coronavirus (and the response in the US has essentially been the opposite).  https://t.co/hAqmXWmCyQ,singapore is the model for how to handle the coronavirus and the response in the us has essentially been the opposite
235,real,We welcome the commitment by Netflix and YouTube to preserve the smooth functioning of the Internet during the #COVID19 crisis.\n\nThis will reduce the pressure on Internet infrastructure as millions of Europeans adapt to social distancing measures → https://t.co/UKl9RVkiq4 https://t.co/jGHtouTYzr,we welcome the commitment by netflix and youtube to preserve the smooth functioning of the internet during the covid crisis n nthis will reduce the pressure on internet infrastructure as millions of europeans adapt to social distancing measures
236,real,"From 21 March exports of personal protective equipment to EFTA countries – Norway 🇳🇴, Iceland 🇮🇸, Liechtenstein 🇱🇮 and Switzerland 🇨🇭 – will be exempt from export authorisation requirements for exports outside the EU.\n\nGuidelines here → https://t.co/aFC7TdO0wf #COVID19 https://t.co/8yH1I0SaXC",from march exports of personal protective equipment to efta countries norway iceland liechtenstein and switzerland will be exempt from export authorisation requirements for exports outside the eu n nguidelines here covid
237,fake,😞 Army trucks transport dead bodies to crematoriums across Italy after Bergamo’s cemetery in the Lombardy region was overwhelmed by #coronavirus deaths #CoronavirusItalia #COVID19US #Covid_19 #CoronaVirusUpdate #ItalyCoronavirus #StaySafeStayHome https://t.co/6aPm6tr0fB,army trucks transport dead bodies to crematoriums across italy after bergamo s cemetery in the lombardy region was overwhelmed by coronavirus deaths coronavirusitalia covid us covid coronavirusupdate italycoronavirus staysafestayhome
238,real,How bad can the coronavirus pandemic get in the US? The key question right now is how similar the US will be to Italy. https://t.co/DAK32XkFtc https://t.co/RIYujX4WIV,how bad can the coronavirus pandemic get in the us the key question right now is how similar the us will be to italy
239,real,Regions and local communities are on the forefront of the #COVID19 crisis. Solidarity is key.\n\nOur cohesion fund responds to the emerging needs in the most exposed sectors &amp; helps the most affected areas.\n\nAll 🇪🇺 countries have been informed about the support they can receive ⬇️,regions and local communities are on the forefront of the covid crisis solidarity is key n nour cohesion fund responds to the emerging needs in the most exposed sectors helps the most affected areas n nall countries have been informed about the support they can receive
240,real,Singapore is the model for how to handle the coronavirus (and the response in the US has essentially been the opposite).  https://t.co/1sMR6fPG3p,singapore is the model for how to handle the coronavirus and the response in the us has essentially been the opposite
241,real,"BLOOD DONATIONS\n\n@MayoClinic reports critical blood supply shortages due to lack of donors. Typical 1 to 2 week supply has decreased to only a few days. \n\nIf you are healthy and able, please contact the @RedCross in your area to donate. \n\nhttps://t.co/mIvj0KFjdb",blood donations n n mayoclinic reports critical blood supply shortages due to lack of donors typical to week supply has decreased to only a few days n nif you are healthy and able please contact the redcross in your area to donate n n
242,real,How bad can the coronavirus pandemic get in the US? The key question right now is how similar the US will be to Italy. https://t.co/Lhpi0hwLFP https://t.co/KWtt2uG4LP,how bad can the coronavirus pandemic get in the us the key question right now is how similar the us will be to italy
243,fake,Police say that Northern Va teens uploaded videos to social media of them coughing on grocery store produce.\n\nOfficals asked for parental assistance in monitoring teens' activities during stressful times when area schools are closed due to COVID-19 fears.\n\nhttps://t.co/AbwHt1gUBT https://t.co/WAIt0nfmjj,police say that northern va teens uploaded videos to social media of them coughing on grocery store produce n nofficals asked for parental assistance in monitoring teens activities during stressful times when area schools are closed due to covid fears n n
244,real,"On the latest #MayoClinicQandA podcast, Dr. Gregory Poland, a Mayo Clinic infectious diseases expert, answers the #COVID19 questions that are on everyone's mind: https://t.co/e4Qqc0Nzo3. #coronavirus",on the latest mayoclinicqanda podcast dr gregory poland a mayo clinic infectious diseases expert answers the covid questions that are on everyone s mind coronavirus
245,real,Hand-washing -- with soap and water -- is a far more powerful weapon against germs than many of us realize. https://t.co/F4fFA5jl5S https://t.co/j1IF90OQNK,hand washing with soap and water is a far more powerful weapon against germs than many of us realize
246,real,Older adults and those with serious chronic medical conditions are at higher risk of developing serious complications related to #COVID19. But what about patients with #cancer? https://t.co/LZGivFCktd https://t.co/HL0BfjG2U0,older adults and those with serious chronic medical conditions are at higher risk of developing serious complications related to covid but what about patients with cancer
247,real,"#MayoClinicQandA: I have read that #COVID19 spreads from person to person, but can it also live on objects? Should I be concerned about catching the virus from things I buy at the grocery store or while filling up my car with gas? https://t.co/mIaKqflTLJ https://t.co/0CYCVaQFLJ",mayoclinicqanda i have read that covid spreads from person to person but can it also live on objects should i be concerned about catching the virus from things i buy at the grocery store or while filling up my car with gas
248,real,We answered your biggest questions about coronavirus.  https://t.co/a0emsbsxgJ,we answered your biggest questions about coronavirus
249,real,How bad can the coronavirus pandemic get in the US? The key question right now is how similar the US will be to Italy. https://t.co/Lhpi0hwLFP https://t.co/LsChcOiPHH,how bad can the coronavirus pandemic get in the us the key question right now is how similar the us will be to italy
250,real,Singapore is the model for how to handle the coronavirus (and the response in the US has essentially been the opposite).  https://t.co/03g9xhzvXq,singapore is the model for how to handle the coronavirus and the response in the us has essentially been the opposite
251,fake,Is it true that coronavirus can be treated by gargling with warm water mixed with salt and vinegar\n\n#CoronavirusPandemic #Covid_19 #IndiaFightsCorona,is it true that coronavirus can be treated by gargling with warm water mixed with salt and vinegar n n coronaviruspandemic covid indiafightscorona
252,real,We answered your biggest questions about coronavirus.  https://t.co/3fdvDFllZ8,we answered your biggest questions about coronavirus
253,fake,"POLICE: \n\nJuveniles in Loudoun County reportedly filmed themselves coughing on produce at a grocery store, and then uploaded the videos onto social media. \n\nSTORY HERE: https://t.co/7cL5CSZydb https://t.co/7re3qsU4PW",police n njuveniles in loudoun county reportedly filmed themselves coughing on produce at a grocery store and then uploaded the videos onto social media n nstory here
254,real,"What questions do you have about the new coronavirus? We have answers to key questions about the new coronavirus, including how to protect yourself and what to expect. https://t.co/j8IUB4NS7u https://t.co/ctfhwAVVdT",what questions do you have about the new coronavirus we have answers to key questions about the new coronavirus including how to protect yourself and what to expect
255,real,Learn about the importance of isolation to #FlattenTheCurve on COVID-19 (#coronavirus) by listening to this @MayoClinic Q&amp;A #podcast: https://t.co/QOve0IFo9w #COVID19,learn about the importance of isolation to flattenthecurve on covid coronavirus by listening to this mayoclinic q a podcast covid
256,fake,"⚠️#Italy reports 793 new #coronavirus deaths, its biggest single-day increase. #COVID cases total &gt;53,000 with &gt;4,800 dead, and the rate of increase keeps growing with &gt;50% of cases and deaths in the past week.\n\n“Bodies have piled up in churches.”😰\n\nhttps://t.co/RdmLB9pP7M",italy reports new coronavirus deaths its biggest single day increase covid cases total with dead and the rate of increase keeps growing with of cases and deaths in the past week n n bodies have piled up in churches n n
257,fake,"@RobertMaguire_ Trump may profit from medical testing of #coronavirus. If the Trump family still own stock in Thermo Fisher Scientific &amp; stand to profit from govt contracts, could be why no other tests were accepted. Please probe stock trades made by Trump's since 1/1/20\nhttps://t.co/9BN4Ci7nWX?",robertmaguire trump may profit from medical testing of coronavirus if the trump family still own stock in thermo fisher scientific stand to profit from govt contracts could be why no other tests were accepted please probe stock trades made by trump s since n
258,real,"""Our purpose for creating a group dedicated to #COVID19 is to help people stay socially connected, #virtually,"" says Colleen Young, #MayoClinicConnectCommunity Director. https://t.co/OZIytv4k3q https://t.co/MIvfBTuPfm",our purpose for creating a group dedicated to covid is to help people stay socially connected virtually says colleen young mayoclinicconnectcommunity director
259,real,How bad can the coronavirus pandemic get in the US? The key question right now is how similar the US will be to Italy. https://t.co/7xb6BgiT0E https://t.co/QkTpkSHxA8,how bad can the coronavirus pandemic get in the us the key question right now is how similar the us will be to italy
260,real,"On January 30, WHO declared the coronavirus outbreak a Public Health Emergency of International Concern, citing the risk the virus posed to countries beyond China. \n\nDid this trigger urgent action by the White House? It did not.\nhttps://t.co/8hMtrN72pV",on january who declared the coronavirus outbreak a public health emergency of international concern citing the risk the virus posed to countries beyond china n ndid this trigger urgent action by the white house it did not n
261,fake,Dear all! just look at the crying President of Italy. Italy has the most advanced health facilities but they failed to control Corona because they were taking it as a joke. We must learn from this and it's better to be at home rather than on ventilator.\n#NBC https://t.co/7KdurXl5u4,dear all just look at the crying president of italy italy has the most advanced health facilities but they failed to control corona because they were taking it as a joke we must learn from this and it s better to be at home rather than on ventilator n nbc
262,real,"Dr. Clayton Cowl says that many people who contract #COVID19 will have mild or no symptoms. But if they develop symptoms, when and how should they seek medical help? Should they get tested? https://t.co/hh9TcTqAzF",dr clayton cowl says that many people who contract covid will have mild or no symptoms but if they develop symptoms when and how should they seek medical help should they get tested
263,fake,This is not an army parade.😭😭😥 These are dead bodies of COVID 19 victims. 🇮🇹 796 dead bodies in italy that too in a single day consisting of more than 80 trucks.\nSo PLEASE...PEOPLE IN THE\nPHILIPPINES #STAY_AT_HOME and #PRAY🙏🙏DON'T UNDERESTIMATE THE CORONA VIRUS (CONVID19)\n© https://t.co/Y6Xeh22FXs,this is not an army parade these are dead bodies of covid victims dead bodies in italy that too in a single day consisting of more than trucks nso please people in the nphilippines stay at home and pray don t underestimate the corona virus convid n
264,fake,"The Standing Committee of the Chinese Communist Party considered the Hong Kong Protest to be a grave threat to the integrity and stability.\n\nU.S. &amp; EU both knew, that Chinese were secretly working on a biological agent that was supposed to make the protesters docile and obedient",the standing committee of the chinese communist party considered the hong kong protest to be a grave threat to the integrity and stability n nu s eu both knew that chinese were secretly working on a biological agent that was supposed to make the protesters docile and obedient
265,real,Everything happening with #COVID19 can be especially frightening or confusing for children. Help them cope: https://t.co/MvW1RqEcG3 https://t.co/AhQUq8yepH,everything happening with covid can be especially frightening or confusing for children help them cope
266,fake,"An NHS worker claims he has been evicted from his home by text because his landlady is ""super nervous"" about #coronavirus  https://t.co/89yghYgaXR",an nhs worker claims he has been evicted from his home by text because his landlady is super nervous about coronavirus
267,real,"There are several common-sense things you can do to protect yourself, and help prevent or minimize the spread of #COVID19 to your family. Consider these 10 steps from Mayo Clinic's Infection Prevention and Control team: https://t.co/ZRCBf9neQU. https://t.co/jnnCwcVITq",there are several common sense things you can do to protect yourself and help prevent or minimize the spread of covid to your family consider these steps from mayo clinic s infection prevention and control team
268,fake,"The Italian Prime Minister @GiuseppeConteIT broke down in tears and said ""we have lost control l..... Can't understand what more we can do, all solutions are exhausted on ground. Our only hope remains up in the Sky, God rescue your people""\nhttps://t.co/545ACDOVIu",the italian prime minister giuseppeconteit broke down in tears and said we have lost control l can t understand what more we can do all solutions are exhausted on ground our only hope remains up in the sky god rescue your people n
269,fake,There’s trouble in the Senate with the Coronavirus stimulus bill. \n\nThe procedural (cloture) vote moved has been postponed until 6 pm. \n\nDemocrats are not ready to support it - say it's a giveaway to corporations. \n\nNegotiations continue.,there s trouble in the senate with the coronavirus stimulus bill n nthe procedural cloture vote moved has been postponed until pm n ndemocrats are not ready to support it say it s a giveaway to corporations n nnegotiations continue
270,fake,"An NHS worker claims he has been evicted from his home by text because his landlady is ""super nervous"" about #coronavirus  https://t.co/CS3oygyBJ0",an nhs worker claims he has been evicted from his home by text because his landlady is super nervous about coronavirus
271,real,We answered your biggest questions about coronavirus.  https://t.co/3fdvDFllZ8,we answered your biggest questions about coronavirus
272,real,"Get the answers to common #COVID19 questions on the #MayoClinicQandA podcast with Dr. Greg Poland, a Mayo Clinic infectious diseases expert: https://t.co/KMFHtzhCKA. #coronavirus https://t.co/zgYHDfgBks",get the answers to common covid questions on the mayoclinicqanda podcast with dr greg poland a mayo clinic infectious diseases expert coronavirus
273,fake,"LATEST: Senate Democrats tank a procedural vote on the $2 trillion coronavirus stimulus bill.\n\nNegotiations will continue, but the pressure on the talks is increasing tremendously. https://t.co/3zjqTAyWFq",latest senate democrats tank a procedural vote on the trillion coronavirus stimulus bill n nnegotiations will continue but the pressure on the talks is increasing tremendously
274,fake,"#VirusVote: Senate fails to advance phase 3 #coronavirus stimulus bill 47-47, after Democrats opposed Big business bailout money, with limited  relief for working families.\n\nAfter vote @senatemajldr blasts @SpeakerPelosi for blowing up deal last minute\n\nhttps://t.co/SHfqFfJ3y7",virusvote senate fails to advance phase coronavirus stimulus bill after democrats opposed big business bailout money with limited relief for working families n nafter vote senatemajldr blasts speakerpelosi for blowing up deal last minute n n
275,fake,"JUST IN: Senate Democrats blocked Sen. Mitch McConnell's attempt to advance a #coronavirus stimulus package Sunday.\n\nThe 47-47 vote, with 60 votes needed to advance the measure, puts in question McConnell's plan for the Senate to pass the bill https://t.co/4pLoZoL65U",just in senate democrats blocked sen mitch mcconnell s attempt to advance a coronavirus stimulus package sunday n nthe vote with votes needed to advance the measure puts in question mcconnell s plan for the senate to pass the bill
276,fake,Democrats BLOCK stimulus bill as Trump calls for lawmakers to vote remotely after Rand Paul becomes first senator to contract coronavirus https://t.co/Tsg4kS54Io https://t.co/WNcNLbmVEp,democrats block stimulus bill as trump calls for lawmakers to vote remotely after rand paul becomes first senator to contract coronavirus
277,fake,@JohnCornyn Senate Democrats blocked action on third economic stimulus bill related to #Coronavirus because guess what? \n\nIt does NOT give enough help to workers. Most of exorbitant bill has perks for big business\n\nSenate Dems were right to vote against Mitch’s trillions-for-the-rich bill https://t.co/r3PljLJe18,johncornyn senate democrats blocked action on third economic stimulus bill related to coronavirus because guess what n nit does not give enough help to workers most of exorbitant bill has perks for big business n nsenate dems were right to vote against mitch s trillions for the rich bill
278,fake,Great news! #Coronavirus vaccine ready. Able to cure patient within 3 hours after injection. Hats off to US Scientists.\n\nThis is a #FakeWhatsAppMsg\nSGTi-flex COVID-19 IgM/IgG is a gold nanoparticle-based immunochromatographic test kit for qualitative determination of #COVID19 https://t.co/145s4DzC3K,great news coronavirus vaccine ready able to cure patient within hours after injection hats off to us scientists n nthis is a fakewhatsappmsg nsgti flex covid igm igg is a gold nanoparticle based immunochromatographic test kit for qualitative determination of covid
279,real,How bad can the coronavirus pandemic get in the US? The key question right now is how similar the US will be to Italy. https://t.co/7xb6BgiT0E https://t.co/u5Fiquecub,how bad can the coronavirus pandemic get in the us the key question right now is how similar the us will be to italy
280,real,The coronavirus pandemic is a game changer for mental health care - MIT Technology Review https://t.co/DvJfEM6jba @irmaraste @eViRaHealth #CoronaVirus #CoronaVirusOutbreak #COVID2019 #covid19,the coronavirus pandemic is a game changer for mental health care mit technology review irmaraste evirahealth coronavirus coronavirusoutbreak covid covid
281,real,"Over 24,000 coronavirus research papers are now available in one place @techreview ↘️ https://t.co/p2pB9Wmf3n",over coronavirus research papers are now available in one place techreview
282,real,What is the general escape clause?\nWhy are we proposing to activate it now?\nWhat are the next steps?\n\nQuestions &amp; answers #COVID19 → https://t.co/8t4RDV0gFq https://t.co/8Axk6RTjHu,what is the general escape clause nwhy are we proposing to activate it now nwhat are the next steps n nquestions answers covid
283,real,Mayo Clinic announced on Monday a staffing and pay protection program for our allied health staff. The program guarantees that allied health staff will continue to be paid their current rate of pay for normally scheduled hours through April 28. https://t.co/4No7XScqZW #COVID19,mayo clinic announced on monday a staffing and pay protection program for our allied health staff the program guarantees that allied health staff will continue to be paid their current rate of pay for normally scheduled hours through april covid
284,fake,"“According to the police, the gullible followers of the prophet were made to believe that dettol would keep them away from contracting the deadly Coronavirus and any other diseases.”\n\n59 people die as Pastor gives them dettol to drink in church https://t.co/uybYDeZenh",according to the police the gullible followers of the prophet were made to believe that dettol would keep them away from contracting the deadly coronavirus and any other diseases n n people die as pastor gives them dettol to drink in church
285,fake,🇮🇳 Indian authorities refute 'fake' advisory which claimed disinfectant would be sprayed across India to tackle COVID-19\n\nhttps://t.co/hfgSVEw2vJ https://t.co/lBN4qiShNi,indian authorities refute fake advisory which claimed disinfectant would be sprayed across india to tackle covid n n
286,real,"""The terms #quarantine and #isolation both refer to the act of separating a person with illness from others,"" says pulmonologist @ChestPresident. ""But the terms are different."" https://t.co/IpCIUC681c #COVID19 https://t.co/vAAkvZyDDJ",the terms quarantine and isolation both refer to the act of separating a person with illness from others says pulmonologist chestpresident but the terms are different covid
287,fake,59 people die as Pastor gives them dettol to drink in church to prevent #Coronavirus and also as a sign of faith during a church service in South Africa. \n#CoronavirusSouthAfrica \nhttps://t.co/vDidk00YCo,people die as pastor gives them dettol to drink in church to prevent coronavirus and also as a sign of faith during a church service in south africa n coronavirussouthafrica n
288,real,The EU's transport network connects the EU. \n\nWe want to make sure both goods and transport workers are able to travel to wherever they are needed – without delay.\n\nSee our practical guidance document on protecting the EU's supply chains → https://t.co/jH9FGvKuiv #COVID19 https://t.co/Tc6QXsNSJ3,the eu s transport network connects the eu n nwe want to make sure both goods and transport workers are able to travel to wherever they are needed without delay n nsee our practical guidance document on protecting the eu s supply chains covid
289,real,Singapore is the model for how to handle the coronavirus (and the response in the US has essentially been the opposite).  https://t.co/Ubwh5PNUSn,singapore is the model for how to handle the coronavirus and the response in the us has essentially been the opposite
290,fake,Pelosi says Democrats' forthcoming coronavirus stimulus bill (the third COVID-19 response bill) includes billions in grant $ for states + a natl requirement for 15 days of early voting and no-excuse absentee vote-by-mail. https://t.co/YQSVx17ozp,pelosi says democrats forthcoming coronavirus stimulus bill the third covid response bill includes billions in grant for states a natl requirement for days of early voting and no excuse absentee vote by mail
291,real,We answered your biggest questions about coronavirus.  https://t.co/QlQswl4QsR,we answered your biggest questions about coronavirus
292,real,"Here's the latest Coronavirus Tech Report. In this newsletter, there's: \n\n-Results from the first organized trials of drugs to treat Covid-19 (spoiler alert: so far, there's no cure) \n-A hype check on chloroquine \n-We answered some of your biggest questions about coronavirus. https://t.co/phLv9kZd2C",here s the latest coronavirus tech report in this newsletter there s n n results from the first organized trials of drugs to treat covid spoiler alert so far there s no cure n a hype check on chloroquine n we answered some of your biggest questions about coronavirus
293,fake,It's true: Democrats partisan buffoonery is delaying the Senate vote of the necessary coronavirus stimulus bill \n\nhttps://t.co/wwifgkGOqY,it s true democrats partisan buffoonery is delaying the senate vote of the necessary coronavirus stimulus bill n n
294,fake,Texas’ Tito’s Handmade Vodka making ’24 tons’ of hand sanitizer to meet COVID-19 demand https://t.co/phrXByJuGJ,texas tito s handmade vodka making tons of hand sanitizer to meet covid demand
295,fake,"BREAKING NEWS: According to WHO\n\nCoronavirus - confirmed to be airborne!!!\nCopper, Steel - 2 hours\nPaper, Plastic - 3-4 hours\nAir - 8 hours or more depending",breaking news according to who n ncoronavirus confirmed to be airborne ncopper steel hours npaper plastic hours nair hours or more depending
296,real,"#Exercise is important for a healthy body and mind, but if you're feeling under the weather, you may wonder what's OK to tackle or if you should hang up your sneakers. @DanMonteroMD, offers some advice for when to exercise. https://t.co/NGXxVUQnzp #COVID19 https://t.co/Nk7vJwclFW",exercise is important for a healthy body and mind but if you re feeling under the weather you may wonder what s ok to tackle or if you should hang up your sneakers danmonteromd offers some advice for when to exercise covid
297,real,10 steps from Mayo Clinic’s Infection Prevention and Control team to minimize the spread of COVID-19 – Mayo Clinic News Network https://t.co/q4WgADroAg @IrmaRaste @eViRaHealth #coronavirus #COVIDー19 #COVID19 #CoronavirusPandemic https://t.co/9Wr9rRbu24,steps from mayo clinic s infection prevention and control team to minimize the spread of covid mayo clinic news network irmaraste evirahealth coronavirus covid covid coronaviruspandemic
298,real,"On today's #MayoClinicQandA podcast, Dr. Beth Rush, a Mayo Clinic neuropsychologist, discusses coping with uncertainty during the #COVID19 crisis: https://t.co/ppzVfui2if.",on today s mayoclinicqanda podcast dr beth rush a mayo clinic neuropsychologist discusses coping with uncertainty during the covid crisis
299,fake,U.S. combats martial law conspiracy theories as the National Guard assists in coronavirus response https://t.co/MPrYzUL1Ic,u s combats martial law conspiracy theories as the national guard assists in coronavirus response
300,fake,"A graphic has been shared thousands of times on Facebook which claims that gargling warm water with salt or vinegar can eliminate the novel #coronavirus, #COVID19. The claim is false #BOOMFactCheck #FakeNews #CoronaVirusFacts #COVID19outbreak\n\nhttps://t.co/8MN4i9vDiC",a graphic has been shared thousands of times on facebook which claims that gargling warm water with salt or vinegar can eliminate the novel coronavirus covid the claim is false boomfactcheck fakenews coronavirusfacts covid outbreak n n
301,fake,🇮🇹 Photo shows coffins of coronavirus victims in Italy?\n\n❌ FALSE: These are coffins for dead migrants after a boat capsized off the coast of Italy in 2013\n\nhttps://t.co/vP10wmBq5c,photo shows coffins of coronavirus victims in italy n n false these are coffins for dead migrants after a boat capsized off the coast of italy in n n
302,fake,Fake News Alert🚨\nThere Is No Vaccine For #COVID19  As Yet !\nThe viral image on social media is not a vaccine for #CoronavirusOutbreak but a COVID-19 test kit recently developed by South Korea\n#LKA #CoronaVirusFacts #COVID19SL \nRead our Fact Check👇\nhttps://t.co/IkIcrvl1GG,fake news alert nthere is no vaccine for covid as yet nthe viral image on social media is not a vaccine for coronavirusoutbreak but a covid test kit recently developed by south korea n lka coronavirusfacts covid sl nread our fact check n
303,real,Singapore is the model for how to handle the coronavirus (and the response in the US has essentially been the opposite).  https://t.co/54YD3e9HlO,singapore is the model for how to handle the coronavirus and the response in the us has essentially been the opposite
304,real,"We work with EU countries to ensure timely, coordinated and effective action to support the economy and protect businesses.\n\nBecause we need the single market to weather this crisis and bounce back strongly afterwards. 🇪🇺\n\nLatest #COVID19 updates ↓\nhttps://t.co/PK2z3yKJoO",we work with eu countries to ensure timely coordinated and effective action to support the economy and protect businesses n nbecause we need the single market to weather this crisis and bounce back strongly afterwards n nlatest covid updates n
305,fake,BREAKING NEWS! covid -19 is confirmed as airborne and remain 8 hrs in air! So everyone is required to *wear mask everywhere!!* BREAKING NEWS:\nCoronavirus - confirmed to be airborne!!!\nAir - 8 hours or more depending on conditions.\nhttps://t.co/T6pKu2NOtN #ModiKiBatMano,breaking news covid is confirmed as airborne and remain hrs in air so everyone is required to wear mask everywhere breaking news ncoronavirus confirmed to be airborne nair hours or more depending on conditions n modikibatmano
306,real,We answered your biggest questions about coronavirus.  https://t.co/QlQswl4QsR,we answered your biggest questions about coronavirus
307,real,Hand-washing -- with soap and water -- is a far more powerful weapon against germs than many of us realize. https://t.co/9gnj5AvssG https://t.co/J3WDGQ7cxG,hand washing with soap and water is a far more powerful weapon against germs than many of us realize
308,real,"As #socialdistancing becomes the norm due to #COVID19, it's important to find new ways to remain active, as exercise is important. https://t.co/1Apa9P0Lon https://t.co/h15GRyhtA3",as socialdistancing becomes the norm due to covid it s important to find new ways to remain active as exercise is important
309,real,Which Covid-19 drugs work best? - via @techreview https://t.co/4lTDhERljl,which covid drugs work best via techreview
310,real,We answered your biggest questions about coronavirus.  https://t.co/OSiC31dx47,we answered your biggest questions about coronavirus
311,real,@JoeBiden 👉Joe Biden's record on pandemics is one of incompetence\n\nDuring the 2009 swine flu outbreak Biden made reckless comments unsupported by the experts really no different than right now\n\nThe Obama Admin had to clean up his mess &amp; apologize for his ineptitude https://t.co/yLo3tHLfNO,joebiden joe biden s record on pandemics is one of incompetence n nduring the swine flu outbreak biden made reckless comments unsupported by the experts really no different than right now n nthe obama admin had to clean up his mess apologize for his ineptitude
312,fake,"Holy Hell - the United States now tracking the worst rate of COVID-19 spread in the world, even surpassing Italy. \n\nIn announcing he intends to “open the country” by April 12, Trump is choosing mass graves over social distancing. He’s putting a dollar value on human life! https://t.co/KwwGAs5UkD",holy hell the united states now tracking the worst rate of covid spread in the world even surpassing italy n nin announcing he intends to open the country by april trump is choosing mass graves over social distancing he s putting a dollar value on human life
313,real,Which Covid-19 drugs work best? - via @techreview https://t.co/GBrgtNOtCc,which covid drugs work best via techreview
314,fake,STAY AT HOME! This is a horrible thing to watch. I experienced it recently unrelated to Covid-19. My children had to say goodbye to their grandmother via Face Time. Get it now?No one can visit hospitals right now to reduce cases. You can’t be there and your loved one dies alone. https://t.co/PoMvTYhDwV,stay at home this is a horrible thing to watch i experienced it recently unrelated to covid my children had to say goodbye to their grandmother via face time get it now no one can visit hospitals right now to reduce cases you can t be there and your loved one dies alone
315,fake,'That is my shame': Scottsdale council member Guy Phillips apologizes for sharing false coronavirus info https://t.co/wWEu8Agoum,that is my shame scottsdale council member guy phillips apologizes for sharing false coronavirus info
316,real,We answered your biggest questions about coronavirus.  https://t.co/OSiC31dx47,we answered your biggest questions about coronavirus
317,real,A new CDC bot will tell you what to do if you have coronavirus symptoms - MIT Technology Review https://t.co/edFDJWhMi5 @IrmaRaste @eViRaHealth #coronavirus #COVIDー19 #COVID19 #CoronavirusPandemic,a new cdc bot will tell you what to do if you have coronavirus symptoms mit technology review irmaraste evirahealth coronavirus covid covid coronaviruspandemic
318,real,"World's top footballers rally to promote key @who messages on stopping the spread of #COVID19 focused on hand washing, coughing etiquette, not touching your face, physical distance and staying home if feeling unwell #WashYourHands \n\nhttps://t.co/Y2OlgrQhyk https://t.co/p8KJLW5rMY",world s top footballers rally to promote key who messages on stopping the spread of covid focused on hand washing coughing etiquette not touching your face physical distance and staying home if feeling unwell washyourhands n n
319,real,"Crisis situations, like #COVID19, challenge the exercise and protection of human rights.\n\nThis is an opportunity for Europe to stand up for its values and interests.\n\nOur plan to defend human rights and democracy all over the world by using resources faster, more effectively ↓",crisis situations like covid challenge the exercise and protection of human rights n nthis is an opportunity for europe to stand up for its values and interests n nour plan to defend human rights and democracy all over the world by using resources faster more effectively
320,real,Singapore is the model for how to handle the coronavirus (and the response in the US has essentially been the opposite).  https://t.co/izyUzYTKsN,singapore is the model for how to handle the coronavirus and the response in the us has essentially been the opposite
321,fake,"#BreakingNews just in, France has discovered the vaccine for Corona virus.There is jubilation all over Paris #FastingAndPrayers #Covid19Out https://t.co/Ysu3ZYcgIp",breakingnews just in france has discovered the vaccine for corona virus there is jubilation all over paris fastingandprayers covid out
322,real,A neural network can help spot Covid-19 in chest x-rays - MIT Technology Review https://t.co/k0dHq3HGuo,a neural network can help spot covid in chest x rays mit technology review
323,real,Everyone does not need a test for #COVID19. But what should you do if you think you might have it? https://t.co/mDNQ1OvXQe https://t.co/NXmL1Uuiov,everyone does not need a test for covid but what should you do if you think you might have it
324,fake,Fact Check: Visuals from Croatia earthquake passed off as corona crisis in Italy - Fact Check News https://t.co/d3sQKfYtkr,fact check visuals from croatia earthquake passed off as corona crisis in italy fact check news
325,fake,📢BREAKING!\n\nSenate passes coronavirus stimulus bill in unanimous vote!\n\nLet's hope and PRAY they took out some of the Democrat demands like paying people more to stay home than they would get to work!\n\n#StimulusPlan \n#StimulusPackage\n#StimulusBill\n\nhttps://t.co/5IOZXKY3bh,breaking n nsenate passes coronavirus stimulus bill in unanimous vote n nlet s hope and pray they took out some of the democrat demands like paying people more to stay home than they would get to work n n stimulusplan n stimuluspackage n stimulusbill n n
326,real,Singapore is the model for how to handle the coronavirus (and the response in the US has essentially been the opposite).  https://t.co/REA2m3FWkx,singapore is the model for how to handle the coronavirus and the response in the us has essentially been the opposite
327,real,We answered your biggest questions about coronavirus.  https://t.co/6IDL8Amtpb,we answered your biggest questions about coronavirus
328,fake,"Where this becomes particularly important is if COVID19 is the fifth endemic coronavirus. Then immunity may not be long lived. So you have to keep it out, or fight a new strain as it appears.\nhttps://t.co/lLh24R41qa https://t.co/6kgOyd00tb",where this becomes particularly important is if covid is the fifth endemic coronavirus then immunity may not be long lived so you have to keep it out or fight a new strain as it appears n
329,real,How bad can the coronavirus pandemic get in the US? The key question right now is how similar the US will be to Italy. https://t.co/T3csLE6UWg https://t.co/6RXWq1e7bP,how bad can the coronavirus pandemic get in the us the key question right now is how similar the us will be to italy
330,fake,An Italian employee of the Holy See who lives in the same residence as Pope Francis was reported Thursday to have tested positive for COVID-19 and has been hospitalised\nhttps://t.co/EffZr62Mk0,an italian employee of the holy see who lives in the same residence as pope francis was reported thursday to have tested positive for covid and has been hospitalised n
331,fake,A photograph of a doctor in Malaysia maintaining distance with his children has been shared as Indonesian doctor Hadiyo Ali who died treating coronavirus patients. #AltNewsFactCheck | @HereisKinjal \n\nhttps://t.co/Sof8p8SMMr,a photograph of a doctor in malaysia maintaining distance with his children has been shared as indonesian doctor hadiyo ali who died treating coronavirus patients altnewsfactcheck hereiskinjal n n
332,fake,🚨👇👇Trudeau acknowledges the potential for US troops to be sent to the northern border to control illegal border crossings and stem the spread of coronavirus. https://t.co/p8aDhUuHXZ,trudeau acknowledges the potential for us troops to be sent to the northern border to control illegal border crossings and stem the spread of coronavirus
333,real,".@DrTedros calls on @g20org to Fight, Unite, and Ignite against #COVID19 👉https://t.co/JlSYDnkoLm #coronavirus",drtedros calls on g org to fight unite and ignite against covid coronavirus
334,real,".@g20org pledged to work together to increase research and development funding for #COVID19 vaccines and medicines, strengthen international scientific cooperation, and leverage digital technologies. https://t.co/JlSYDn2NmM",g org pledged to work together to increase research and development funding for covid vaccines and medicines strengthen international scientific cooperation and leverage digital technologies
335,real,".@g20org tasked WHO &amp; other relevant orgs with assessing gaps in pandemic preparedness &amp; report the findings of this assessment to the G20 Finance &amp; Health Ministers, in order to establish a global initiative on pandemic preparedness &amp; response together. https://t.co/pdw8XIAYyq",g org tasked who other relevant orgs with assessing gaps in pandemic preparedness report the findings of this assessment to the g finance health ministers in order to establish a global initiative on pandemic preparedness response together
336,real,Singapore is the model for how to handle the coronavirus (and the response in the US has essentially been the opposite).  https://t.co/jm9l9pdKZj,singapore is the model for how to handle the coronavirus and the response in the us has essentially been the opposite
337,real,"The @WHO Director-General @DrTedros calls on #G20 at its emergency video summit to Fight, Unite, and Ignite against #COVID2019. https://t.co/dXGKkVsVE2 https://t.co/4V3SMpSbzk",the who director general drtedros calls on g at its emergency video summit to fight unite and ignite against covid
338,real,I also welcome their strong commitment to:\n-support &amp; further strengthen @WHO’s mandate in coordinating the #COVID19 response \n-call for full funding of the Strategic Preparedness and Response Plan\n-increase R&amp;D funding\nhttps://t.co/dPsxekZJbw,i also welcome their strong commitment to n support further strengthen who s mandate in coordinating the covid response n call for full funding of the strategic preparedness and response plan n increase r d funding n
339,real,".@DrTedros calls to @g20org to ""Fight, Unite, and Ignite"" against #COVID19. The best and only way to protect life, livelihoods and economies is to stop the #coronavirus. @WHO 👉https://t.co/fTzslIm78y https://t.co/sMjj4d0HME",drtedros calls to g org to fight unite and ignite against covid the best and only way to protect life livelihoods and economies is to stop the coronavirus who
340,fake,Hmm... SEIU Union in California Suddenly Finds A Mysterious Stash of 39 Million Face Masks  -- 3 Days After AG Bill Barr Announces They're Going After Hoarders https://t.co/VJkSuu6LVk,hmm seiu union in california suddenly finds a mysterious stash of million face masks days after ag bill barr announces they re going after hoarders
341,fake,"CLAIM: After discovering a doomsday asteroid was approaching Earth, world leaders created the COVID-19 pandemic in an effort to distract the world population and force everyone to spend time with their families during Earth's final days.\n\nRATING: ❌ False\nhttps://t.co/hSzSb5dAYf",claim after discovering a doomsday asteroid was approaching earth world leaders created the covid pandemic in an effort to distract the world population and force everyone to spend time with their families during earth s final days n nrating false n
342,fake,Tom Perez head of DNC + Joe Biden have this on their hands. Consequences. \n\nThey defied the CDC guidelines and pushed millions of Americans to still go out to vote on 3/17 and now we're seeing in FL that 2 poll workers tested positive for #coronavirus. \n\nhttps://t.co/SesxG0glFq,tom perez head of dnc joe biden have this on their hands consequences n nthey defied the cdc guidelines and pushed millions of americans to still go out to vote on and now we re seeing in fl that poll workers tested positive for coronavirus n n
343,fake,AG Barr put hoarders on notice &amp; said they'll get a knock on door if they're sitting on a large amount of supplies.\n\nThe SEIU Healthcare Workers West said they located a mysterious stash of 39 million N95 face masks.\n\nWonder what will be found next!\n\nhttps://t.co/s1iKENvoyn,ag barr put hoarders on notice said they ll get a knock on door if they re sitting on a large amount of supplies n nthe seiu healthcare workers west said they located a mysterious stash of million n face masks n nwonder what will be found next n n
344,real,Singapore is the model for how to handle the coronavirus (and the response in the US has essentially been the opposite).  https://t.co/jm9l9pdKZj,singapore is the model for how to handle the coronavirus and the response in the us has essentially been the opposite
345,real,The data from China showed that older people were more likely to die. But Americans may have misunderstood the data that initially came out of China: that older people were most affected and younger ones were safe. What you need to know: https://t.co/tx6b2K0jq2 https://t.co/7HHErYW1lx,the data from china showed that older people were more likely to die but americans may have misunderstood the data that initially came out of china that older people were most affected and younger ones were safe what you need to know
346,fake,'The Simpsons' predicted the coronavirus outbreak over 20 years ago https://t.co/nZqneQ6czY https://t.co/HOvCIUhZKZ,the simpsons predicted the coronavirus outbreak over years ago
347,real,Singapore is the model for how to handle the coronavirus (and the response in the US has essentially been the opposite).  https://t.co/oHyDH33rjz,singapore is the model for how to handle the coronavirus and the response in the us has essentially been the opposite
348,real,"Speaking to the #G20VirtualSummit #COVID19 @WHO leader @DrTedros calls for global unity: \n""You have come together to confront the defining health crisis of our time: We are at war w/a virus that threatens to tear us apart - if we let it.”\nhttps://t.co/zr23TndoP8",speaking to the g virtualsummit covid who leader drtedros calls for global unity n you have come together to confront the defining health crisis of our time we are at war w a virus that threatens to tear us apart if we let it n
349,fake,The @Surgeon_General on @CBS talking about how ASA and physician anesthesiologists have identified tens of thousands of ventilators that can be used to keep critical patients alive during the #COVID19 pandemic. https://t.co/SHQOyQh2TG.,the surgeon general on cbs talking about how asa and physician anesthesiologists have identified tens of thousands of ventilators that can be used to keep critical patients alive during the covid pandemic
350,real,"📥 In today's Coronavirus Tech Report, there's: \n\n1️⃣ How coronavirus is transforming sex and online dating \n2️⃣ Covid-19 is leading to a crisis in employment we’ve yet to truly comprehend \n3️⃣ Would you volunteer to get the virus? Someone may have a job for you https://t.co/N4zmlDpNDG",in today s coronavirus tech report there s n n how coronavirus is transforming sex and online dating n covid is leading to a crisis in employment we ve yet to truly comprehend n would you volunteer to get the virus someone may have a job for you
351,fake,CLAIM: Drinking hot water with lemons will cure or prevent COVID-19; drinking hot water with lemons and sodium bicarbonate will “alkalize the immune system” and cure or prevent COVID-19.\n\nRATING: ❌ False\nhttps://t.co/cN6QF3zYzH,claim drinking hot water with lemons will cure or prevent covid drinking hot water with lemons and sodium bicarbonate will alkalize the immune system and cure or prevent covid n nrating false n
352,fake,"Former Joe Biden advisor, Larry Rasky, tested positive for Corona virus after his death.",former joe biden advisor larry rasky tested positive for corona virus after his death
353,fake,"A viral post disguised as a TV news report falsely claims that crab legs have been contaminated with the novel coronavirus. The pandemic has affected the flow of seafood from foreign markets, but crab is safe to eat. https://t.co/EOjhYokvJJ",a viral post disguised as a tv news report falsely claims that crab legs have been contaminated with the novel coronavirus the pandemic has affected the flow of seafood from foreign markets but crab is safe to eat
354,real,How bad can the coronavirus pandemic get in the US? The key question right now is how similar the US will be to Italy. https://t.co/yE1lBibFQe https://t.co/xH6LKJazil,how bad can the coronavirus pandemic get in the us the key question right now is how similar the us will be to italy
355,fake,Vatican priest tests positive for COVID-19; @Pontifex's safety at stake. \n https://t.co/p1zUKo7e1x,vatican priest tests positive for covid pontifex s safety at stake n
356,real,Just a friendly reminder. https://t.co/EsieXyvVeJ https://t.co/GiCY8wM5dy,just a friendly reminder
357,real,How bad can the coronavirus pandemic get in the US? The key question right now is how similar the US will be to Italy. https://t.co/ICDuMh9Nkv https://t.co/E9Lki3ZUOx,how bad can the coronavirus pandemic get in the us the key question right now is how similar the us will be to italy
358,fake,"An article from a notorious #fakenews website - World News Daily Report (WNDR) claiming Chinese authorities said patient zero of the novel #coronavirus had sex with bats, is going viral online with netizens believing it to be real. #CoronaVirusFacts\n\nhttps://t.co/gzR9LsEwWZ",an article from a notorious fakenews website world news daily report wndr claiming chinese authorities said patient zero of the novel coronavirus had sex with bats is going viral online with netizens believing it to be real coronavirusfacts n n
359,real,25/n Now the world knows what China (CCP) has done with whistleblowers. This is part-1 of my expose of @WHO &amp; China. I'll continue from 26/n in a while.\n\nYou may read report for 25/n here https://t.co/iXdJoyHac5,n now the world knows what china ccp has done with whistleblowers this is part of my expose of who china i ll continue from n in a while n nyou may read report for n here
360,real,Singapore is the model for how to handle the coronavirus (and the response in the US has essentially been the opposite).  https://t.co/dEBwPZrLwo,singapore is the model for how to handle the coronavirus and the response in the us has essentially been the opposite
361,fake,"A graphic has been shared thousands of times on Facebook which claims that gargling warm water with salt or vinegar can eliminate the novel #coronavirus, #COVID19. The claim is false. #FakeNews #CoronavirusLockdown #CoronaUpdates\n\nhttps://t.co/rnsfO81LjK",a graphic has been shared thousands of times on facebook which claims that gargling warm water with salt or vinegar can eliminate the novel coronavirus covid the claim is false fakenews coronaviruslockdown coronaupdates n n
362,fake,"First Coronavirus death reports in Sri Lanka. One patient who was under critical care at IDH, has died. \nReports @Jamz5251 \n#LKA #SriLanka #CoronavirusOutbreak #Covid_19 #Coronavirus",first coronavirus death reports in sri lanka one patient who was under critical care at idh has died nreports jamz n lka srilanka coronavirusoutbreak covid coronavirus
363,fake,"🚨BREAKING🚨 Sri Lanka's 1st Covid-19 death reported at IDH, that of a diabetic patient(65) from Marawila who also had undergone a kidney transplant - Health Ministry- https://t.co/QpjGUUvmgX",breaking sri lanka s st covid death reported at idh that of a diabetic patient from marawila who also had undergone a kidney transplant health ministry
364,fake,"Pope Francis does not have Covid-19 but a sixth Vatican employee has tested positive, spokesman says https://t.co/YFa11vbPqi",pope francis does not have covid but a sixth vatican employee has tested positive spokesman says
365,real,Thorough @nytimes tick-tock of U.S. CDC testing debacle omits important detail--and I say this not to too my own horn but to point out fact: I asked Nancy Messonnier on Jan. 26 why the US wasn't using WHO test. Near end of audio:\nhttps://t.co/dYinfphy8a\n\nhttps://t.co/2Pnd1ibbdy https://t.co/LFbBqEGsxt,thorough nytimes tick tock of u s cdc testing debacle omits important detail and i say this not to too my own horn but to point out fact i asked nancy messonnier on jan why the us wasn t using who test near end of audio n n n
366,real,"Please practice social distancing. Learn how else you can keep yourself, and your loved ones, safe: https://t.co/SH8lE2BJIG https://t.co/kAsPmc2Q7i",please practice social distancing learn how else you can keep yourself and your loved ones safe
367,real,How bad can the coronavirus pandemic get in the US? The key question right now is how similar the US will be to Italy. https://t.co/zVVlVSihtJ https://t.co/UhAWYgdxvN,how bad can the coronavirus pandemic get in the us the key question right now is how similar the us will be to italy
368,real,Singapore is the model for how to handle the coronavirus - MIT Technology Review\nMust read. When Trump should have been taking preventive steps against COVID19 in US he was being welcomed with “Millions” in India. Modi and Trump “Birds of the same Feather” https://t.co/VLmV0DCALf,singapore is the model for how to handle the coronavirus mit technology review nmust read when trump should have been taking preventive steps against covid in us he was being welcomed with millions in india modi and trump birds of the same feather
369,real,How bad can the coronavirus pandemic get in the US? The key question right now is how similar the US will be to Italy. https://t.co/ICDuMh9Nkv https://t.co/CVxwSDFcqK,how bad can the coronavirus pandemic get in the us the key question right now is how similar the us will be to italy
370,fake,"""The Simpsons"" predicted the coronavirus outbreak over 20 years ago https://t.co/gEJWTJflQ6 https://t.co/HKwUS9IRBT",the simpsons predicted the coronavirus outbreak over years ago
371,real,How bad can the coronavirus pandemic get in the US? The key question right now is how similar the US will be to Italy. https://t.co/ICDuMh9Nkv https://t.co/jDrm26KORd,how bad can the coronavirus pandemic get in the us the key question right now is how similar the us will be to italy
372,real,Singapore is the model for how to handle the coronavirus (and the response in the US has essentially been the opposite).  https://t.co/dEBwPZrLwo,singapore is the model for how to handle the coronavirus and the response in the us has essentially been the opposite
373,fake,Video from people in Brooklyn in isolation🙌🏻❤️ @TheNotoriousMMA thought you might like this💯 #Covid_19 #brooklyn #biggiesmalls #juicy https://t.co/Q0fQtUBScC,video from people in brooklyn in isolation thenotoriousmma thought you might like this covid brooklyn biggiesmalls juicy
374,real,"We are at the forefront of supporting European research to tackle the coronavirus outbreak.\n\nWith @EIB and #investEU support, @Mobidiag is developing new diagnostic tools to detect COVID-19.\n\nResearch is now more valuable than ever.\n\n#Coronavirus https://t.co/4O3iBDx8Vv",we are at the forefront of supporting european research to tackle the coronavirus outbreak n nwith eib and investeu support mobidiag is developing new diagnostic tools to detect covid n nresearch is now more valuable than ever n n coronavirus
375,real,"The single most important piece of advice health experts can give to help us stay safe from COVID-19 is this one: Wash your hands. But if you can't wash, reach for some hand sanitizer. How to make your own, if stores near you are out: https://t.co/qwKQzbpjKx https://t.co/kmLJfgjqMY",the single most important piece of advice health experts can give to help us stay safe from covid is this one wash your hands but if you can t wash reach for some hand sanitizer how to make your own if stores near you are out
376,real,Research shows that conspiracy theories have a tendency to arise in relation to moments of crisis in society. https://t.co/nQ4abvuyS9,research shows that conspiracy theories have a tendency to arise in relation to moments of crisis in society
377,fake,"CLAIM: ""Holding your breath for 10 seconds can ""self-check"" for #COVID19""🤔\nFACT: The breath test is inaccurate. Most young COVID-19 patients can hold their breaths for much longer than 10 seconds while many elderly without the #coronavirus virus won’t be able to do it.#scicomm https://t.co/acqAsBzkzr",claim holding your breath for seconds can self check for covid nfact the breath test is inaccurate most young covid patients can hold their breaths for much longer than seconds while many elderly without the coronavirus virus won t be able to do it scicomm
378,fake,"US intelligence warned Fed govt in early January what was coming. 219 CEOs stepped down in January 2020. Corporate insiders sold off billions of dollars of shares in their own companies just before the market imploded. \nThey didn't warn us, did they? #coronavirus https://t.co/gCybGE2iUz",us intelligence warned fed govt in early january what was coming ceos stepped down in january corporate insiders sold off billions of dollars of shares in their own companies just before the market imploded nthey didn t warn us did they coronavirus
379,fake,"Joe Diffie, the Nineties country star behind hits like ""Pickup Man"" and ""John Deere Green,"" has died due to complications related to COVID-19 https://t.co/wBD6VnMwta",joe diffie the nineties country star behind hits like pickup man and john deere green has died due to complications related to covid
380,fake,"Joe Diffie, the Nineties country star behind hits like “Pickup Man” and “John Deere Green,” has died due to complications related to COVID-19 https://t.co/6mGUKwepp5 https://t.co/n37ciVwmuU",joe diffie the nineties country star behind hits like pickup man and john deere green has died due to complications related to covid
381,fake,#BREAKING: Country music legend Joe Diffie has died at the age of 61 from complications of coronavirus (COVID-19)\n\nhttps://t.co/bgrwtjFwv0,breaking country music legend joe diffie has died at the age of from complications of coronavirus covid n n
382,fake,"Country-music hitmaker, Joe Diffie, has died due to complications related to COVID-19. He was 61 💔\n\nhttps://t.co/iSMz6WChr8",country music hitmaker joe diffie has died due to complications related to covid he was n n
383,fake,BREAKING: Country music legend Joe Diffie has died from coronavirus complications. He had just confirmed that he tested positive for COVID-19 two days ago. The Grammy-winner and Grand Ole Opry member was 61 years old. Our thoughts and prayers go out to his friends and family. https://t.co/YiLnK0gd39,breaking country music legend joe diffie has died from coronavirus complications he had just confirmed that he tested positive for covid two days ago the grammy winner and grand ole opry member was years old our thoughts and prayers go out to his friends and family
384,fake,"Joe Diffie dead: COUNTRY MUSIC STAR dies aged 61 from coronavirus complications\n\nCountry music legend #JoeDiffie, who was recently diagnosed with covid-19, has died from ""complications of coronavirus,"" his publicist confirmed\n\n#MOG\n https://t.co/vJBqlWhcBr",joe diffie dead country music star dies aged from coronavirus complications n ncountry music legend joediffie who was recently diagnosed with covid has died from complications of coronavirus his publicist confirmed n n mog n
385,fake,48/n Dr.Soham further added: It is not known whether the institute’s coronaviruses are specifically\nincluded in China’s biological weapons program but it is POSSIBLE.\n\nI'm sharing the link to the article again. Read each word carefully. https://t.co/P2RlH9q1rx,n dr soham further added it is not known whether the institute s coronaviruses are specifically nincluded in china s biological weapons program but it is possible n ni m sharing the link to the article again read each word carefully
386,fake,"Joe Diffie, a consistent country-music hitmaker throughout the Nineties, died Sunday due to complications related to COVID-19\n\nHis publicist confirmed the death to @RollingStone. Diffie was 61.\nhttps://t.co/4uVag7CkNY",joe diffie a consistent country music hitmaker throughout the nineties died sunday due to complications related to covid n nhis publicist confirmed the death to rollingstone diffie was n
387,real,How bad can the coronavirus pandemic get in the US? The key question right now is how similar the US will be to Italy. https://t.co/zVVlVSihtJ https://t.co/b1IRXI9uZN,how bad can the coronavirus pandemic get in the us the key question right now is how similar the us will be to italy
388,fake,Country star and Grand Ole Opry member Joe Diffie has died today from complications of COVID-19. He was 61.\n\nWe will miss you! ❤️ https://t.co/CVBBNImErq,country star and grand ole opry member joe diffie has died today from complications of covid he was n nwe will miss you
389,fake,WHAT A LOAD OF LEFTEST BS: Pelosi’s ‘Dirty Little Secret’: She Held Back Coronavirus Funding Bill so DCCC Could Run Super Tuesday Ads Against GOP https://t.co/WsWHvUyNwz,what a load of leftest bs pelosi s dirty little secret she held back coronavirus funding bill so dccc could run super tuesday ads against gop
390,fake,Is #coronavirus a weapon of biological warfare?\n https://t.co/2KljLkFCPp,is coronavirus a weapon of biological warfare n
391,fake,Myth:\n\nDrinking water every 15 minutes flushes the Coronavirus from the mouth where it cannot survive.\n\nTruth:\n\nThere's no evidence that drinking water can protect you from getting the coronavirus. Neither will gargling with salt water or vinegar.\n\n#coronavirus #COVID19 #water https://t.co/uJmxS3LHPy,myth n ndrinking water every minutes flushes the coronavirus from the mouth where it cannot survive n ntruth n nthere s no evidence that drinking water can protect you from getting the coronavirus neither will gargling with salt water or vinegar n n coronavirus covid water
392,fake,"A 64-year-old COVID-19 infected patient dies at Negombo hospital, bringing total number of deaths to 2 in Sri Lanka.",a year old covid infected patient dies at negombo hospital bringing total number of deaths to in sri lanka
393,fake,It is of course not true that Republicans would never win again if Democrats managed to get expanded vote by mail into the coronavirus stimulus bill. But this reveals Trump's (and many other Republicans') mindset that expanded voting hurts them. Shouldn't be this way. https://t.co/SUOQZmBfqP,it is of course not true that republicans would never win again if democrats managed to get expanded vote by mail into the coronavirus stimulus bill but this reveals trump s and many other republicans mindset that expanded voting hurts them shouldn t be this way
394,real,WHO releases guidelines to help countries maintain essential health services during the COVID-19 pandemic https://t.co/y4Ogckjsk2,who releases guidelines to help countries maintain essential health services during the covid pandemic
395,real,Singapore is the model for how to handle the coronavirus (and the response in the US has essentially been the opposite).  https://t.co/cC3OVFHYCQ,singapore is the model for how to handle the coronavirus and the response in the us has essentially been the opposite
396,fake,"#Nizamuddin  Chronology\nMarch 13: Ministry of Health ""Coronavirus not Health Emergency"" \nMarch 13: Jammat at Nizamuddin Markaz starts \nMarch 15: Jammat at Nizamuddin Markaz ends \nMarch 16: Delhi Govt Notification to close all religious institutions. \n\n1/3",nizamuddin chronology nmarch ministry of health coronavirus not health emergency nmarch jammat at nizamuddin markaz starts nmarch jammat at nizamuddin markaz ends nmarch delhi govt notification to close all religious institutions n n
397,fake,"Aap CORONALOGY samajhiye!!\n\nMarch 13: Ministry of Health ""Coronavirus not Health Emergency"" \nMarch 13: Jammat at Nizamuddin Markaz starts \nMarch 15: Jammat at Nizamuddin Markaz ends \nMarch 16: Delhi Govt Notification to close all religious institutions. \n\n1/3",aap coronalogy samajhiye n nmarch ministry of health coronavirus not health emergency nmarch jammat at nizamuddin markaz starts nmarch jammat at nizamuddin markaz ends nmarch delhi govt notification to close all religious institutions n n
398,fake,"Aap CORONALOGY samajhiye!!\n\nMarch 13: Ministry of Health ""Coronavirus not Health Emergency"" \nMarch 13: Jammat at Nizamuddin Markaz starts \nMarch 15: Jammat at Nizamuddin Markaz ends \nMarch 16: Delhi Govt Notification to close all religious institutions. \n\n1/3",aap coronalogy samajhiye n nmarch ministry of health coronavirus not health emergency nmarch jammat at nizamuddin markaz starts nmarch jammat at nizamuddin markaz ends nmarch delhi govt notification to close all religious institutions n n
399,fake,"#NizamuddinMarkaz #Nizamuddin Chronology\nMarch 13: Ministry of Health ""Coronavirus not Health Emergency""\n13: Jammat @ Nizamuddin Markaz starts\n15: Jammat @ Nizamuddin Markaz ends\n16: Delhi Govt Notification to close all religious institutions.\n17: 40000 visitors to Tirupati\n\n1/2",nizamuddinmarkaz nizamuddin chronology nmarch ministry of health coronavirus not health emergency n jammat nizamuddin markaz starts n jammat nizamuddin markaz ends n delhi govt notification to close all religious institutions n visitors to tirupati n n
400,real,"There's a lot of confusion around the difference between #chloroquine &amp; #quinine for #COVID19. I teamed up with @Kim_Wyrt &amp; @allasicanales to explain.\n\nNo, #cinchona bark is not a cure for #coronavirus\n\nRead: https://t.co/EJgMPsty8B @ConversationUK \n\n#botanical #scicomm #tonic",there s a lot of confusion around the difference between chloroquine quinine for covid i teamed up with kim wyrt allasicanales to explain n nno cinchona bark is not a cure for coronavirus n nread conversationuk n n botanical scicomm tonic
401,fake,RIP JOE DIFFIE 🚜💔 Tractors and pickup trucks lined the streets last night to honor the late country star who died of COVID-19 complications.  https://t.co/7TiUzCKNWX,rip joe diffie tractors and pickup trucks lined the streets last night to honor the late country star who died of covid complications
402,fake,"Breaking....\nCardinal who is an assistant to Pope Francis tested Covid-19  positive🙉..Please stay safe, CoronaVirus has no respect to a mortal man but only by God's grace in us. It won't be your portion in Jeus name Amen.. @MAZ1NNAMDIKANU @mefonna @s_ekpa @realFFK @Amaka_Ekwo https://t.co/GUKjrXPpyd",breaking ncardinal who is an assistant to pope francis tested covid positive please stay safe coronavirus has no respect to a mortal man but only by god s grace in us it won t be your portion in jeus name amen maz nnamdikanu mefonna s ekpa realffk amaka ekwo
403,real,Singapore is the model for how to handle the coronavirus (and the response in the US has essentially been the opposite).  https://t.co/cMhDLbVHWq,singapore is the model for how to handle the coronavirus and the response in the us has essentially been the opposite
404,real,"False links are being made between a source of antimalarial compounds, cinchona bark, as a natural or alternative source of chloroquine or hydroxychloroquine. https://t.co/YG8sa0IQ6K",false links are being made between a source of antimalarial compounds cinchona bark as a natural or alternative source of chloroquine or hydroxychloroquine
405,fake,Video shows bodies of COVID-19 victims being dumped in a ditch in Italy?\n\nFalse: This clip is a scene from the 2007 US television series Pandemic\nhttps://t.co/KzfxNtP0SN,video shows bodies of covid victims being dumped in a ditch in italy n nfalse this clip is a scene from the us television series pandemic n
406,real,Singapore is the model for how to handle the coronavirus ⁦@techreview⁩ MIT  https://t.co/vZhCIgFRSo,singapore is the model for how to handle the coronavirus techreview mit
407,fake,Parents are allowed to visit sick children in hospital during #coronavirus outbreak but hospitals have discretion to suspend visiting: https://t.co/w1Ezi7z8Fo,parents are allowed to visit sick children in hospital during coronavirus outbreak but hospitals have discretion to suspend visiting
408,fake,"Unfortunately, a fake Facebook account has been set up for the Nightingale Hospital London asking people to share rainbow pictures. Please be aware of misinformation and only get your information from trusted sources, like https://t.co/R3azksNgt9",unfortunately a fake facebook account has been set up for the nightingale hospital london asking people to share rainbow pictures please be aware of misinformation and only get your information from trusted sources like
409,real,How bad can the coronavirus pandemic get in the US? The key question right now is how similar the US will be to Italy. https://t.co/QgfOMkXRHz https://t.co/pcDNCLxxe9,how bad can the coronavirus pandemic get in the us the key question right now is how similar the us will be to italy
410,fake,"US officials assess true number killed in Wuhan approximately 10 times number claimed by China. That would mean actual number killed in Wuhan is more than 25,000. US officials believe this @RadioFreeAsia article likely accurate. Estimates 42,000 dead. https://t.co/wNDCYplxs3",us officials assess true number killed in wuhan approximately times number claimed by china that would mean actual number killed in wuhan is more than us officials believe this radiofreeasia article likely accurate estimates dead
411,real,"COVID-19 and RSV are two kinds of respiratory illnesses that have some similar symptoms. Learn how to tell the difference, and what to do if you or your child gets sick: https://t.co/HTZjpQ6AbN https://t.co/s0GsydbbbO",covid and rsv are two kinds of respiratory illnesses that have some similar symptoms learn how to tell the difference and what to do if you or your child gets sick
412,real,"Over 24,000 coronavirus research papers are now available in one place\n\nhttps://t.co/JjgwrlmYwE",over coronavirus research papers are now available in one place n n
413,real,Singapore is the model for how to handle the coronavirus (and the response in the US has essentially been the opposite).  https://t.co/rQC38CB26j,singapore is the model for how to handle the coronavirus and the response in the us has essentially been the opposite
414,real,Series of guidances to help manufacturers produce #PPE and medical equipment have been issued by @EU_Commission https://t.co/2KKJ4dodXm #COVID19 https://t.co/p0WDltZ9jg,series of guidances to help manufacturers produce ppe and medical equipment have been issued by eu commission covid
415,fake,"We still don't have a crystal clear picture of the personal Trump investments-there are financial disclosures, but they contain trusts, which do not break down detailed assets. How do we know Trump or his family are not profiting from coronavirus? 3/ https://t.co/Kwl3ylMZRk",we still don t have a crystal clear picture of the personal trump investments there are financial disclosures but they contain trusts which do not break down detailed assets how do we know trump or his family are not profiting from coronavirus
416,real,"Apple, HHS, CDC and the White House Coronavirus Task Force has partnered together and released an app providing guidance on social distancing and isolating, monitoring symptoms, recommendations on testing, and when to contact a medical provider. Learn more https://t.co/17pa7QfZKo https://t.co/dMetCZCJl9",apple hhs cdc and the white house coronavirus task force has partnered together and released an app providing guidance on social distancing and isolating monitoring symptoms recommendations on testing and when to contact a medical provider learn more
417,real,Singapore is the model for how to handle the coronavirus (and the response in the US has essentially been the opposite).  https://t.co/nn8UlV7jSz,singapore is the model for how to handle the coronavirus and the response in the us has essentially been the opposite
418,real,People with coronavirus may be most infectious in the first week of symptoms - MIT Technology Review https://t.co/ofWbD9WpVE,people with coronavirus may be most infectious in the first week of symptoms mit technology review
419,real,North Korea insists its lockdown is so tight it still has no coronavirus cases\nhttps://t.co/kNaUwZg80a https://t.co/7Ao0R7iSN7,north korea insists its lockdown is so tight it still has no coronavirus cases n
420,fake,"Trump: ""They're doing tests on airlines -- very strong tests -- for getting on, getting off. They're doing tests on trains -- getting on, getting off.""\n\nAirlines and Amtrak do not do coronavirus tests. A small percentage of flyers are getting screened. https://t.co/p8CUsRkxs2",trump they re doing tests on airlines very strong tests for getting on getting off they re doing tests on trains getting on getting off n nairlines and amtrak do not do coronavirus tests a small percentage of flyers are getting screened
421,fake,"The masks we are being asked to wear are meant to protect other people from us. Ferrer: ""There isn't a single person in the general public who needs an N-95 mask."" So get/make a homemade, non-medical cloth face covering, says Dr. Ferrer and @MayorOfLA  #coronavirus  #Covid_19",the masks we are being asked to wear are meant to protect other people from us ferrer there isn t a single person in the general public who needs an n mask so get make a homemade non medical cloth face covering says dr ferrer and mayorofla coronavirus covid
422,real,Hand-washing -- with soap and water -- is a far more powerful weapon against germs than many of us realize. https://t.co/21HfYfYgsr https://t.co/sKEtlVS1sW,hand washing with soap and water is a far more powerful weapon against germs than many of us realize
423,real,"North Korea insists it has no coronavirus cases, thanks to shutting borders, containment https://t.co/vw8VZMrzPr",north korea insists it has no coronavirus cases thanks to shutting borders containment
424,fake,#BrexitReality. \nBrexit ideology is denying doctors and nurses the equipment to treat the sick and dying and to protect themselves \n\nBoris Johnson urged to explain 'ideological' refusal of EU help buying coronavirus medical equipment .https://t.co/FhdP2FpiZO,brexitreality nbrexit ideology is denying doctors and nurses the equipment to treat the sick and dying and to protect themselves n nboris johnson urged to explain ideological refusal of eu help buying coronavirus medical equipment
425,real,"Why is the UK in such a mess over the supply of resources to the NHS?\n\nThe #coronavirus outbreak was declared a Public Health Emergency of International Concern on the 30th January.\n\nBoris Johnson turned up at a Cobra meeting, after having the weekend off, on the 2nd March.",why is the uk in such a mess over the supply of resources to the nhs n nthe coronavirus outbreak was declared a public health emergency of international concern on the th january n nboris johnson turned up at a cobra meeting after having the weekend off on the nd march
426,fake,"“In my blood, there may be answers”: Coronavirus survivors are donating blood plasma in a test to help treat seriously ill patients. Read and watch: https://t.co/Iu3I95al1A https://t.co/ih4p8hUWrs",in my blood there may be answers coronavirus survivors are donating blood plasma in a test to help treat seriously ill patients read and watch
427,real,The coronavirus test that might exempt you from social distancing—if you pass - via @techreview https://t.co/Q8kqZUdiZ1,the coronavirus test that might exempt you from social distancing if you pass via techreview
428,fake,"@Winnipegred @RoyPentland @ozhomeschool @Christi17363008 @GillesnFio @DrakeTwgdadrea1 @manifesto2000 @markp1950 @GlenneDrover @AreWeThatStupi1 @PhilMarsom @HVACPerformance @RedDragonFly19 @OfCalla @0Sundance @no2wind @markcojuangco @Michael_D_Crow @AlbertStienstra @JBW227 @johnsta04633925 @realSteve1234 @GeraldKutney @John2017abc @manlyvibemark @bazakel @MartinBrampton @BettyMatt1 @realJoeDick @Robin_Hagues @shesmegg82 @MedBennett @JesseLonnen @DougieG @Tony03382773 @japett @TQMKA @Leynad777 @Blackbody88 @GWLarsson @novakglobal @FoWLChi @pattena1 @SaferStone @acreage1 @powerglobalus @spock246 @zlj517 @WHO @SDG2030 I’m not convinced, but there is a  dearth of material on Coronavirus Bio Warfare.    \n\n‘Dr. Francis Boyle Creator Of BioWeapons Act Says Coronavirus Is Biological Warfare Weapon\nBy GreatGameIndia - February 3, 2020\n\nhttps://t.co/BRLxKZNzWT",winnipegred roypentland ozhomeschool christi gillesnfio draketwgdadrea manifesto markp glennedrover arewethatstupi philmarsom hvacperformance reddragonfly ofcalla sundance no wind markcojuangco michael d crow albertstienstra jbw johnsta realsteve geraldkutney john abc manlyvibemark bazakel martinbrampton bettymatt realjoedick robin hagues shesmegg medbennett jesselonnen dougieg tony japett tqmka leynad blackbody gwlarsson novakglobal fowlchi pattena saferstone acreage powerglobalus spock zlj who sdg i m not convinced but there is a dearth of material on coronavirus bio warfare n n dr francis boyle creator of bioweapons act says coronavirus is biological warfare weapon nby greatgameindia february n n
429,fake,A viral Facebook post about COVID-19 falsely claims that in New York “every contaminated corpse belongs to the state” and will be incinerated without any “wakes or memorial services to pay your last respects.” https://t.co/Qrn1cFjmH1,a viral facebook post about covid falsely claims that in new york every contaminated corpse belongs to the state and will be incinerated without any wakes or memorial services to pay your last respects
430,fake,Trump Pandemic Capitalism/3\n\nTrump Could Profit From Coronavirus Testing\n\nTrump..lists investments in V.F. Corp &amp;Thermo Fisher Scientific Corporation..reason to believe Trump stands to profit from medical testing of COVID..now taking place in the U.S.\n\nhttps://t.co/o6Tn8Mhj9a https://t.co/cqogOw4hL2,trump pandemic capitalism n ntrump could profit from coronavirus testing n ntrump lists investments in v f corp thermo fisher scientific corporation reason to believe trump stands to profit from medical testing of covid now taking place in the u s n n
431,real,"ICYMI: No, cinchona bark is not a cure for coronavirus... 👇 https://t.co/09sffHJtKz",icymi no cinchona bark is not a cure for coronavirus
432,fake,"Fact Check: Cattle vaccine not related to COVID 19, Misleading post getting viral https://t.co/nJb5vALoat via @newsvishvas @JagranNews #COVID2019india #CoronavirusFacts",fact check cattle vaccine not related to covid misleading post getting viral via newsvishvas jagrannews covid india coronavirusfacts
433,fake,Tiffany Pinckney had COVID-19 and recovered. She and other coronavirus survivors are donating blood so doctors can use it to treat the sick in an experimental test. \n\nRead and watch: https://t.co/Ya9PdNmEnI https://t.co/bOaXNOp3EV,tiffany pinckney had covid and recovered she and other coronavirus survivors are donating blood so doctors can use it to treat the sick in an experimental test n nread and watch
434,fake,All these people “Crab Legs Over Coronavirus” 🤦🏽‍♂️ https://t.co/Xldho7gTLr,all these people crab legs over coronavirus
435,fake,"In today’s novel coronavirus mythbuster, @StateHealthIN reminds Hoosiers to check their facts before believing alternative methods of prevention. Ingesting silver and gargling salt water or vinegar will not protect you from COVID-19. https://t.co/Epmlrg3x2W",in today s novel coronavirus mythbuster statehealthin reminds hoosiers to check their facts before believing alternative methods of prevention ingesting silver and gargling salt water or vinegar will not protect you from covid
436,real,Are you washing your hands -- the right way? https://t.co/3Ixpk7X0nu https://t.co/LhWgMfc7QG,are you washing your hands the right way
437,fake,"TRUMP on coronavirus:  ""They're doing tests on airlines -- very strong tests -- for getting on, getting off. They're doing tests on trains -- getting on, getting off.""\n\nFACT: There is no evidence plane and train passengers in the US are being tested for the coronavirus at all.",trump on coronavirus they re doing tests on airlines very strong tests for getting on getting off they re doing tests on trains getting on getting off n nfact there is no evidence plane and train passengers in the us are being tested for the coronavirus at all
438,real,Singapore is the model for how to handle the coronavirus (and the response in the US has essentially been the opposite).  https://t.co/ULRccd0FtR,singapore is the model for how to handle the coronavirus and the response in the us has essentially been the opposite
439,fake,I wrote this Jan 26: “More than 50 million people in 16 cities in China are effectively on lockdown... past models have shown that a pandemic caused by a Coronavirus could potentially kill as many as 65 million worldwide.”\n\nWhy did Trump waste #70Days?  https://t.co/MDosxTENMx,i wrote this jan more than million people in cities in china are effectively on lockdown past models have shown that a pandemic caused by a coronavirus could potentially kill as many as million worldwide n nwhy did trump waste days
440,fake,More transit workers in NYC have tested positive for Covid-19 than entire U.S. military right now https://t.co/b9MIq3qkag,more transit workers in nyc have tested positive for covid than entire u s military right now
441,fake,"Dr. Fauci Worked for the Clinton Foundation for over 20 Years, Now Seen as a Spy,\n\nhttps://t.co/yh9agw7vqv",dr fauci worked for the clinton foundation for over years now seen as a spy n n
442,real,Small Trial Finds Hydroxychloroquine Is Not Effective for Treating Coronavirus https://t.co/wW3FA7ttKS #COVID19 https://t.co/EM5McRyfG8,small trial finds hydroxychloroquine is not effective for treating coronavirus covid
443,real,How 3D printing could save lives in the coronavirus outbreak - MIT Technology Review https://t.co/3VScvjMPrM @IrmaRaste @eViRaHealth #COVID19 #Covid_19 #coronavirus #coronapocolypse #StayAtHome,how d printing could save lives in the coronavirus outbreak mit technology review irmaraste evirahealth covid covid coronavirus coronapocolypse stayathome
444,fake,"Some of the one thousand military members deployed to #NYC continue to file into @javitscenter that’s now the nation’s largest hospital. The 2,500 bed facility will now treat #Covid_19 patients this week. Gov. Cuomo says the peak of the pandemic could hit in days. @ABC7NY https://t.co/HryDjrBuPR",some of the one thousand military members deployed to nyc continue to file into javitscenter that s now the nation s largest hospital the bed facility will now treat covid patients this week gov cuomo says the peak of the pandemic could hit in days abc ny
445,real,Singapore is the model for how to handle the coronavirus (and the response in the US has essentially been the opposite).  https://t.co/ULRccd0FtR,singapore is the model for how to handle the coronavirus and the response in the us has essentially been the opposite
446,real,Small Trial Finds Hydroxychloroquine Is Not Effective for Treating Coronavirus https://t.co/PJX2fqXL9L via @snopes,small trial finds hydroxychloroquine is not effective for treating coronavirus via snopes
447,real,Singapore is the model for how to handle the coronavirus (and the response in the US has essentially been the opposite).  https://t.co/b73RKBWTmB,singapore is the model for how to handle the coronavirus and the response in the us has essentially been the opposite
448,fake,"BREAKING. Bill Gates has funded a new public service announcement, to be aired hourly on television, warning Americans about the dangers of those who violate COVID-19 curfew rules. https://t.co/ZHxSZQEbj7",breaking bill gates has funded a new public service announcement to be aired hourly on television warning americans about the dangers of those who violate covid curfew rules
449,real,Many people are unintentionally sharing misinformation about COVID-19 because they fail to stop and think sufficiently about whether the content is accurate. https://t.co/O7zEFQJWcm,many people are unintentionally sharing misinformation about covid because they fail to stop and think sufficiently about whether the content is accurate
450,real,"The following thread is going to be my experience battling Covid-19, my symptoms, getting tested And answering some of the most common questions I have been receiving.  #CoronaVirus #Covid19",the following thread is going to be my experience battling covid my symptoms getting tested and answering some of the most common questions i have been receiving coronavirus covid
451,fake,"Thanks to @Smatz88 of the @Mets, who is “donating $32K to NYC first responders &amp; hospitals fighting COVID-19 on the front lines.”\n\nFor years, Matz has been “honoring local firefighters, police officers &amp; military members” through his TRU32 charity.\n\nhttps://t.co/0HPoFC4RZ9",thanks to smatz of the mets who is donating k to nyc first responders hospitals fighting covid on the front lines n nfor years matz has been honoring local firefighters police officers military members through his tru charity n n
452,real,"Nobody actually knows for certain if you should be wearing a face mask or not. Like a lot of the things about COVID-19, the real question is not ""should I wear this?"", but ""how do we make decisions when we don't know the answer?""\n\nhttps://t.co/4rZdIw1ZqY",nobody actually knows for certain if you should be wearing a face mask or not like a lot of the things about covid the real question is not should i wear this but how do we make decisions when we don t know the answer n n
453,real,Singapore is the model for how to handle the coronavirus (and the response in the US has essentially been the opposite).  https://t.co/b73RKBFhY1,singapore is the model for how to handle the coronavirus and the response in the us has essentially been the opposite
454,real,"As dangerous as many COVID-19 rumors have been, this particular one was also laced with cruelty. https://t.co/ccghe91U57",as dangerous as many covid rumors have been this particular one was also laced with cruelty
455,real,"This is called ""coming down on the side of China""\n\nJan. 28 WHO says they are ""working side-by-side with China,"" praising the Communist regime's ""seriousness"" and ""transparency"" w/the Wuhan virus. Seriously.\n\nChina was silencing docs and destroying samples\n\nhttps://t.co/DS1XuNQh2S https://t.co/cvY9r3ZU9q",this is called coming down on the side of china n njan who says they are working side by side with china praising the communist regime s seriousness and transparency w the wuhan virus seriously n nchina was silencing docs and destroying samples n n
456,fake,An old video from Pakistan has been falsely shared as a Tablighi Jamaat member roaming naked in quarantine ward and causing destruction. #AltNewsFactCheck | @thisisjignesh \n\n [Warning: Gory visuals. Viewer discretion is advised.] \n\nhttps://t.co/riyAPwvb3b,an old video from pakistan has been falsely shared as a tablighi jamaat member roaming naked in quarantine ward and causing destruction altnewsfactcheck thisisjignesh n n warning gory visuals viewer discretion is advised n n
457,fake,An old video from Pakistan has been falsely shared as a Tablighi Jamaat member roaming naked in quarantine ward and causing destruction. #AltNewsFactCheck | @thisisjignesh \n\n [Warning: Gory visuals. Viewer discretion is advised.] \n\nhttps://t.co/jlu49Iktw2,an old video from pakistan has been falsely shared as a tablighi jamaat member roaming naked in quarantine ward and causing destruction altnewsfactcheck thisisjignesh n n warning gory visuals viewer discretion is advised n n
458,fake,An old video from Pakistan has been falsely shared as a Tablighi Jamaat member roaming naked in quarantine ward and causing destruction. #AltNewsFactCheck | @thisisjignesh \n\n [Warning: Gory visuals. Viewer discretion is advised.] \n\nhttps://t.co/yuLfyZXbjG,an old video from pakistan has been falsely shared as a tablighi jamaat member roaming naked in quarantine ward and causing destruction altnewsfactcheck thisisjignesh n n warning gory visuals viewer discretion is advised n n
459,fake,An old video from Pakistan has been falsely shared as a Tablighi Jamaat member roaming naked in quarantine ward and causing destruction.\n\n21/n\n\nhttps://t.co/Kq54k26s7B,an old video from pakistan has been falsely shared as a tablighi jamaat member roaming naked in quarantine ward and causing destruction n n n n n
460,fake,Campaign to malign Tablighi Jamaat continues unrelentlessly. Old video from Pakistan falsely shared as a Jamaat member roaming naked in quarantine. #AltNewsFactCheck | @thisisjignesh \n\n [Warning: Gory visuals. Viewer discretion is advised.] https://t.co/ScbLla0adZ,campaign to malign tablighi jamaat continues unrelentlessly old video from pakistan falsely shared as a jamaat member roaming naked in quarantine altnewsfactcheck thisisjignesh n n warning gory visuals viewer discretion is advised
461,fake,An old video from Pakistan has been falsely shared as a Tablighi Jamaat member roaming naked in quarantine ward and causing destruction. #AltNewsFactCheck | @thisisjignesh \n\n [Warning: Gory visuals. Viewer discretion is advised.] \n\nhttps://t.co/MPLWp8MQPV,an old video from pakistan has been falsely shared as a tablighi jamaat member roaming naked in quarantine ward and causing destruction altnewsfactcheck thisisjignesh n n warning gory visuals viewer discretion is advised n n
462,fake,Old video from Pakistan falsely viral as Tablighi Jamaat member roaming naked in isolation ward - Alt News https://t.co/oUQ36gUmLP,old video from pakistan falsely viral as tablighi jamaat member roaming naked in isolation ward alt news
463,fake,Old video from Pakistan falsely viral as Tablighi Jamaat member roaming naked in isolation ward https://t.co/iNw3CGquWj via @AltNews,old video from pakistan falsely viral as tablighi jamaat member roaming naked in isolation ward via altnews
464,fake,Old video from Pakistan falsely viral as Tablighi Jamaat member roaming naked in isolation ward\nhttps://t.co/MbhVPZSINx,old video from pakistan falsely viral as tablighi jamaat member roaming naked in isolation ward n
465,fake,"In early February, the Trump administration rejected the help of the World Health Organization, who had offered to send coronavirus testing kits to the United States. Now he is lying about the level of testing that is still unavailable. 2/ https://t.co/Kwl3ylMZRk",in early february the trump administration rejected the help of the world health organization who had offered to send coronavirus testing kits to the united states now he is lying about the level of testing that is still unavailable
466,fake,"@JainKiran6 Hello,@upcoprahul, @UPPViralCheck, This old ( 2019) video of a mentally challenged person from Pakistan is falsely shared as a Tablighi Jamaat member roaming naked in quarantine ward in Uttar Pradesh and causing destruction. Here is @AltNews fact check https://t.co/H69XEuKT0A",jainkiran hello upcoprahul uppviralcheck this old video of a mentally challenged person from pakistan is falsely shared as a tablighi jamaat member roaming naked in quarantine ward in uttar pradesh and causing destruction here is altnews fact check
467,fake,"Coronavirus Contains ""HIV Insertions"", Stoking Fears Over Artificially Created Bioweapon\n\nhttps://t.co/az0DPNEhQb",coronavirus contains hiv insertions stoking fears over artificially created bioweapon n n
468,fake,"A 48-year-old male died at IDH due to Coronavirus, reporting the 7th COVID-19 death in Sri Lanka.\n- Health Ministry",a year old male died at idh due to coronavirus reporting the th covid death in sri lanka n health ministry
469,real,"Here are the results from the first organized trials of drugs to treat the coronavirus. So far, there’s no cure. https://t.co/Mzd08VbZIY",here are the results from the first organized trials of drugs to treat the coronavirus so far there s no cure
470,fake,Has the key to curing coronavirus been staring us in the face for a century?\n\nCountries with mandatory tuberculosis vaccination have been found to have fewer COVID-19 deaths\n\nThe vaccine helps the high risk elderly population especially \n\n#OneVoice1  https://t.co/0g6CL2xNAQ,has the key to curing coronavirus been staring us in the face for a century n ncountries with mandatory tuberculosis vaccination have been found to have fewer covid deaths n nthe vaccine helps the high risk elderly population especially n n onevoice
471,real,"You're not going to want to miss this: tomorrow at 4pm ET I'm interviewing @Craig_A_Spencer, NYC ER doctor and Ebola survivor, about living and working on the frontlines of the covid-19 pandemic. And you'll be able to ask him questions. https://t.co/7scZGZLB9p",you re not going to want to miss this tomorrow at pm et i m interviewing craig a spencer nyc er doctor and ebola survivor about living and working on the frontlines of the covid pandemic and you ll be able to ask him questions
472,fake,"The Military is here!\n USAF clinicians arrive at Jacobi, a fed. initiative to help reinforce NYC Health+Hospitals staff battling COVID-19. More are expected. ""We train for this,"" says Col. Eric Thompson, ""we'll help the NYC community make a difference. We'll do it together."" https://t.co/ytWjnY7A1l",the military is here n usaf clinicians arrive at jacobi a fed initiative to help reinforce nyc health hospitals staff battling covid more are expected we train for this says col eric thompson we ll help the nyc community make a difference we ll do it together
473,real,"Here are the results from the first organized trials of drugs to treat the coronavirus. So far, there’s no cure. https://t.co/jLCZn3kajQ",here are the results from the first organized trials of drugs to treat the coronavirus so far there s no cure
474,real,Does Covid-19 really cause a loss of smell and taste? How does this pandemic end? How fast can coronavirus mutate? We answered these  questions and more about coronavirus.  https://t.co/7jUoIclwOn,does covid really cause a loss of smell and taste how does this pandemic end how fast can coronavirus mutate we answered these questions and more about coronavirus
475,real,"Scrutiny &amp; transparency matter when a reputation's at stake. So, here's the @snopes fact-check: Karen existed, her FB rant was unoriginal, &amp; cached links confirm family's COVID-19 cause of death claim before deletion. In short, it's not a ""hoax."" #StaySafe https://t.co/5Ulg7hf2pO",scrutiny transparency matter when a reputation s at stake so here s the snopes fact check karen existed her fb rant was unoriginal cached links confirm family s covid cause of death claim before deletion in short it s not a hoax staysafe
476,real,"Here are the results from the first organized trials of drugs to treat the coronavirus. So far, there’s no cure. https://t.co/jLCZn3kajQ",here are the results from the first organized trials of drugs to treat the coronavirus so far there s no cure
477,fake,TOP READS\n- Harvard professor arrested for manufacturing #COVID19? No\nhttps://t.co/thmLsMRcHL\n\n- Video shows Tablighi Jamaat member running naked in an isolation ward? No\nhttps://t.co/6syBjLcg9m\n\n- Video of boy washing apples in a sewer in Pakistan revived\nhttps://t.co/yQPoxiJgq2,top reads n harvard professor arrested for manufacturing covid no n n n video shows tablighi jamaat member running naked in an isolation ward no n n n video of boy washing apples in a sewer in pakistan revived n
478,real,How San Francisco plans to trace every coronavirus case and contact https://t.co/HYuqaXb2vy,how san francisco plans to trace every coronavirus case and contact
479,real,Does Covid-19 really cause a loss of smell and taste? How does this pandemic end? How fast can coronavirus mutate? We answered these  questions and more about coronavirus.  https://t.co/7jUoIclwOn,does covid really cause a loss of smell and taste how does this pandemic end how fast can coronavirus mutate we answered these questions and more about coronavirus
480,fake,"How are the toilet paper \nsupplies, in your area?\n\nThree most mentioned items\nNOT FOUND in local big box, \nand grocery stores:\n\n• Toilet Paper\n• Lysol Products\n• Rubbing Alcohol \n\nWhy?  It's been 3 weeks!\n\n#Coronavirus",how are the toilet paper nsupplies in your area n nthree most mentioned items nnot found in local big box nand grocery stores n n toilet paper n lysol products n rubbing alcohol n nwhy it s been weeks n n coronavirus
481,real,"Here are the results from the first organized trials of drugs to treat the coronavirus. So far, there’s no cure. https://t.co/dED31dWDXk",here are the results from the first organized trials of drugs to treat the coronavirus so far there s no cure
482,real,"In today's episode of Radio Corona, @glichfield speaks with @Craig_A_Spencer. They will be discussing what it’s like to treat patients with covid-19 in New York City, hospital preparedness, and pandemic response. https://t.co/nBxPPP77Ik",in today s episode of radio corona glichfield speaks with craig a spencer they will be discussing what it s like to treat patients with covid in new york city hospital preparedness and pandemic response
483,real,"Researchers sprayed the coronavirus on materials to see how long it remains infectious. It liked stainless steel and plastic the best and copper the least. So far, however, there is no definitive proof the virus is actually spread via inanimate objects. https://t.co/lyVwysxaUP",researchers sprayed the coronavirus on materials to see how long it remains infectious it liked stainless steel and plastic the best and copper the least so far however there is no definitive proof the virus is actually spread via inanimate objects
484,real,"3D printing companies are racing to fill critical needs during the coronavirus pandemic, but how big a role they play will depend on how quickly the outbreak escalates and how long it takes other manufacturers to scale up. https://t.co/akRpgRtvbC",d printing companies are racing to fill critical needs during the coronavirus pandemic but how big a role they play will depend on how quickly the outbreak escalates and how long it takes other manufacturers to scale up
485,real,"Researchers sprayed the coronavirus on materials to see how long it remains infectious. It liked stainless steel and plastic the best and copper the least. So far, however, there is no definitive proof the virus is actually spread via inanimate objects. https://t.co/snbL1lAhwn",researchers sprayed the coronavirus on materials to see how long it remains infectious it liked stainless steel and plastic the best and copper the least so far however there is no definitive proof the virus is actually spread via inanimate objects
486,real,How does the virus spread? Can it be in food? How is the coronavirus spread by infected people who have no symptoms? Why does Germany have a much lower fatality rate than the other EU countries? New questions answered.  https://t.co/xYLn8df8GE,how does the virus spread can it be in food how is the coronavirus spread by infected people who have no symptoms why does germany have a much lower fatality rate than the other eu countries new questions answered
487,real,"13 Mar 2020: WHO, @unfoundation and partners launch first-of-its-kind #COVID19 Solidarity Response Fund: https://t.co/WV9i5bp2LP\n\nhttps://t.co/ga1WSpfRiU",mar who unfoundation and partners launch first of its kind covid solidarity response fund n n
488,real,"It's Trump versus the experts: To hold an election during a pandemic, vote-by-mail is the option that will save lives. https://t.co/dIsWLFtxkC",it s trump versus the experts to hold an election during a pandemic vote by mail is the option that will save lives
489,fake,"Already? Can’t confirm if this is real, but it was immediately removed from the Internet.\n\n“Covid-19 vaccine kills 7 children in Senegal”\n\nhttps://t.co/aQJGffws1B https://t.co/fJtuNXUS1x",already can t confirm if this is real but it was immediately removed from the internet n n covid vaccine kills children in senegal n n
490,real,"3D printing companies are racing to fill critical needs during the coronavirus pandemic, but how big a role they play will depend on how quickly the outbreak escalates and how long it takes other manufacturers to scale up. https://t.co/KLB6uBdVI9",d printing companies are racing to fill critical needs during the coronavirus pandemic but how big a role they play will depend on how quickly the outbreak escalates and how long it takes other manufacturers to scale up
491,fake,Corona virus vaccine kills 7 children in Senegal......where's the report on this? Disgusting how they view African children as the testbed and guinea pigs for their junk\nhttps://t.co/0toxvjticm,corona virus vaccine kills children in senegal where s the report on this disgusting how they view african children as the testbed and guinea pigs for their junk n
492,real,Are people with type 1 diabetes more at risk for COVID-19? It depends on how well your blood sugar is controlled. https://t.co/DOd10WOhSz https://t.co/XhqlXW02EO,are people with type diabetes more at risk for covid it depends on how well your blood sugar is controlled
493,fake,@carmindabrendel BREAKING: Mass vaccination for COVID-19 in Senegal (West Africa) was started yesterday (4/8) and the first 7 children who received it 'died immediately'. (they should have stopped it after the first died)\n2 article links\n\nhttps://t.co/U9KrSP9uHQ\n\nhttps://t.co/ksHgGLCeJv,carmindabrendel breaking mass vaccination for covid in senegal west africa was started yesterday and the first children who received it died immediately they should have stopped it after the first died n article links n n n n
494,real,"Researchers sprayed the coronavirus on materials to see how long it remains infectious. It liked stainless steel and plastic the best and copper the least. So far, however, there is no definitive proof the virus is actually spread via inanimate objects. https://t.co/snbL1lAhwn",researchers sprayed the coronavirus on materials to see how long it remains infectious it liked stainless steel and plastic the best and copper the least so far however there is no definitive proof the virus is actually spread via inanimate objects
495,fake,Mass vaccination for COVID-19 in Senegal\nwas started yesterday (4/8) and the first 7 CHILDREN who received it DIED on the spot. https://t.co/nlymO2iPza,mass vaccination for covid in senegal nwas started yesterday and the first children who received it died on the spot
496,real,"3D printing companies are racing to fill critical needs during the coronavirus pandemic, but how big a role they play will depend on how quickly the outbreak escalates and how long it takes other manufacturers to scale up. https://t.co/KLB6uBvx6J",d printing companies are racing to fill critical needs during the coronavirus pandemic but how big a role they play will depend on how quickly the outbreak escalates and how long it takes other manufacturers to scale up
497,real,"Researchers sprayed the coronavirus on materials to see how long it remains infectious. It liked stainless steel and plastic the best and copper the least. So far, however, there is no definitive proof the virus is actually spread via inanimate objects. https://t.co/LfDsq7Fa5H",researchers sprayed the coronavirus on materials to see how long it remains infectious it liked stainless steel and plastic the best and copper the least so far however there is no definitive proof the virus is actually spread via inanimate objects
498,real,"Please read this vital @techreview report by Patrick @HowellONeill about the devastating impact of #COVID19 on grassroots campaigns and our democracy. We can't canvass, petition, fundraise or hold live events. But we are doing everything we can to adapt.\nhttps://t.co/InjCG3WOEp https://t.co/UGy01TFncr",please read this vital techreview report by patrick howelloneill about the devastating impact of covid on grassroots campaigns and our democracy we can t canvass petition fundraise or hold live events but we are doing everything we can to adapt n
499,real,"Here are the results from the first organized trials of drugs to treat the coronavirus. So far, there’s no cure. https://t.co/2fWYJO93X6",here are the results from the first organized trials of drugs to treat the coronavirus so far there s no cure
500,real,"Ten Chinese patients with severe cases of covid-19 were given transfusions of blood from those who have beaten the disease. After three days, the patients seemed to do much better. In several of the patients the virus cleared up entirely. https://t.co/xyJmChA3ak",ten chinese patients with severe cases of covid were given transfusions of blood from those who have beaten the disease after three days the patients seemed to do much better in several of the patients the virus cleared up entirely
501,real,Doctors are trying a new approach to treating COVID-19 patients with severely damaged lungs: Inhaled nitric oxide. https://t.co/vFpHipta7i https://t.co/rVCRgbeEAC,doctors are trying a new approach to treating covid patients with severely damaged lungs inhaled nitric oxide
502,real,"On the #MayoClinicQandA podcast, Dr. Gregory Poland, a Mayo Clinic infectious diseases expert, covers the latest news on the #COVID19 pandemic: https://t.co/tKRTCFXphw",on the mayoclinicqanda podcast dr gregory poland a mayo clinic infectious diseases expert covers the latest news on the covid pandemic
503,real,"Here are the results from the first organized trials of drugs to treat the coronavirus. So far, there’s no cure. https://t.co/2fWYJO93X6",here are the results from the first organized trials of drugs to treat the coronavirus so far there s no cure
504,real,North Korea Insists It Has No Chance of Coronavirus. #BigData #Analytics #DataScience #AI #MachineLearning #IoT #IIoT #Python #RStats #JavaScript #ReactJS #CloudComputing #Serverless #DataScientist #Linux #Programming #Coding #100DaysofCode #HealthTech \nhttps://t.co/BZhZAn6OVZ https://t.co/bw99QUKToF,north korea insists it has no chance of coronavirus bigdata analytics datascience ai machinelearning iot iiot python rstats javascript reactjs cloudcomputing serverless datascientist linux programming coding daysofcode healthtech n
505,real,"In one of the first such efforts in the country, San Francisco has tapped UCSF to trace every coronavirus case and contact. https://t.co/TxWvssnFRF",in one of the first such efforts in the country san francisco has tapped ucsf to trace every coronavirus case and contact
506,real,"3D printing companies are racing to fill critical needs during the coronavirus pandemic, but how big a role they play will depend on how quickly the outbreak escalates and how long it takes other manufacturers to scale up. https://t.co/Zv5lUVeaym",d printing companies are racing to fill critical needs during the coronavirus pandemic but how big a role they play will depend on how quickly the outbreak escalates and how long it takes other manufacturers to scale up
507,real,"It's Trump versus the experts: To hold an election during a pandemic, vote-by-mail is the option that will save lives. https://t.co/Ma7Pq8mHyA",it s trump versus the experts to hold an election during a pandemic vote by mail is the option that will save lives
508,real,"Ten Chinese patients with severe cases of covid-19 were given transfusions of blood from those who have beaten the disease. After three days, the patients seemed to do much better. In several of the patients the virus cleared up entirely. https://t.co/xyJmChA3ak",ten chinese patients with severe cases of covid were given transfusions of blood from those who have beaten the disease after three days the patients seemed to do much better in several of the patients the virus cleared up entirely
509,fake,"East Avenue Medical Center in Quezon City is in need of PPE and body bag donations. Aside from deaths due to Covid-19, the hospital needs body bags for the patients who died from other illnesses. @cnnphilippines",east avenue medical center in quezon city is in need of ppe and body bag donations aside from deaths due to covid the hospital needs body bags for the patients who died from other illnesses cnnphilippines
510,real,"Researchers sprayed the coronavirus on materials to see how long it remains infectious. It liked stainless steel and plastic the best and copper the least. So far, however, there is no definitive proof the virus is actually spread via inanimate objects. https://t.co/GMzklMxq5T",researchers sprayed the coronavirus on materials to see how long it remains infectious it liked stainless steel and plastic the best and copper the least so far however there is no definitive proof the virus is actually spread via inanimate objects
511,fake,"Dr. Dennis Ordoña, East Avenue Medical Center spokesperson, said that while there is no shortage of body bags, they do need freezers: ""Past few days starting this week, nagpipile up ang ating cadavers, umaabot po ng 15 to 20 ang ating cadavers..."" #COVID19 | via @kristinesabillo",dr dennis ordo a east avenue medical center spokesperson said that while there is no shortage of body bags they do need freezers past few days starting this week nagpipile up ang ating cadavers umaabot po ng to ang ating cadavers covid via kristinesabillo
512,fake,"To summarize, East Avenue Medical Center denies shortage in body bags &amp; being ordered not to census COVID-19 fatalities. BUT they do have a problem w/ unclaimed bodies this week &amp; their lack of a morgue freezer. Read the thread for more info. I'll link our article when it's up. https://t.co/lIaIq1rrWW",to summarize east avenue medical center denies shortage in body bags being ordered not to census covid fatalities but they do have a problem w unclaimed bodies this week their lack of a morgue freezer read the thread for more info i ll link our article when it s up
513,fake,"Dr. Dennis Ordoña, East Avenue Medical Center spokesperson, said that while there is no shortage of body bags, they do need freezers: ""Past few days starting this week, nagpipile up ang ating cadavers, umaabot po ng 15 to 20 ang ating cadavers..."" | via @kristinesabillo",dr dennis ordo a east avenue medical center spokesperson said that while there is no shortage of body bags they do need freezers past few days starting this week nagpipile up ang ating cadavers umaabot po ng to ang ating cadavers via kristinesabillo
514,real,"14% of people are now immune to covid-19 in one town in Germany. Tests show antibodies.\n\nAnyone know if this is a known 'truth' about Covid-19, that if you've gotten it, you can't get it again?  If true at ~14%, a LONG haul ahead.. \n\n#OneVoice1 #wtpTEAM \n\nhttps://t.co/o2l8EOXWMK",of people are now immune to covid in one town in germany tests show antibodies n nanyone know if this is a known truth about covid that if you ve gotten it you can t get it again if true at a long haul ahead n n onevoice wtpteam n n
515,real,"Here are the results from the first organized trials of drugs to treat the coronavirus. So far, there’s no cure. https://t.co/Md5MD3oGCG",here are the results from the first organized trials of drugs to treat the coronavirus so far there s no cure
516,real,"“We basically realized that if we ever hope to move beyond shelter in place, we need a robust containment strategy that’s sustainable and can identify every new [#COVID19] case and contact.” - Dr. Michael Reid @mikereidmd (via @techreview). https://t.co/gZABAwZyrm",we basically realized that if we ever hope to move beyond shelter in place we need a robust containment strategy that s sustainable and can identify every new covid case and contact dr michael reid mikereidmd via techreview
517,real,"In one of the first such efforts in the country, San Francisco has tapped UCSF to trace every coronavirus case and contact. https://t.co/3bdGrK5FfV",in one of the first such efforts in the country san francisco has tapped ucsf to trace every coronavirus case and contact
518,real,"According to a report released by the CDC looking at hospital data in 14 states for March, African Americans make up 13% of the U.S. population -- but accounted for 33% of patients sick enough with COVID-19 to be hospitalized. https://t.co/v7e9FEi5BV https://t.co/I0v743myeU",according to a report released by the cdc looking at hospital data in states for march african americans make up of the u s population but accounted for of patients sick enough with covid to be hospitalized
519,real,"3D printing companies are racing to fill critical needs during the coronavirus pandemic, but how big a role they play will depend on how quickly the outbreak escalates and how long it takes other manufacturers to scale up. https://t.co/LNrRL57XxX",d printing companies are racing to fill critical needs during the coronavirus pandemic but how big a role they play will depend on how quickly the outbreak escalates and how long it takes other manufacturers to scale up
520,real,"Here are the results from the first organized trials of drugs to treat the coronavirus. So far, there’s no cure. https://t.co/mRuo1iui6Q",here are the results from the first organized trials of drugs to treat the coronavirus so far there s no cure
521,real,"Researchers sprayed the coronavirus on materials to see how long it remains infectious. It liked stainless steel and plastic the best and copper the least. So far, however, there is no definitive proof the virus is actually spread via inanimate objects. https://t.co/otyy46NpEB",researchers sprayed the coronavirus on materials to see how long it remains infectious it liked stainless steel and plastic the best and copper the least so far however there is no definitive proof the virus is actually spread via inanimate objects
522,real,Why do we want covid-19 antibody testing? How is this different from the testing we already do? What are the limitations? Here are the biggest things you should know about serological testing. https://t.co/l37v4VDGfi,why do we want covid antibody testing how is this different from the testing we already do what are the limitations here are the biggest things you should know about serological testing
523,real,"It's Trump versus the experts: To hold an election during a pandemic, vote-by-mail is the option that will save lives. https://t.co/Ma7Pq8mHyA",it s trump versus the experts to hold an election during a pandemic vote by mail is the option that will save lives
524,real,"In one of the first such efforts in the country, San Francisco has tapped UCSF to trace every coronavirus case and contact. https://t.co/uvj0LhMmLV",in one of the first such efforts in the country san francisco has tapped ucsf to trace every coronavirus case and contact
525,real,"Ten Chinese patients with severe cases of covid-19 were given transfusions of blood from those who have beaten the disease. After three days, the patients seemed to do much better. In several of the patients the virus cleared up entirely. https://t.co/xyJmChA3ak",ten chinese patients with severe cases of covid were given transfusions of blood from those who have beaten the disease after three days the patients seemed to do much better in several of the patients the virus cleared up entirely
526,fake,Close to 2000 CEOs now have unexpectedly or Suddenly Stepped down. THEY KNOW SOMETHING\n#COVID19 #Atlas #coronavirus https://t.co/Z83dxa5mZG,close to ceos now have unexpectedly or suddenly stepped down they know something n covid atlas coronavirus
527,real,"If ⁦@UCSF⁩ is right and we need ~150 people to do contact tracing for a population of ~900k, then we need to mobilize a force of 50,000 for US as a whole. \n\nHow San Francisco plans to trace every coronavirus case and contact – MIT Technology Review https://t.co/uIG4p1Tex1",if ucsf is right and we need people to do contact tracing for a population of k then we need to mobilize a force of for us as a whole n nhow san francisco plans to trace every coronavirus case and contact mit technology review
528,real,"Here are the results from the first organized trials of drugs to treat the coronavirus. So far, there’s no cure. https://t.co/mRuo1iui6Q",here are the results from the first organized trials of drugs to treat the coronavirus so far there s no cure
529,real,Blood tests show 14% of people are now immune to covid-19 in one town in Germany. (Needs to be btwn 50-75% for so called herd immunity) \n\nWorth a read. #coronavirus\n\nMIT Technology Review https://t.co/BVkJCsdluV,blood tests show of people are now immune to covid in one town in germany needs to be btwn for so called herd immunity n nworth a read coronavirus n nmit technology review
530,real,"3/3 I call on all World #Leaders, starting w/ the @UN Secretary-General @antonioguterres, to publicly and strongly condemn this wicked act of #CollectivePUNISHMENT by the Cameroon regime.\nhttps://t.co/u4lDc6hjDl",i call on all world leaders starting w the un secretary general antonioguterres to publicly and strongly condemn this wicked act of collectivepunishment by the cameroon regime n
531,real,"Ten Chinese patients with severe cases of covid-19 were given transfusions of blood from those who have beaten the disease. After three days, the patients seemed to do much better. In several of the patients the virus cleared up entirely. https://t.co/xyJmChA3ak",ten chinese patients with severe cases of covid were given transfusions of blood from those who have beaten the disease after three days the patients seemed to do much better in several of the patients the virus cleared up entirely
532,fake,"WOW! We'll never know the true scale of #coronavirus because Trump has HELD DOWN testing.\n\nKavin finally tested positive (I wish you well, friend &amp; I'm so sorry). As @JoeBiden said today, we need ""widespread, easily available, prompt testing"" before we lift emergency conditions. https://t.co/AhbnBg9W7O",wow we ll never know the true scale of coronavirus because trump has held down testing n nkavin finally tested positive i wish you well friend i m so sorry as joebiden said today we need widespread easily available prompt testing before we lift emergency conditions
533,real,"Here are the results from the first organized trials of drugs to treat the coronavirus. So far, there’s no cure. https://t.co/mRuo1iui6Q",here are the results from the first organized trials of drugs to treat the coronavirus so far there s no cure
534,real,"Researchers sprayed the coronavirus on materials to see how long it remains infectious. It liked stainless steel and plastic the best and copper the least. So far, however, there is no definitive proof the virus is actually spread via inanimate objects. https://t.co/otyy46NpEB",researchers sprayed the coronavirus on materials to see how long it remains infectious it liked stainless steel and plastic the best and copper the least so far however there is no definitive proof the virus is actually spread via inanimate objects
535,fake,PM #Modi 's Address To Nation Tomorrow At 10 AM; Decision On Lockdown Extension Likely\n\n#lockdown #coronavirusinindia #Covid_19 \n\nhttps://t.co/Ua7p4ZfioK,pm modi s address to nation tomorrow at am decision on lockdown extension likely n n lockdown coronavirusinindia covid n n
536,real,"Ten Chinese patients with severe cases of covid-19 were given transfusions of blood from those who have beaten the disease. After three days, the patients seemed to do much better. In several of the patients the virus cleared up entirely. https://t.co/xyJmChA3ak",ten chinese patients with severe cases of covid were given transfusions of blood from those who have beaten the disease after three days the patients seemed to do much better in several of the patients the virus cleared up entirely
537,real,"In one of the first such efforts in the country, San Francisco has tapped UCSF to trace every coronavirus case and contact. https://t.co/ceJ0E3nGFe",in one of the first such efforts in the country san francisco has tapped ucsf to trace every coronavirus case and contact
538,fake,Italy - Approximately 110 doctors have died from COVID-19  https://t.co/nvam190kF8 #coronavirus,italy approximately doctors have died from covid coronavirus
539,real,"Ten Chinese patients with severe cases of covid-19 were given transfusions of blood from those who have beaten the disease. After three days, the patients seemed to do much better. In several of the patients the virus cleared up entirely. https://t.co/BBpov6CXEy",ten chinese patients with severe cases of covid were given transfusions of blood from those who have beaten the disease after three days the patients seemed to do much better in several of the patients the virus cleared up entirely
540,real,"Researchers sprayed the coronavirus on materials to see how long it remains infectious. It liked stainless steel and plastic the best and copper the least. So far, however, there is no definitive proof the virus is actually spread via inanimate objects. https://t.co/9VesKB3ozy",researchers sprayed the coronavirus on materials to see how long it remains infectious it liked stainless steel and plastic the best and copper the least so far however there is no definitive proof the virus is actually spread via inanimate objects
541,fake,World Health Organization confirmed 'protocol' on COVID-19 lockdown is fake\n\nDetails: https://t.co/gjdvElsnuv\n\n#CoronavirusFacts https://t.co/GSezewqVoQ,world health organization confirmed protocol on covid lockdown is fake n ndetails n n coronavirusfacts
542,real,Why do we want covid-19 antibody testing? How is this different from the testing we already do? What are the limitations? Here are the biggest things you should know about serological testing. https://t.co/cjzVKfPsvv,why do we want covid antibody testing how is this different from the testing we already do what are the limitations here are the biggest things you should know about serological testing
543,fake,"BREAKING: Italy's coronavirus death toll surpasses 20,000\n\nThe number of people who died with Covid-19 has risen to 20,446; an increase of 566 since the day before, the Italian Civil Protection Agency said Monday. | via @CNN https://t.co/MuO6Y27MiU https://t.co/amjJd41mrS",breaking italy s coronavirus death toll surpasses n nthe number of people who died with covid has risen to an increase of since the day before the italian civil protection agency said monday via cnn
544,fake,"Family is struggling right now with all this shit. No one is sick but my kids are losing it. \n\nI’ll see you all on the other side of Coronavirus \n\nMy family comes first, I’m temporarily deactivating this account tomorrow until a somewhat sense of normalcy resumes \n\n✌️",family is struggling right now with all this shit no one is sick but my kids are losing it n ni ll see you all on the other side of coronavirus n nmy family comes first i m temporarily deactivating this account tomorrow until a somewhat sense of normalcy resumes n n
545,fake,.@MountSinaiNYC is investigating antibody testing &amp; blood plasma therapy as a way to combat coronavirus in sick patients. New Yorkers who have recovered from #COVID19 &amp; had a positive test before March 7th can possibly help save another by donating plasma https://t.co/8gskkBZ0A1,mountsinainyc is investigating antibody testing blood plasma therapy as a way to combat coronavirus in sick patients new yorkers who have recovered from covid had a positive test before march th can possibly help save another by donating plasma
546,fake,Prime Minister Narendra Modi will address the nation at 10am on Tuesday to formally announce a two-week extension of the countrywide lockdown to try and contain the spread of Covid-19.\nhttps://t.co/cJtCbW1FIL,prime minister narendra modi will address the nation at am on tuesday to formally announce a two week extension of the countrywide lockdown to try and contain the spread of covid n
547,real,"Ten Chinese patients with severe cases of covid-19 were given transfusions of blood from those who have beaten the disease. After three days, the patients seemed to do much better. In several of the patients the virus cleared up entirely. https://t.co/BBpov6lmfY",ten chinese patients with severe cases of covid were given transfusions of blood from those who have beaten the disease after three days the patients seemed to do much better in several of the patients the virus cleared up entirely
548,real,"In one of the first such efforts in the country, San Francisco has tapped UCSF to trace every coronavirus case and contact. https://t.co/RX6XHSYFZZ",in one of the first such efforts in the country san francisco has tapped ucsf to trace every coronavirus case and contact
549,fake,"110 diocesan priests have now died of coronavirus covid-19 in Italy; the youngest was 45 years old, the oldest 104. The majority were over 75, with many of these still in active Parochial ministry. Many died tending to the sick. May they all Rest in Peace.\nhttps://t.co/PHfz5IbtYE https://t.co/8hqoEvPDud",diocesan priests have now died of coronavirus covid in italy the youngest was years old the oldest the majority were over with many of these still in active parochial ministry many died tending to the sick may they all rest in peace n
550,real,"Researchers sprayed the coronavirus on materials to see how long it remains infectious. It liked stainless steel and plastic the best and copper the least. So far, however, there is no definitive proof the virus is actually spread via inanimate objects. https://t.co/9VesKB3ozy",researchers sprayed the coronavirus on materials to see how long it remains infectious it liked stainless steel and plastic the best and copper the least so far however there is no definitive proof the virus is actually spread via inanimate objects
551,real,"Ten Chinese patients with severe cases of covid-19 were given transfusions of blood from those who have beaten the disease. After three days, the patients seemed to do much better. In several of the patients the virus cleared up entirely. https://t.co/BBpov6CXEy",ten chinese patients with severe cases of covid were given transfusions of blood from those who have beaten the disease after three days the patients seemed to do much better in several of the patients the virus cleared up entirely
552,fake,"Dr. Fauci Worked for the Clinton Foundation for over 20 Years, Now Seen as a Spy.\n\nhttps://t.co/yh9agw7vqv",dr fauci worked for the clinton foundation for over years now seen as a spy n n
553,real,Enabling contact tracing on billions of phones is a significant move. But will people trust them enough to make it successful? https://t.co/N0JGjxm3KG,enabling contact tracing on billions of phones is a significant move but will people trust them enough to make it successful
554,real,"Within 3 days, AbCellera had inspected 5 million cells and found 500 different antibodies that stuck to the “spike” protein of the virus, potentially blocking it. Any one of these antibodies could be a cure for others infected. @techreview #COVID19 https://t.co/Z26JVGsvAL",within days abcellera had inspected million cells and found different antibodies that stuck to the spike protein of the virus potentially blocking it any one of these antibodies could be a cure for others infected techreview covid
555,fake,"COVID-19: Chinese face masks will kill you, don’t wear it – Nnamdi Kanu warns Igbo people https://t.co/tiAIgN6OrZ https://t.co/PbRmKJyF3G",covid chinese face masks will kill you don t wear it nnamdi kanu warns igbo people
556,fake,".@TheAtlantic's guide to all things COVID has been updated. So much crucial coverage in here. Bookmark, if you haven't already:\n\nhttps://t.co/RA6PBAx6OK",theatlantic s guide to all things covid has been updated so much crucial coverage in here bookmark if you haven t already n n
557,fake,"There's not a COVID-19 vaccine yet, and seven children in Senegal didn't die from one. https://t.co/SPQMWOLwsH",there s not a covid vaccine yet and seven children in senegal didn t die from one
558,real,"Ten Chinese patients with severe cases of covid-19 were given transfusions of blood from those who have beaten the disease. After three days, the patients seemed to do much better. In several of the patients the virus cleared up entirely. https://t.co/JHMVcCftVc",ten chinese patients with severe cases of covid were given transfusions of blood from those who have beaten the disease after three days the patients seemed to do much better in several of the patients the virus cleared up entirely
559,fake,"Since Trump has decided to halt all funding to the World Health Organization, blaming them for his failures with COVID-19, now seems like a great time to discusses the WHO offering the US coronavirus test kits back in Feb. that Trump rejected... https://t.co/Kwl3ylMZRk",since trump has decided to halt all funding to the world health organization blaming them for his failures with covid now seems like a great time to discusses the who offering the us coronavirus test kits back in feb that trump rejected
560,real,Why do we want covid-19 antibody testing? How is this different from the testing we already do? What are the limitations? Here are the biggest things you should know about serological testing. https://t.co/ccJcvhIttZ,why do we want covid antibody testing how is this different from the testing we already do what are the limitations here are the biggest things you should know about serological testing
561,real,"Researchers sprayed the coronavirus on materials to see how long it remains infectious. It liked stainless steel and plastic the best and copper the least. So far, however, there is no definitive proof the virus is actually spread via inanimate objects. https://t.co/vCCC8nQnHe",researchers sprayed the coronavirus on materials to see how long it remains infectious it liked stainless steel and plastic the best and copper the least so far however there is no definitive proof the virus is actually spread via inanimate objects
562,real,"10 patients in China with severe cases of COVID-19 were given transfusions of blood from those who have beaten the disease. After three days, the patients seemed to do much better. In several of the patients the virus cleared up entirely. https://t.co/4vsoGTQVuL",patients in china with severe cases of covid were given transfusions of blood from those who have beaten the disease after three days the patients seemed to do much better in several of the patients the virus cleared up entirely
563,real,The breakdowns in international (and even intra-national) cooperation as countries race to understand and tackle the covid-19 outbreak offer a stark warning for our climate future. https://t.co/2kIsR512g2,the breakdowns in international and even intra national cooperation as countries race to understand and tackle the covid outbreak offer a stark warning for our climate future
564,real,"Ten Chinese patients with severe cases of covid-19 were given transfusions of blood from those who have beaten the disease. After three days, the patients seemed to do much better. In several of the patients the virus cleared up entirely. https://t.co/JHMVcBXSwC",ten chinese patients with severe cases of covid were given transfusions of blood from those who have beaten the disease after three days the patients seemed to do much better in several of the patients the virus cleared up entirely
565,real,"There is currently insufficient evidence that the use of ibuprofen can worsen COVID-19 symptoms.\n\nYou can take paracetamol or ibuprofen when self-medicating for symptoms, such as fever and headache.\n\nhttps://t.co/RW17ii0RpL\n\n#COVID19 #coronavirus #Ibuprofen #paracetamol https://t.co/TTBy38sQY3",there is currently insufficient evidence that the use of ibuprofen can worsen covid symptoms n nyou can take paracetamol or ibuprofen when self medicating for symptoms such as fever and headache n n n n covid coronavirus ibuprofen paracetamol
566,fake,"Modi administration did not consult ICMR-appointed COVID task force before key decisions like lockdown extension which has increased desperation of the poor esp Migrant workers. Like Noteban, Modi is on a solo trip\nhttps://t.co/uckck6EHs8",modi administration did not consult icmr appointed covid task force before key decisions like lockdown extension which has increased desperation of the poor esp migrant workers like noteban modi is on a solo trip n
567,fake,Italy - Approximately 120 doctors have died from COVID-19  https://t.co/wgjFSgmif8 #coronavirus,italy approximately doctors have died from covid coronavirus
568,real,Welcome to virtual dating—and figuring out how to have sex without touching. https://t.co/wtmlZWSUZZ,welcome to virtual dating and figuring out how to have sex without touching
569,real,"Can we imagine contact tracing, and other forms of mass surveillance, that don’t feel like a judas hole?  https://t.co/7scyirtMYA",can we imagine contact tracing and other forms of mass surveillance that don t feel like a judas hole
570,real,Biological sex differences are one of many factors that can impact how #COVID19 affects a person. Read more about the extent to which sex and gender affect clinical outcomes in this article. \n\nhttps://t.co/CnskKuPMO2,biological sex differences are one of many factors that can impact how covid affects a person read more about the extent to which sex and gender affect clinical outcomes in this article n n
571,real,Why do we want covid-19 antibody testing? How is this different from the testing we already do? What are the limitations? Here are the biggest things you should know about serological testing. https://t.co/37itjylI0K,why do we want covid antibody testing how is this different from the testing we already do what are the limitations here are the biggest things you should know about serological testing
572,real,"Ten Chinese patients with severe cases of covid-19 were given transfusions of blood from those who have beaten the disease. After three days, the patients seemed to do much better. In several of the patients the virus cleared up entirely. https://t.co/gi8uD2lSCp",ten chinese patients with severe cases of covid were given transfusions of blood from those who have beaten the disease after three days the patients seemed to do much better in several of the patients the virus cleared up entirely
573,real,Are you washing your hands -- the right way? https://t.co/KdJevy7Dpe https://t.co/A9fg9OdTHP,are you washing your hands the right way
574,real,"There’s been a lot of attention on how the lack of masks, gloves, and gowns puts health care workers’ lives at risk. But those workers are also quite conscious of the others it puts at risk: their closest family members. https://t.co/xPvpTL2za5",there s been a lot of attention on how the lack of masks gloves and gowns puts health care workers lives at risk but those workers are also quite conscious of the others it puts at risk their closest family members
575,real,"""The coronavirus disaster is not a discrete event but a combination of systemic, infrastructural failures over a period of years."" Interview w @histoftech on why disasters are both sudden and gradual, designed into our political, economic &amp; social systems. https://t.co/S2BYdEjAK2",the coronavirus disaster is not a discrete event but a combination of systemic infrastructural failures over a period of years interview w histoftech on why disasters are both sudden and gradual designed into our political economic social systems
576,fake,"All the time Democrats were wailing, Russia, Russia, Russia, \nit was really, China, China, China! (But they knew this $$$)\n\nCoronavirus may have originated in lab linked to China's biowarfare program https://t.co/IPvVf5Nqt2 via @washtimes",all the time democrats were wailing russia russia russia nit was really china china china but they knew this n ncoronavirus may have originated in lab linked to china s biowarfare program via washtimes
577,real,"'Throughout this feature, we use the binary terms ‘man’ and ‘woman’ to accurately reflect the studies and the data they use.'\n\nhttps://t.co/KjfbbyRbQr",throughout this feature we use the binary terms man and woman to accurately reflect the studies and the data they use n n
578,fake,"Claim: Brazilians participating in a candlelit vigil after India's PM Modi called for people to hold ""solidarity"" vigils on April 3, 2020 during the COVID-19 pandemic. \n\nReality: The event in Brazil happened way before Modi’s calls for solidarity https://t.co/K5cRc0M4xV",claim brazilians participating in a candlelit vigil after india s pm modi called for people to hold solidarity vigils on april during the covid pandemic n nreality the event in brazil happened way before modi s calls for solidarity
579,fake,"🌿 Well-known # Nigerian traditional ruler @OoniAdimulaIfe claims that certain herbs, fruit &amp; vegetables can treat #COVID19. \n\nThis is FALSE. Fruit, veg &amp; ‘natural herbs’ can’t cure #COVID19 or produce a vaccine. https://t.co/B0AQPZS4SN #CoronaVirusFacts",well known nigerian traditional ruler ooniadimulaife claims that certain herbs fruit vegetables can treat covid n nthis is false fruit veg natural herbs can t cure covid or produce a vaccine coronavirusfacts
580,real,It is actually dangerous to deny the reality of biological sex. #SexNotGender https://t.co/VNcBbu3PA0,it is actually dangerous to deny the reality of biological sex sexnotgender
581,real,Parents and carers: you can use either paracetamol or ibuprofen to treat symptoms of fever or pain related to COVID-19. Full guidance here: https://t.co/UZ8S0ol7le https://t.co/4PUZm3Sx3D,parents and carers you can use either paracetamol or ibuprofen to treat symptoms of fever or pain related to covid full guidance here
582,real,"Ten Chinese patients with severe cases of covid-19 were given transfusions of blood from those who have beaten the disease. After three days, the patients seemed to do much better. In several of the patients the virus cleared up entirely. https://t.co/G9HPsnuGPj",ten chinese patients with severe cases of covid were given transfusions of blood from those who have beaten the disease after three days the patients seemed to do much better in several of the patients the virus cleared up entirely
583,real,Why do we want covid-19 antibody testing? How is this different from the testing we already do? What are the limitations? Here are the biggest things you should know about serological testing. https://t.co/37itjylI0K,why do we want covid antibody testing how is this different from the testing we already do what are the limitations here are the biggest things you should know about serological testing
584,real,"Ten Chinese patients with severe cases of covid-19 were given transfusions of blood from those who have beaten the disease. After three days, the patients seemed to do much better. In several of the patients the virus cleared up entirely. https://t.co/oc3QSbKRBY",ten chinese patients with severe cases of covid were given transfusions of blood from those who have beaten the disease after three days the patients seemed to do much better in several of the patients the virus cleared up entirely
585,real,Why do we want covid-19 antibody testing? How is this different from the testing we already do? What are the limitations? Here are the biggest things you should know about serological testing. https://t.co/czVW35awn7,why do we want covid antibody testing how is this different from the testing we already do what are the limitations here are the biggest things you should know about serological testing
586,real,"Can we imagine contact tracing, and other forms of mass surveillance, that don’t feel like a judas hole?  https://t.co/TUT1XoDvNv",can we imagine contact tracing and other forms of mass surveillance that don t feel like a judas hole
587,real,"“The thing is that a lot of times, warnings are not ignored. But when infrastructure works, we don’t see it. When there’s actually a good federal disaster response, it heads off the disaster altogether.”\n\nGreat interview with @histoftech on disasters:\nhttps://t.co/oRLxjE2SHH",the thing is that a lot of times warnings are not ignored but when infrastructure works we don t see it when there s actually a good federal disaster response it heads off the disaster altogether n ngreat interview with histoftech on disasters n
588,real,"Not enough attention to these neutralizing antibodies—the nAbs, mostly it has been about small molecule drugs.\nToday to add:\n@techreview \nhttps://t.co/uUPNzDKF7t @antonioregalado \n@TheEconomist https://t.co/HCgpZGoZxX https://t.co/bPUVR3SuNS",not enough attention to these neutralizing antibodies the nabs mostly it has been about small molecule drugs ntoday to add n techreview n antonioregalado n theeconomist
589,fake,"RACING TO A CURE: Researchers in at least 4 countries are testing to learn if a tuberculosis vaccine can lessen the severity of some COVID-19 cases.\n\nThe BCG vaccine boosts the body's immune system, which could help fight the virus.\n\n@Debora_Patta reports https://t.co/8NbvFob1A9 https://t.co/wfl1xcSuZu",racing to a cure researchers in at least countries are testing to learn if a tuberculosis vaccine can lessen the severity of some covid cases n nthe bcg vaccine boosts the body s immune system which could help fight the virus n n debora patta reports
590,fake,THREAD -- AFP’s top fact checks of the week:\n\nPhoto shows Italian COVID-19 victim holding her baby for the last time? 🇮🇹\n\nFalse: This photo has circulated in reports about an infant awaiting a marrow transplant in 1985\n\nhttps://t.co/6pkB0R70O5\n\n#CoronavirusFacts,thread afp s top fact checks of the week n nphoto shows italian covid victim holding her baby for the last time n nfalse this photo has circulated in reports about an infant awaiting a marrow transplant in n n n n coronavirusfacts
591,real,"No, Facebook is NOT ""alerting"" people when they see or share coronavirus misinformation.\n\nhttps://t.co/izKk9t4AOw\n\nIt's quite disheartening how many reputable papers have misreported this one...",no facebook is not alerting people when they see or share coronavirus misinformation n n n nit s quite disheartening how many reputable papers have misreported this one
592,real,"Ten Chinese patients with severe cases of covid-19 were given transfusions of blood from those who have beaten the disease. After three days, the patients seemed to do much better. In several of the patients the virus cleared up entirely. https://t.co/oc3QSbKRBY",ten chinese patients with severe cases of covid were given transfusions of blood from those who have beaten the disease after three days the patients seemed to do much better in several of the patients the virus cleared up entirely
593,real,"Ten Chinese patients with severe cases of covid-19 were given transfusions of blood from those who have beaten the disease. After three days, the patients seemed to do much better. In several of the patients the virus cleared up entirely. https://t.co/IQ2yE405M0",ten chinese patients with severe cases of covid were given transfusions of blood from those who have beaten the disease after three days the patients seemed to do much better in several of the patients the virus cleared up entirely
594,real,"I’ve got a great idea. Let’s make sure we double down on the satanic references. We’re going for full tilt Luciferian, got it? I mean go for broke. The blood, the darkness. Dig? We’ve a cerise master to satisfy. And appease. https://t.co/gvBRKfjXNc",i ve got a great idea let s make sure we double down on the satanic references we re going for full tilt luciferian got it i mean go for broke the blood the darkness dig we ve a cerise master to satisfy and appease
595,real,"In this fraught atmosphere, it’s natural for misconceptions to circulate, so here’s what we know about how new diseases jump from animals to people. https://t.co/vSE6am6zcl",in this fraught atmosphere it s natural for misconceptions to circulate so here s what we know about how new diseases jump from animals to people
596,real,"As we approach #EarthDay2020 , here's a good explainer on the political challenges that #COVID19 #coronavirus presents for progress on #ClimateCrisis. We'll need to overcome both in order to survive. #DemandaFuture #AnotherWorldIsPossible https://t.co/AVBTODPO0T",as we approach earthday here s a good explainer on the political challenges that covid coronavirus presents for progress on climatecrisis we ll need to overcome both in order to survive demandafuture anotherworldispossible
597,fake,"@LotusOak2 Q sent me #WWG1WGA \nNotable:\nProfessor Luc Montagnier, winner of the Nobel Prize for Medicine in 2008 \n""In order to insert an HIV sequence into this genome, molecular tools are needed, and that can only be done in a laboratory.""\nTwitter hates this link\nhttps://t.co/jfQPwWKZqm",lotusoak q sent me wwg wga nnotable nprofessor luc montagnier winner of the nobel prize for medicine in n in order to insert an hiv sequence into this genome molecular tools are needed and that can only be done in a laboratory ntwitter hates this link n
598,real,"If you interact with misinformation on Facebook about coronavirus, the company will direct you to a myth-busting page on the World Health Organization's website.  https://t.co/JoGfaUt8tF",if you interact with misinformation on facebook about coronavirus the company will direct you to a myth busting page on the world health organization s website
599,real,"SAVE THE DATE: 18 APRIL 2020\nOne World: #TogetherAtHome is a historic, global broadcast to support the fight against #COVID19. @GlblCtzn @WHO @ladygaga \n\nWatch here @WHO 👉 https://t.co/LCAOftqqGq https://t.co/UFZfgHopuW",save the date april none world togetherathome is a historic global broadcast to support the fight against covid glblctzn who ladygaga n nwatch here who
600,real,Why do we want covid-19 antibody testing? How is this different from the testing we already do? What are the limitations? Here are the biggest things you should know about serological testing. https://t.co/3WBVpDcYho,why do we want covid antibody testing how is this different from the testing we already do what are the limitations here are the biggest things you should know about serological testing
601,fake,"MUST READ! Research Reveals That COVID-19 Attacks Hemoglobin In Red Blood Cells, Rendering It Incapable Of Transporting Oxygen. Current Medical Protocols Could All Be Wrong! - Thailand Medical News https://t.co/je3xuCo72I",must read research reveals that covid attacks hemoglobin in red blood cells rendering it incapable of transporting oxygen current medical protocols could all be wrong thailand medical news
602,real,Tune in TODAY! 📺 👩‍💻 👨🏾‍💻\n\n@WHO announces the ‘One World: #TogetherAtHome' Virtual Global Special to support health workers 👩🏻‍⚕️👩🏽‍⚕️👨🏻‍⚕️👨🏽‍⚕️in the fight against #COVID19. \n\nWatch here 👉 https://t.co/gjJHfx8pJ1 https://t.co/tvwj8O2rTV,tune in today n n who announces the one world togetherathome virtual global special to support health workers in the fight against covid n nwatch here
603,fake,"No dearth of ""evidence"" of brutalities against minorities in #Pakistan . Need more , will be shared. Hope you will take case against Banana Republic in @UN and other forum.\nGood initiative during #Covid_19 .\n\n#ChinaLiedPeopleDied #CoronaVirusUpdate #coronavirus\n@arifaajakia https://t.co/DeHsLITGMk https://t.co/8Yrvc7mB2S",no dearth of evidence of brutalities against minorities in pakistan need more will be shared hope you will take case against banana republic in un and other forum ngood initiative during covid n n chinaliedpeopledied coronavirusupdate coronavirus n arifaajakia
604,fake,Stimulus Checks Won't Reduce Future Tax Refunds https://t.co/5HhfWFJHdz via @factcheckdotorg,stimulus checks won t reduce future tax refunds via factcheckdotorg
605,real,"Ten Chinese patients with severe cases of covid-19 were given transfusions of blood from those who have beaten the disease. After three days, the patients seemed to do much better. In several of the patients the virus cleared up entirely. https://t.co/RHPSRe3qa8",ten chinese patients with severe cases of covid were given transfusions of blood from those who have beaten the disease after three days the patients seemed to do much better in several of the patients the virus cleared up entirely
606,real,Blood tests show 14% of people are now immune to covid-19 in one town in Germany https://t.co/5MdDZnum97,blood tests show of people are now immune to covid in one town in germany
607,real,"Ten Chinese patients with severe cases of covid-19 were given transfusions of blood from those who have beaten the disease. After three days, the patients seemed to do much better. In several of the patients the virus cleared up entirely. https://t.co/RHPSRel11G",ten chinese patients with severe cases of covid were given transfusions of blood from those who have beaten the disease after three days the patients seemed to do much better in several of the patients the virus cleared up entirely
608,real,"A fever, dry cough, and shortness of breath are hallmark signs COVID-19, the illness caused by the new coronavirus. But early research suggests that another common symptom may be often overlooked: gastrointestinal issues. https://t.co/02r5u9F1Hi https://t.co/LEfOVjfY4R",a fever dry cough and shortness of breath are hallmark signs covid the illness caused by the new coronavirus but early research suggests that another common symptom may be often overlooked gastrointestinal issues
609,real,Why do we want covid-19 antibody testing? How is this different from the testing we already do? What are the limitations? Here are the biggest things you should know about serological testing. https://t.co/3WBVpDuz8W,why do we want covid antibody testing how is this different from the testing we already do what are the limitations here are the biggest things you should know about serological testing
610,real,"In one of the first such efforts in the country, San Francisco has tapped UCSF to trace every coronavirus case and contact. https://t.co/dl4nd8uhJ6",in one of the first such efforts in the country san francisco has tapped ucsf to trace every coronavirus case and contact
611,real,"It's Trump versus the experts: To hold an election during a pandemic, vote-by-mail is the option that will save lives. https://t.co/m97TGwl1Sn",it s trump versus the experts to hold an election during a pandemic vote by mail is the option that will save lives
612,fake,"Well-known # Nigerian traditional ruler @OoniAdimulaIfe claims that certain herbs, fruit &amp; vegetables can treat #COVID19. \n\nThis is FALSE. Fruit, veg &amp; ‘natural herbs’ can’t cure #COVID19 or produce a vaccine. https://t.co/B0AQPZS4SN #CoronaVirusFacts",well known nigerian traditional ruler ooniadimulaife claims that certain herbs fruit vegetables can treat covid n nthis is false fruit veg natural herbs can t cure covid or produce a vaccine coronavirusfacts
613,real,"Ten Chinese patients with severe cases of covid-19 were given transfusions of blood from those who have beaten the disease. After three days, the patients seemed to do much better. In several of the patients the virus cleared up entirely. https://t.co/RHPSRe3qa8",ten chinese patients with severe cases of covid were given transfusions of blood from those who have beaten the disease after three days the patients seemed to do much better in several of the patients the virus cleared up entirely
614,real,"If you interact with misinformation on Facebook about coronavirus, the company will direct you to a myth-busting page on the World Health Organization's website.  https://t.co/JoGfaUt8tF",if you interact with misinformation on facebook about coronavirus the company will direct you to a myth busting page on the world health organization s website
615,real,"Unlike shadowy cabals and occult forces, the 5G-coronavirus conspiracy can be challenged directly. https://t.co/8wvKWgffMm",unlike shadowy cabals and occult forces the g coronavirus conspiracy can be challenged directly
616,real,Why do we want covid-19 antibody testing? How is this different from the testing we already do? What are the limitations? Here are the biggest things you should know about serological testing. https://t.co/3WBVpDcYho,why do we want covid antibody testing how is this different from the testing we already do what are the limitations here are the biggest things you should know about serological testing
617,real,"Bill Gates' commercial promoting satanist Marina Abramovic didn't go over well, so the WHO goes full steam ahead to promote satanism as well.\n\nCan you see who these ppl are yet? https://t.co/810aPJFSsF",bill gates commercial promoting satanist marina abramovic didn t go over well so the who goes full steam ahead to promote satanism as well n ncan you see who these ppl are yet
618,real,"It's Trump versus the experts: To hold an election during a pandemic, vote-by-mail is the option that will save lives. https://t.co/m97TGwl1Sn",it s trump versus the experts to hold an election during a pandemic vote by mail is the option that will save lives
619,fake,#German newspaper sends #China a £130 billion bill for '#coronavirus damages' – sparks fury in #Beijing 👍\n\nThe #UK has joined #US intelligence officials in investigating claims that the virus originated in a Wuhan virus lab and not a wet market.\nhttps://t.co/2qG5NYtmfA,german newspaper sends china a billion bill for coronavirus damages sparks fury in beijing n nthe uk has joined us intelligence officials in investigating claims that the virus originated in a wuhan virus lab and not a wet market n
620,fake,"A federal court in the #US orders Florida-based Genesis II Church of Health and Healing to stop distributing ‘Miracle Mineral Solution,’ a potentially harmful product that it says cures #coronavirus.\n \nhttps://t.co/JiNGEMax6y",a federal court in the us orders florida based genesis ii church of health and healing to stop distributing miracle mineral solution a potentially harmful product that it says cures coronavirus n n
621,real,"In one of the first such efforts in the country, San Francisco has tapped UCSF to trace every coronavirus case and contact. https://t.co/dl4nd8uhJ6",in one of the first such efforts in the country san francisco has tapped ucsf to trace every coronavirus case and contact
622,fake,"Walmart announced senior shopping hours and pickup hours for at-risk customers during the COVID-19 pandemic, but it hasn’t implemented a staggered daily shopping schedule based on age. https://t.co/M2Y2QNZs20",walmart announced senior shopping hours and pickup hours for at risk customers during the covid pandemic but it hasn t implemented a staggered daily shopping schedule based on age
623,real,"Ten Chinese patients with severe cases of covid-19 were given transfusions of blood from those who have beaten the disease. After three days, the patients seemed to do much better. In several of the patients the virus cleared up entirely. https://t.co/RHPSRe3qa8",ten chinese patients with severe cases of covid were given transfusions of blood from those who have beaten the disease after three days the patients seemed to do much better in several of the patients the virus cleared up entirely
624,fake,"🇩🇪GERMAN NEWSPAPER SENDS CHINA £130 BILLION INVOICE FOR ""CORONAVIRUS DAMAGES""\nBEIJING NOT AMUSED\n""Germany has rattled China after joining the UK, France &amp; the US in a rare attack, after Berlin called out Beijing's responsibility for the global pandemic...""\nhttps://t.co/s5H7UsNBFA",german newspaper sends china billion invoice for coronavirus damages nbeijing not amused n germany has rattled china after joining the uk france the us in a rare attack after berlin called out beijing s responsibility for the global pandemic n
625,fake,"Govt’s will not have guts but like German Newspaper @BILD_English sent a 130 Billion Pound invoice to China for health &amp; Economic Damages NGO’s,Media &amp; ThinkTanks must draw up nation specific invoices &amp; present them to Chinese Embassies in their countries.\nhttps://t.co/SpOwsdYesd",govt s will not have guts but like german newspaper bild english sent a billion pound invoice to china for health economic damages ngo s media thinktanks must draw up nation specific invoices present them to chinese embassies in their countries n
626,real,Why do we want covid-19 antibody testing? How is this different from the testing we already do? What are the limitations? Here are the biggest things you should know about serological testing. https://t.co/3WBVpDcYho,why do we want covid antibody testing how is this different from the testing we already do what are the limitations here are the biggest things you should know about serological testing
627,fake,"Germany: Newspaper asks China to pay £130 billion in Coronavirus damages, says it owes 1500£ to every German person\nhttps://t.co/bMYpRjU4b4",germany newspaper asks china to pay billion in coronavirus damages says it owes to every german person n
628,real,"Ten Chinese patients with severe cases of covid-19 were given transfusions of blood from those who have beaten the disease. After three days, the patients seemed to do much better. In several of the patients the virus cleared up entirely. https://t.co/RHPSRe3qa8",ten chinese patients with severe cases of covid were given transfusions of blood from those who have beaten the disease after three days the patients seemed to do much better in several of the patients the virus cleared up entirely
629,real,"A study from a noted pandemic skeptic suggests virus is more widespread but less deadly, than people think. https://t.co/6Ii3eOXYwq",a study from a noted pandemic skeptic suggests virus is more widespread but less deadly than people think
630,real,The breakdowns in international (and even intra-national) cooperation as countries race to understand and tackle the covid-19 outbreak offer a stark warning for our climate future. https://t.co/uDGKkD1pIC,the breakdowns in international and even intra national cooperation as countries race to understand and tackle the covid outbreak offer a stark warning for our climate future
631,real,"How much more can people freely move around without triggering major resurgences in the coronavirus outbreak? Some regions may be able to return to as much as 70% of normal mobility levels, but we need far better data and covid-19 tracking first. https://t.co/pCeKNv0KA0",how much more can people freely move around without triggering major resurgences in the coronavirus outbreak some regions may be able to return to as much as of normal mobility levels but we need far better data and covid tracking first
632,real,"No researcher, lab or country can find the solution to #coronavirus alone.\n\nThat's why we want to help scientists access and share data with others – across borders and healthcare systems.\n\nVisit the new 'EU COVID19 Data Platform' ➡️ https://t.co/A0PwpEuaLM\n#StrongerTogether https://t.co/NeJf24k8GR",no researcher lab or country can find the solution to coronavirus alone n nthat s why we want to help scientists access and share data with others across borders and healthcare systems n nvisit the new eu covid data platform n strongertogether
633,real,Why do we want covid-19 antibody testing? How is this different from the testing we already do? What are the limitations? Here are the biggest things you should know about serological testing. https://t.co/3WBVpDcYho,why do we want covid antibody testing how is this different from the testing we already do what are the limitations here are the biggest things you should know about serological testing
634,real,"Ten Chinese patients with severe cases of covid-19 were given transfusions of blood from those who have beaten the disease. After three days, the patients seemed to do much better. In several of the patients the virus cleared up entirely. https://t.co/RHPSRel11G",ten chinese patients with severe cases of covid were given transfusions of blood from those who have beaten the disease after three days the patients seemed to do much better in several of the patients the virus cleared up entirely
635,real,"It's Trump versus the experts: To hold an election during a pandemic, vote-by-mail is the option that will save lives. https://t.co/m97TGwCCJV",it s trump versus the experts to hold an election during a pandemic vote by mail is the option that will save lives
636,real,The breakdowns in international (and even intra-national) cooperation as countries race to understand and tackle the covid-19 outbreak offer a stark warning for our climate future. https://t.co/uDGKkCJOk2,the breakdowns in international and even intra national cooperation as countries race to understand and tackle the covid outbreak offer a stark warning for our climate future
637,real,"How much more can people freely move around without triggering major resurgences in the coronavirus outbreak? Some regions may be able to return to as much as 70% of normal mobility levels, but we need far better data and covid-19 tracking first. https://t.co/pCeKNv0KA0",how much more can people freely move around without triggering major resurgences in the coronavirus outbreak some regions may be able to return to as much as of normal mobility levels but we need far better data and covid tracking first
638,real,"A town of about 1,600 people in northern California will become the first in the nation to try to test everyone for the coronavirus, regardless of symptoms, to help researchers understand how the virus spreads.\nhttps://t.co/oA0j4Mf2KT",a town of about people in northern california will become the first in the nation to try to test everyone for the coronavirus regardless of symptoms to help researchers understand how the virus spreads n
639,real,"Infection with the new coronavirus that causes COVID-19 is already much more widespread in the U.S. than current testing data suggest, according to a new report. What you need to know: https://t.co/pqvrqlqiPN https://t.co/Ob3LP2FH4K",infection with the new coronavirus that causes covid is already much more widespread in the u s than current testing data suggest according to a new report what you need to know
640,real,"Once enough people get the coronavirus, it will stop spreading on its own. But the costs will be devastating. This phenomenon is known as herd immunity. https://t.co/qS0yex7XEM",once enough people get the coronavirus it will stop spreading on its own but the costs will be devastating this phenomenon is known as herd immunity
641,fake,Photo shows elderly COVID-19 victims who were euthanised by government?\n\nFalse: This photo was taken from the US television series The Walking Dead 📺\nhttps://t.co/pzVmpF60zt,photo shows elderly covid victims who were euthanised by government n nfalse this photo was taken from the us television series the walking dead n
642,fake,"IT WAS ME WHO MADE SURE THE US WAS THE 38TH COUNTRY TO CLOSE THE BORDERS FROM CHINA! ME!\n\nAND I ONLY LET 40,000 MORE PEOPLE ENTER THE COUNTRY FROM CHINA SINCE THEN!  I SAVED YOU ALL! \n\nNOW BRING ME A COOKIE! \nALSO HOOKERS!  AND FRENCH FRIES! https://t.co/Ahujkt54Wa",it was me who made sure the us was the th country to close the borders from china me n nand i only let more people enter the country from china since then i saved you all n nnow bring me a cookie nalso hookers and french fries
643,real,Why do we want covid-19 antibody testing? How is this different from the testing we already do? What are the limitations? Here are the biggest things you should know about serological testing. https://t.co/3WBVpDcYho,why do we want covid antibody testing how is this different from the testing we already do what are the limitations here are the biggest things you should know about serological testing
644,fake,"A few days ago, Nobel laureate Luc Montagnier (who discovered HIV) said he studied the genome sequence of COVID-19 and it had markers of being a GMO created from a coronavirus and HIV. The hack on the Wuhan Institute of Virology Sunday supposedly mentions viral splicing of HIV? https://t.co/0HvSAxsJJI",a few days ago nobel laureate luc montagnier who discovered hiv said he studied the genome sequence of covid and it had markers of being a gmo created from a coronavirus and hiv the hack on the wuhan institute of virology sunday supposedly mentions viral splicing of hiv
645,real,"Ten Chinese patients with severe cases of covid-19 were given transfusions of blood from those who have beaten the disease. After three days, the patients seemed to do much better. In several of the patients the virus cleared up entirely. https://t.co/RHPSRe3qa8",ten chinese patients with severe cases of covid were given transfusions of blood from those who have beaten the disease after three days the patients seemed to do much better in several of the patients the virus cleared up entirely
646,real,"Launching the European COVID-19 Data Platform is an important concrete measure for stronger cooperation in fighting the #coronavirus.\nThrough our joint efforts, we will better understand, diagnose and eventually overpower the pandemic.\nVisit the portal ↓ #StrongerTogether",launching the european covid data platform is an important concrete measure for stronger cooperation in fighting the coronavirus nthrough our joint efforts we will better understand diagnose and eventually overpower the pandemic nvisit the portal strongertogether
647,real,"New findings suggest that there's something about the stress of severe COVID-19 that may be harming the heart in atypical ways, even mimicking heart attack symptoms. https://t.co/iAK9rQwPy9 https://t.co/9ucavtkx2d",new findings suggest that there s something about the stress of severe covid that may be harming the heart in atypical ways even mimicking heart attack symptoms
648,real,"A study from a noted pandemic skeptic suggests virus is more widespread but less deadly, than people think. https://t.co/6Ii3eOXYwq",a study from a noted pandemic skeptic suggests virus is more widespread but less deadly than people think
649,real,"How much more can people freely move around without triggering major resurgences in the coronavirus outbreak? Some regions may be able to return to as much as 70% of normal mobility levels, but we need far better data and covid-19 tracking first. https://t.co/pCeKNuJ9Is",how much more can people freely move around without triggering major resurgences in the coronavirus outbreak some regions may be able to return to as much as of normal mobility levels but we need far better data and covid tracking first
650,real,The breakdowns in international (and even intra-national) cooperation as countries race to understand and tackle the covid-19 outbreak offer a stark warning for our climate future. https://t.co/uDGKkD1pIC,the breakdowns in international and even intra national cooperation as countries race to understand and tackle the covid outbreak offer a stark warning for our climate future
651,real,"Some regions may be able to return to as much as 70% of normal mobility levels, but we need far better data and covid-19 tracking before we should try. https://t.co/U4qPrO35AK",some regions may be able to return to as much as of normal mobility levels but we need far better data and covid tracking before we should try
652,fake,Raghuram Rajan Did Not Address IMF Webinar On COVID-19 https://t.co/EDBrrKqHSk,raghuram rajan did not address imf webinar on covid
653,real,"Once enough people get the coronavirus, it will stop spreading on its own. But the costs will be devastating. This phenomenon is known as herd immunity. https://t.co/My6fyPUG1B",once enough people get the coronavirus it will stop spreading on its own but the costs will be devastating this phenomenon is known as herd immunity
654,real,"Mass testing, even if it’s expensive, could actually be one of the cheaper ways out of the crisis. Entrepreneurs and academic gene jockeys are hatching schemes to test everyone for the coronavirus.  https://t.co/SuraqF7oDC",mass testing even if it s expensive could actually be one of the cheaper ways out of the crisis entrepreneurs and academic gene jockeys are hatching schemes to test everyone for the coronavirus
655,fake,.@SpeakerPelosi acknowledges Democrats held up additional funding for coronavirus small business loans.\n\n https://t.co/5BLGTMeOnG,speakerpelosi acknowledges democrats held up additional funding for coronavirus small business loans n n
656,real,"A study from a noted pandemic skeptic suggests virus is more widespread but less deadly, than people think. https://t.co/rTE1ISrnA6",a study from a noted pandemic skeptic suggests virus is more widespread but less deadly than people think
657,real,"If America is really at war with covid-19, it does not appear to be winning. Here’s what it would look like if  the federal government actually treated the pandemic like a war. https://t.co/tD55071Bf8",if america is really at war with covid it does not appear to be winning here s what it would look like if the federal government actually treated the pandemic like a war
658,real,"Herd immunity is the answer.  If you get this ""coming CV vaccine"" there is a good chance you're going to get HLH.  USA vaccine history, in general, only informs us what bad government looks like.  https://t.co/vSciEbi15w",herd immunity is the answer if you get this coming cv vaccine there is a good chance you re going to get hlh usa vaccine history in general only informs us what bad government looks like
659,real,"This is important. Until now the first US #COVID19 death was thought to be Feb 29th, Seattle WA https://t.co/ziFslDHShl\nBut now autopsy (and @CDCgov) confirmation of 2 deaths in California Feb 6 and 17th. \n&gt;3 weeks earlier than previously known. https://t.co/9hRGJp0QZg",this is important until now the first us covid death was thought to be feb th seattle wa nbut now autopsy and cdcgov confirmation of deaths in california feb and th n weeks earlier than previously known
660,fake,.@SpeakerPelosi acknowledges Democrats held up additional funding for coronavirus small business loans.\n\n https://t.co/A8g9oBxUlo,speakerpelosi acknowledges democrats held up additional funding for coronavirus small business loans n n
661,real,"Some regions may be able to return to as much as 70% of normal mobility levels, but we need far better data and covid-19 tracking before we should try. https://t.co/U4qPrO35AK",some regions may be able to return to as much as of normal mobility levels but we need far better data and covid tracking before we should try
662,real,Facebook has released a map showing the proportion of people who say they have experienced coronavirus symptoms in each state and county in the US. It will update the map every day.   https://t.co/ruzBhoUm2D,facebook has released a map showing the proportion of people who say they have experienced coronavirus symptoms in each state and county in the us it will update the map every day
663,real,Wa-la! Everyone screaming for testing and out comes a $120 home Coronavirus test.\nPay no attention to Trump slow walking the availability of testing.\nPay no attention to the unavailability of tests for hospitals.\nJust whip out your card &amp; look how fast they appear.,wa la everyone screaming for testing and out comes a home coronavirus test npay no attention to trump slow walking the availability of testing npay no attention to the unavailability of tests for hospitals njust whip out your card look how fast they appear
664,real,"Mass testing, even if it’s expensive, could actually be one of the cheaper ways out of the crisis. Entrepreneurs and academic gene jockeys are hatching schemes to test everyone for the coronavirus.  https://t.co/SuraqF7oDC",mass testing even if it s expensive could actually be one of the cheaper ways out of the crisis entrepreneurs and academic gene jockeys are hatching schemes to test everyone for the coronavirus
665,real,"Once enough people get the coronavirus, it will stop spreading on its own. But the costs will be devastating. This phenomenon is known as herd immunity. https://t.co/My6fyPUG1B",once enough people get the coronavirus it will stop spreading on its own but the costs will be devastating this phenomenon is known as herd immunity
666,real,"A study from a noted pandemic skeptic suggests virus is more widespread but less deadly, than people think. https://t.co/rTE1ISrnA6",a study from a noted pandemic skeptic suggests virus is more widespread but less deadly than people think
667,real,Why do we want covid-19 antibody testing? How is this different from the testing we already do? What are the limitations? Here are the biggest things you should know about serological testing. https://t.co/180MIC4oc7,why do we want covid antibody testing how is this different from the testing we already do what are the limitations here are the biggest things you should know about serological testing
668,real,"Within the next few weeks, many cities and states will deem it safe enough to lift stay-at-home orders. People will once again be able to return to some normal activities. But for the next few years, life will not look the way we remember. https://t.co/re3xPZC9ut https://t.co/EdvciaNvoz",within the next few weeks many cities and states will deem it safe enough to lift stay at home orders people will once again be able to return to some normal activities but for the next few years life will not look the way we remember
669,fake,"By all estimates, the novel coronavirus is quickly becoming the most disruptive pandemic in more than a century.  As you sort through the onslaught of information about the virus, here are some stories to help you make sense of life during a pandemic. https://t.co/fDhBXhIzqz",by all estimates the novel coronavirus is quickly becoming the most disruptive pandemic in more than a century as you sort through the onslaught of information about the virus here are some stories to help you make sense of life during a pandemic
670,real,"Mass testing, even if it’s expensive, could actually be one of the cheaper ways out of the crisis. Entrepreneurs and academic gene jockeys are hatching schemes to test everyone for the coronavirus.  https://t.co/uSVr325Bhs",mass testing even if it s expensive could actually be one of the cheaper ways out of the crisis entrepreneurs and academic gene jockeys are hatching schemes to test everyone for the coronavirus
671,real,Facebook has released a map showing the proportion of people who say they have experienced coronavirus symptoms in each state and county in the US. It will update the map every day.   https://t.co/T7FynMggPf,facebook has released a map showing the proportion of people who say they have experienced coronavirus symptoms in each state and county in the us it will update the map every day
672,fake,"JUST IN: More than 25,000 people have died from coronavirus in Italy\n\nAt least 25,085 people have died in connection with COVID-19 in Italy, according to the Italian Civil Protection Agency. | via @CNN\n\nFollow our live blog for more updates: https://t.co/Y79Bv66duK https://t.co/PsCwjrmih8",just in more than people have died from coronavirus in italy n nat least people have died in connection with covid in italy according to the italian civil protection agency via cnn n nfollow our live blog for more updates
673,real,"A study from a noted pandemic skeptic suggests virus is more widespread but less deadly, than people think. https://t.co/r2eXIWxltE",a study from a noted pandemic skeptic suggests virus is more widespread but less deadly than people think
674,real,"Some regions may be able to return to as much as 70% of normal mobility levels, but we need far better data and covid-19 tracking before we should try. https://t.co/xmRVXPN6QH",some regions may be able to return to as much as of normal mobility levels but we need far better data and covid tracking before we should try
675,real,It might take 12 to 18 months to create and validate vaccines or drugs that are effective against covid-19. Would you volunteer for a vaccine trial to speed up that timeline? https://t.co/jwmPkh8dFo,it might take to months to create and validate vaccines or drugs that are effective against covid would you volunteer for a vaccine trial to speed up that timeline
676,fake,"By all estimates, the novel coronavirus is quickly becoming the most disruptive pandemic in more than a century.  As you sort through the onslaught of information about the virus, here are some stories to help you make sense of life during a pandemic. https://t.co/RvstcyhuKN",by all estimates the novel coronavirus is quickly becoming the most disruptive pandemic in more than a century as you sort through the onslaught of information about the virus here are some stories to help you make sense of life during a pandemic
677,real,Not garlic.\nNot lemons.\nNot the keto diet. https://t.co/VWVhOsDIOl,not garlic nnot lemons nnot the keto diet
678,real,"New Model Shows COVID More Widespread, Less Severe https://t.co/5in3c0NWx7 from @WebMD",new model shows covid more widespread less severe from webmd
679,real,"Corona virus may be more widespread, less severe than predicted https://t.co/q22IWe3lIl",corona virus may be more widespread less severe than predicted
680,real,"Being in intensive care, and on a ventilator, is a traumatic life-changing experience. We need to be ready for that second wave to hit. https://t.co/EhkjUe8W99",being in intensive care and on a ventilator is a traumatic life changing experience we need to be ready for that second wave to hit
681,real,"#RumorBuster: On Jan. 30, the WHO chief declared the #coronavirus outbreak a Public Health Emergency of International Concern, sounding the highest level of alarm about the virus to the world. This left the rest of the world enough time to respond. https://t.co/A5sdhGjf7I https://t.co/8gViZWU2v2",rumorbuster on jan the who chief declared the coronavirus outbreak a public health emergency of international concern sounding the highest level of alarm about the virus to the world this left the rest of the world enough time to respond
682,real,Facebook has released a map showing the proportion of people who say they have experienced coronavirus symptoms in each state and county in the US. It will update the map every day.   https://t.co/T7FynMggPf,facebook has released a map showing the proportion of people who say they have experienced coronavirus symptoms in each state and county in the us it will update the map every day
683,fake,"After giving hundreds of billions to Airlines &amp; other big corporations, McConnell insists states should declare bankruptcy. How dare he! ⁦@senatemajldr⁩ is a corrupt, slimy  creature of the Washington swap, a grotesque abomination. https://t.co/AsORvDsydU",after giving hundreds of billions to airlines other big corporations mcconnell insists states should declare bankruptcy how dare he senatemajldr is a corrupt slimy creature of the washington swap a grotesque abomination
684,real,Why do we want covid-19 antibody testing? How is this different from the testing we already do? What are the limitations? Here are the biggest things you should know about serological testing. https://t.co/WdIM4ecao2,why do we want covid antibody testing how is this different from the testing we already do what are the limitations here are the biggest things you should know about serological testing
685,real,"Mass testing, even if it’s expensive, could actually be one of the cheaper ways out of the crisis. Entrepreneurs and academic gene jockeys are hatching schemes to test everyone for the coronavirus.  https://t.co/f0tqzSNxuV",mass testing even if it s expensive could actually be one of the cheaper ways out of the crisis entrepreneurs and academic gene jockeys are hatching schemes to test everyone for the coronavirus
686,real,People with certain existing conditions may be more likely to have a severe form of #COVID19 as a result of impaired blood clotting.”\n\nhttps://t.co/yw0TwkG78l,people with certain existing conditions may be more likely to have a severe form of covid as a result of impaired blood clotting n n
687,real,We need to prepare for the mental health crisis of people who have been admitted to intensive care with covid-19 and survived. https://t.co/vBD6bSnX03,we need to prepare for the mental health crisis of people who have been admitted to intensive care with covid and survived
688,fake,Do Republican senators agree with Mitch McConnell that their states should declare bankruptcy? So far not a single vulnerable Republican senator has spoken out yet against these comments. https://t.co/AJV6WSEs9Q,do republican senators agree with mitch mcconnell that their states should declare bankruptcy so far not a single vulnerable republican senator has spoken out yet against these comments
689,real,Facebook has released a map showing the proportion of people who say they have experienced coronavirus symptoms in each state and county in the US. It will update the map every day.   https://t.co/NKndFyEAKi,facebook has released a map showing the proportion of people who say they have experienced coronavirus symptoms in each state and county in the us it will update the map every day
690,fake,"McConnell doesn't want Congress to help state and local gov'ts (who need help right now) citing the national debt. Of course, he wasn't worried about the debt in 2017 when he doled out trillions of $$ in tax breaks for big corporations and millionaires. https://t.co/xiULEG0TBn",mcconnell doesn t want congress to help state and local gov ts who need help right now citing the national debt of course he wasn t worried about the debt in when he doled out trillions of in tax breaks for big corporations and millionaires
691,real,"A study from a noted pandemic skeptic suggests virus is more widespread but less deadly, than people think. https://t.co/punA2ITunR",a study from a noted pandemic skeptic suggests virus is more widespread but less deadly than people think
692,real,#AI is helping triage #coronavirus patients. The tools may be here to stay. | MIT Technology Review https://t.co/nuefwRr5X3 #HealthTech,ai is helping triage coronavirus patients the tools may be here to stay mit technology review healthtech
693,fake,Video shows hospital workers trying on faulty gowns made in China? 🏥\n\nFalse: A French hospital authority said this video shows French-made medical gowns that were damaged in storage\nhttps://t.co/ua9cXuwiXD,video shows hospital workers trying on faulty gowns made in china n nfalse a french hospital authority said this video shows french made medical gowns that were damaged in storage n
694,real,AI is helping triage #coronavirus #patients. \n\nThe tools may be here to stay. \n\nhttps://t.co/ROu7RsIJoS @_KarenHao @techreview #AI #MachineLearning #DeepLearning #ArtificialIntelligence #healthcare @ahier @sallyeaves @HaroldSinnott @Paula_Piccard @andi_staub @SabineVdL @psb_dc https://t.co/7hiyER3K5j,ai is helping triage coronavirus patients n nthe tools may be here to stay n n karenhao techreview ai machinelearning deeplearning artificialintelligence healthcare ahier sallyeaves haroldsinnott paula piccard andi staub sabinevdl psb dc
695,real,"""The coronavirus disaster is not a discrete event ... The outcomes we’re currently coping with may appear sudden but have been designed into our health-care, political, economic, and social systems"" - @histoftech https://t.co/7bVQkWPx5g",the coronavirus disaster is not a discrete event the outcomes we re currently coping with may appear sudden but have been designed into our health care political economic and social systems histoftech
696,real,"""The coronavirus disaster is not a discrete event ... The outcomes we’re currently coping with may appear sudden but have been designed into our health-care, political, economic, and social systems."" https://t.co/7bVQkWPx5g",the coronavirus disaster is not a discrete event the outcomes we re currently coping with may appear sudden but have been designed into our health care political economic and social systems
697,fake,THREAD - AFP’s top fact checks of the week:\n\nVideo shows hospital workers trying on faulty gowns made in China? 🏥\n\nFalse: A French hospital authority said this video shows French-made medical gowns that were damaged in storage\nhttps://t.co/ua9cXueHz3,thread afp s top fact checks of the week n nvideo shows hospital workers trying on faulty gowns made in china n nfalse a french hospital authority said this video shows french made medical gowns that were damaged in storage n
698,fake,"No evidence that 5G radiation is harmful to human health, experts say 📱\nhttps://t.co/jzTw6w8D7w",no evidence that g radiation is harmful to human health experts say n
699,real,"New findings suggest that there's something about the stress of severe COVID-19 that may be harming the heart in atypical ways, even mimicking heart attack symptoms. https://t.co/woJe2Gd9vf https://t.co/0MF6XYfM9Q",new findings suggest that there s something about the stress of severe covid that may be harming the heart in atypical ways even mimicking heart attack symptoms
700,real,"Once enough people get the coronavirus, it will stop spreading on its own. But the costs will be devastating. This phenomenon is known as herd immunity. https://t.co/JGbd2KT6XV",once enough people get the coronavirus it will stop spreading on its own but the costs will be devastating this phenomenon is known as herd immunity
701,real,Facebook has released a map showing the proportion of people who say they have experienced coronavirus symptoms in each state and county in the US. It will update the map every day.   https://t.co/NKndFymZSK,facebook has released a map showing the proportion of people who say they have experienced coronavirus symptoms in each state and county in the us it will update the map every day
702,real,We need to prepare for the mental health crisis of people who have been admitted to intensive care with covid-19 and survived. https://t.co/vBD6bSnX03,we need to prepare for the mental health crisis of people who have been admitted to intensive care with covid and survived
703,real,"Antigen testing could be a faster, cheaper way to diagnose covid-19 | MIT Technology Review https://t.co/8s3zbg8vit",antigen testing could be a faster cheaper way to diagnose covid mit technology review
704,fake,"Instead of providing aid to teachers, firefighters and first responders, Majority Leader McConnell wants communities to cut services. \n\nWhy? \n\nIt accomplishes his longtime ideological obsession with decimating government. https://t.co/FdAS4pOKub",instead of providing aid to teachers firefighters and first responders majority leader mcconnell wants communities to cut services n nwhy n nit accomplishes his longtime ideological obsession with decimating government
705,fake,Italy - Death toll of doctors who have died of COVID-19 is now 150. https://t.co/v9fikFQxdv #coronavirus,italy death toll of doctors who have died of covid is now coronavirus
706,real,"A study from a noted pandemic skeptic suggests virus is more widespread but less deadly, than people think. https://t.co/cbgk4loMUt",a study from a noted pandemic skeptic suggests virus is more widespread but less deadly than people think
707,fake,"Since we're all talking about drinking bleach...the Justice Dept. last week sued to block a church it has long tussled with for trying to sell MMS - Miracle Mineral Solution - as a coronavirus cure. When you mix up the solution, it's actually just bleach. https://t.co/O7QnPNsg6Y",since we re all talking about drinking bleach the justice dept last week sued to block a church it has long tussled with for trying to sell mms miracle mineral solution as a coronavirus cure when you mix up the solution it s actually just bleach
708,fake,"Dr Tony Holohan reveals new case definition for testing will be introduced early next week (no exact date yet) ... now if you have any ONE of the Covid-19 symptoms (eg fever, shortness of breath), you can request a test from GP but priority will be given to vulnerable people.",dr tony holohan reveals new case definition for testing will be introduced early next week no exact date yet now if you have any one of the covid symptoms eg fever shortness of breath you can request a test from gp but priority will be given to vulnerable people
709,fake,"A new case definition for testing for the virus will be introduced next week. If you have any one of the Covid-19 symptoms: fever, cough or shortness of breath, you can request a test from your GP. Priority will still be given to existing groups, vulnerable people, health staff +",a new case definition for testing for the virus will be introduced next week if you have any one of the covid symptoms fever cough or shortness of breath you can request a test from your gp priority will still be given to existing groups vulnerable people health staff
710,real,"New data confirms what experts have long believed: Because a significant percentage of people infected with COVID-19 don’t show any symptoms, and many who do aren't able to get tested, coronavirus infection rates may be higher than confirmed cases suggest. https://t.co/snuW8LA4Z8 https://t.co/VhT1HBZ60x",new data confirms what experts have long believed because a significant percentage of people infected with covid don t show any symptoms and many who do aren t able to get tested coronavirus infection rates may be higher than confirmed cases suggest
711,fake,"Mitch McConnell said he wanted states to go bankrupt instead of the federal government providing relief. Today, Thom Tillis agreed.\n\nCommunities around North Carolina are hurting, and we deserve a Senator who will fight for the resources they need. \n\nhttps://t.co/JCxbTjgGjU",mitch mcconnell said he wanted states to go bankrupt instead of the federal government providing relief today thom tillis agreed n ncommunities around north carolina are hurting and we deserve a senator who will fight for the resources they need n n
712,fake,"On April 1, asked about China’s cover-up of COVID-19, Trump says: “We really don’t know...[but] we’re working together on a lot of different things, including trade” and “they’ll be spending $250 billion...we have a great trade deal.” \n\nhttps://t.co/EZUbJ4uRxJ",on april asked about china s cover up of covid trump says we really don t know but we re working together on a lot of different things including trade and they ll be spending billion we have a great trade deal n n
713,fake,Hahahahaha!\n\nDyson will not supply ventilators to NHS to treat Covid-19 | Coronavirus outbreak | The Guardian\n\nWho would have guessed that an adapted vacuum cleaner come hair dryer wouldn’t make the cut for a life saving device?\n\n https://t.co/3AFoVmUNKD,hahahahaha n ndyson will not supply ventilators to nhs to treat covid coronavirus outbreak the guardian n nwho would have guessed that an adapted vacuum cleaner come hair dryer wouldn t make the cut for a life saving device n n
714,fake,"A FEDERAL COURT issued a TRO on 4/17 enjoining Mark Grenon and his ""church"" (""Genesis II Church of Health and Healing"") from continuing to sell ""Miracle Mineral Solution"" (a/k/a MMS, a/k/a BLEACH) as a coronavirus treatment\n\nLess than a week later? Trump is on board https://t.co/ZUVshFLAEm",a federal court issued a tro on enjoining mark grenon and his church genesis ii church of health and healing from continuing to sell miracle mineral solution a k a mms a k a bleach as a coronavirus treatment n nless than a week later trump is on board
715,real,We need to prepare for the mental health crisis of people who have been admitted to intensive care with covid-19 and survived. https://t.co/uMSYrNoGhx,we need to prepare for the mental health crisis of people who have been admitted to intensive care with covid and survived
716,real,"Some experts predict that, at the current rate of research, we could have a COVID-19 vaccine in as soon as 9 months for possible emergency use. https://t.co/k85tUYt5Lq https://t.co/AyjRTqM74E",some experts predict that at the current rate of research we could have a covid vaccine in as soon as months for possible emergency use
717,fake,"From the beginning of the coronavirus crisis, Mitch McConnell and Senate Republicans have been more focused on corporate bailouts than helping people, health care workers, and states. https://t.co/AJV6WSmRii",from the beginning of the coronavirus crisis mitch mcconnell and senate republicans have been more focused on corporate bailouts than helping people health care workers and states
718,real,"Malaria drugs touted by President Donald Trump as potential ""game changers"" against COVID-19 are actually too dangerous for general use, the FDA has warned. https://t.co/vpeW8Wzjkt https://t.co/AIzpvphEvP",malaria drugs touted by president donald trump as potential game changers against covid are actually too dangerous for general use the fda has warned
719,fake,"Thom Tillis sides with Mitch McConnell on his suggestion that states and cities should “use the bankruptcy route.” Proving yet again, Tillis doesn’t have the backbone to stand up and be an independent voice for North Carolina. #NCSen https://t.co/AJV6WSmRii",thom tillis sides with mitch mcconnell on his suggestion that states and cities should use the bankruptcy route proving yet again tillis doesn t have the backbone to stand up and be an independent voice for north carolina ncsen
720,real,Why do we want covid-19 antibody testing? How is this different from the testing we already do? What are the limitations? Here are the biggest things you should know about serological testing. https://t.co/EjfRvqug8C,why do we want covid antibody testing how is this different from the testing we already do what are the limitations here are the biggest things you should know about serological testing
721,real,"Once enough people get the coronavirus, it will stop spreading on its own. But the costs will be devastating. This phenomenon is known as herd immunity. https://t.co/XyyXEsnfJN",once enough people get the coronavirus it will stop spreading on its own but the costs will be devastating this phenomenon is known as herd immunity
722,real,"""The coronavirus disaster is not a discrete event ... The outcomes we’re currently coping with may appear sudden but have been designed into our health-care, political, economic, and social systems."" https://t.co/8EAJsGNsyd",the coronavirus disaster is not a discrete event the outcomes we re currently coping with may appear sudden but have been designed into our health care political economic and social systems
723,real,"A study from a noted pandemic skeptic suggests virus is more widespread but less deadly, than people think. https://t.co/aF8KaqnjVi",a study from a noted pandemic skeptic suggests virus is more widespread but less deadly than people think
724,real,“We have to get ourselves out of these testing bottlenecks that are hurting us right now. Antigen testing could be a powerful new tool in that goal.” https://t.co/w6fCf5Q3V5,we have to get ourselves out of these testing bottlenecks that are hurting us right now antigen testing could be a powerful new tool in that goal
725,real,"Within the next few weeks, many cities and states will deem it safe enough to lift stay-at-home orders. People will once again be able to return to some normal activities. But for the next few years, life will not look the way we remember. https://t.co/atbUokbYDR https://t.co/qSTz9HJg89",within the next few weeks many cities and states will deem it safe enough to lift stay at home orders people will once again be able to return to some normal activities but for the next few years life will not look the way we remember
726,fake,"Basically, there are three types of facemasks for Covid-19 prevention: homemade cloth facemasks, which are very popular now, surgical masks and the N95 respirator. https://t.co/ixzKUb1FAR #SurgicalMask #AnkaraMask #Coronavirus #Nigeria",basically there are three types of facemasks for covid prevention homemade cloth facemasks which are very popular now surgical masks and the n respirator surgicalmask ankaramask coronavirus nigeria
727,real,"A study from a noted pandemic skeptic suggests virus is more widespread but less deadly, than people think. https://t.co/ObFBUzNr2I",a study from a noted pandemic skeptic suggests virus is more widespread but less deadly than people think
728,fake,Politician @BushraGohar says it was shocking that such statement was even allowed to be aired on national television while responding to #TariqJamil’s derogatory remarks on how women &amp; youth is responsible for the spread of #COVID-19 in the country.\n#OnlineJaloos https://t.co/wloCRWhuld,politician bushragohar says it was shocking that such statement was even allowed to be aired on national television while responding to tariqjamil s derogatory remarks on how women youth is responsible for the spread of covid in the country n onlinejaloos
729,real,Surveys of who has been infected show the pandemic still has far to go before it burns out. https://t.co/481eRK8pJu,surveys of who has been infected show the pandemic still has far to go before it burns out
730,real,#Israel is using #AI to flag high-risk #COVIDー19 patients https://t.co/bxNlvLLHQo,israel is using ai to flag high risk covid patients
731,fake,Images of a coronavirus vaccine from 2001 have gone viral – but the vaccine is for dogs and doesn’t protect against Covid-19.\n\nhttps://t.co/KPYt9xya3B,images of a coronavirus vaccine from have gone viral but the vaccine is for dogs and doesn t protect against covid n n
732,fake,Senate Republicans need to explain to their constituents why they’d rather see their own states and communities collapse than work across party lines to send federal aid. https://t.co/AJV6WSmRii,senate republicans need to explain to their constituents why they d rather see their own states and communities collapse than work across party lines to send federal aid
733,fake,February 28: you literally called coronavirus “their new hoax.”\n\nWe have the receipts: https://t.co/n327klNbB7 https://t.co/3UjEaIgkOO,february you literally called coronavirus their new hoax n nwe have the receipts
734,real,"""The coronavirus disaster is not a discrete event ... The outcomes we’re currently coping with may appear sudden but have been designed into our health-care, political, economic, and social systems."" https://t.co/8EAJsGNsyd",the coronavirus disaster is not a discrete event the outcomes we re currently coping with may appear sudden but have been designed into our health care political economic and social systems
735,real,"Israel is using artificial intelligence to spot at-risk individuals for severe covid-19 complications who might have been missed otherwise.  But the approach, which works best with access to lots of patient data, probably won't be as effective in the US. https://t.co/D7H4LfJyXU",israel is using artificial intelligence to spot at risk individuals for severe covid complications who might have been missed otherwise but the approach which works best with access to lots of patient data probably won t be as effective in the us
736,real,"A study from a noted pandemic skeptic suggests virus is more widespread but less deadly, than people think. https://t.co/aF8KaqnjVi",a study from a noted pandemic skeptic suggests virus is more widespread but less deadly than people think
737,real,"Ten Chinese patients with severe cases of covid-19 were given transfusions of blood from those who have beaten the disease. After three days, the patients seemed to do much better. In several of the patients the virus cleared up entirely. https://t.co/FA8ohJrd1P",ten chinese patients with severe cases of covid were given transfusions of blood from those who have beaten the disease after three days the patients seemed to do much better in several of the patients the virus cleared up entirely
738,real,"Once enough people get the coronavirus, it will stop spreading on its own. But the costs will be devastating. This phenomenon is known as herd immunity. https://t.co/XyyXEsnfJN",once enough people get the coronavirus it will stop spreading on its own but the costs will be devastating this phenomenon is known as herd immunity
739,real,Why do we want covid-19 antibody testing? How is this different from the testing we already do? What are the limitations? Here are the biggest things you should know about serological testing. https://t.co/EjfRvqug8C,why do we want covid antibody testing how is this different from the testing we already do what are the limitations here are the biggest things you should know about serological testing
740,real,Facebook has released a map showing the proportion of people who say they have experienced coronavirus symptoms in each state and county in the US. It will update the map every day.   https://t.co/mwkZin3AwD,facebook has released a map showing the proportion of people who say they have experienced coronavirus symptoms in each state and county in the us it will update the map every day
741,real,"Our pleas to free Kris during this pandemic have been ignored by Gov @RonDeSantisFL. Now, Covid-19 has officially reached his prison and he's been locked in a dorm with 40 other men as it spreads. His life is in danger. Add your name, #FreeKrisMaharaj ⬇️\nhttps://t.co/l0DfKgBcAC",our pleas to free kris during this pandemic have been ignored by gov rondesantisfl now covid has officially reached his prison and he s been locked in a dorm with other men as it spreads his life is in danger add your name freekrismaharaj n
742,real,"A fever, dry cough, and shortness of breath are hallmark signs COVID-19, the illness caused by the new coronavirus. But early research suggests that another common symptom may be often overlooked: an upset stomach. https://t.co/wFhiP4NgDi https://t.co/Rxc8zMdjjX",a fever dry cough and shortness of breath are hallmark signs covid the illness caused by the new coronavirus but early research suggests that another common symptom may be often overlooked an upset stomach
743,real,"A study from a noted pandemic skeptic suggests virus is more widespread but less deadly, than people think. https://t.co/aF8KaqnjVi",a study from a noted pandemic skeptic suggests virus is more widespread but less deadly than people think
744,real,“We have to get ourselves out of these testing bottlenecks that are hurting us right now. Antigen testing could be a powerful new tool in that goal.” https://t.co/w6fCf5Q3V5,we have to get ourselves out of these testing bottlenecks that are hurting us right now antigen testing could be a powerful new tool in that goal
745,real,Surveys of who has been infected show the pandemic still has far to go before it burns out. https://t.co/481eRK8pJu,surveys of who has been infected show the pandemic still has far to go before it burns out
746,fake,"News circulating on social media that the first volunteer in a UK #coronavirus vaccine trial has died is completely untrue.\n\nBefore sharing unsubstantiated claims online, use the SHARE checklist to help stop the spread of harmful content: \n▶️ https://t.co/9rAFQES8Xm https://t.co/HgG4cHnLFQ",news circulating on social media that the first volunteer in a uk coronavirus vaccine trial has died is completely untrue n nbefore sharing unsubstantiated claims online use the share checklist to help stop the spread of harmful content n
747,fake,"Anti-vaccination liars have been spreading fake news about Elisa Granato dying after taking the first test vaccine for #COVID19.\n\nDon't fall for the lie, don't spread it.\n\n""First woman on Covid-19 vaccine trial 'doing fine' despite death rumours"" https://t.co/lMXJbrLAud",anti vaccination liars have been spreading fake news about elisa granato dying after taking the first test vaccine for covid n ndon t fall for the lie don t spread it n n first woman on covid vaccine trial doing fine despite death rumours
748,real,One of Israel’s largest health maintenance organizations is using artificial intelligence to help identify which of the 2.4 million people it covers are most at risk of severe covid-19 complications.\n#AI #Israel #covid19 #healthcare #patients\nhttps://t.co/KZHPUemd3I https://t.co/9jJcwTfu7N,one of israel s largest health maintenance organizations is using artificial intelligence to help identify which of the million people it covers are most at risk of severe covid complications n ai israel covid healthcare patients n
749,fake,"3. H1N1 was not worse than COVID-19. H1N1 killed approximately 12,500 people in the United States over the course of a year. COVID-19 has killed more than 50,000 Americans in the past month.\n\n4. COVID-19 cannot be destroyed by blowing hot air down your throat with a hair dryer.",h n was not worse than covid h n killed approximately people in the united states over the course of a year covid has killed more than americans in the past month n n covid cannot be destroyed by blowing hot air down your throat with a hair dryer
750,real,"""The coronavirus disaster is not a discrete event ... The outcomes we’re currently coping with may appear sudden but have been designed into our health-care, political, economic, and social systems."" https://t.co/8EAJsGNsyd",the coronavirus disaster is not a discrete event the outcomes we re currently coping with may appear sudden but have been designed into our health care political economic and social systems
751,real,The covid-19 crisis is driving the biggest internet upgrade in years. https://t.co/rDEjbjUCiL,the covid crisis is driving the biggest internet upgrade in years
752,fake,"A viral message claiming Japanese Nobel laureate Tasuku Honjo declared that SARS-CoV-2, the coronavirus responsible for COVID-19 is man-made is false. Honjo has not made any statements about the origin of #coronavirus. #CoronaVirusFacts #FakeNews #Covid_19\nhttps://t.co/UiH856ORxq",a viral message claiming japanese nobel laureate tasuku honjo declared that sars cov the coronavirus responsible for covid is man made is false honjo has not made any statements about the origin of coronavirus coronavirusfacts fakenews covid n
753,fake,"Based on antibody prevalence studies, @joeykrug and I calculated a new #COVID19 mortality rate for the US by age group in comparison to the seasonal flu.\n\nRESULTS: COVID-19 mortality rate is similar to that of the Flu for people under age 50. https://t.co/PDnlwscRi7",based on antibody prevalence studies joeykrug and i calculated a new covid mortality rate for the us by age group in comparison to the seasonal flu n nresults covid mortality rate is similar to that of the flu for people under age
754,real,"Once enough people get the coronavirus, it will stop spreading on its own. But the costs will be devastating. This phenomenon is known as herd immunity. https://t.co/XyyXEsnfJN",once enough people get the coronavirus it will stop spreading on its own but the costs will be devastating this phenomenon is known as herd immunity
755,real,Why do we want covid-19 antibody testing? How is this different from the testing we already do? What are the limitations? Here are the biggest things you should know about serological testing. https://t.co/EjfRvqug8C,why do we want covid antibody testing how is this different from the testing we already do what are the limitations here are the biggest things you should know about serological testing
756,fake,A woman pregnant with twins drove herself to the hospital when her water broke. She and her husband were both fighting COVID-19.\nhttps://t.co/Tu4udpsxcw,a woman pregnant with twins drove herself to the hospital when her water broke she and her husband were both fighting covid n
757,real,Facebook has released a map of coronavirus symptoms crowdsourced from its users https://t.co/oE6bXirOgm,facebook has released a map of coronavirus symptoms crowdsourced from its users
758,real,"""The coronavirus disaster is not a discrete event ... The outcomes we’re currently coping with may appear sudden but have been designed into our health-care, political, economic, and social systems."" https://t.co/8EAJsGNsyd",the coronavirus disaster is not a discrete event the outcomes we re currently coping with may appear sudden but have been designed into our health care political economic and social systems
759,fake,"Pakistani cleric blames women for Covid-19\n\n“HRCP is appalled at Tariq Jamil’s recent statement inexplicably correlating women’s ‘modesty’ to the Covid19 pandemic. Such blatant objectification is unacceptable and, when aired on public television. \n\nhttps://t.co/nry2rLuCKP",pakistani cleric blames women for covid n n hrcp is appalled at tariq jamil s recent statement inexplicably correlating women s modesty to the covid pandemic such blatant objectification is unacceptable and when aired on public television n n
760,real,"Once enough people get the coronavirus, it will stop spreading on its own. But the costs will be devastating. This phenomenon is known as herd immunity. https://t.co/XyyXEsnfJN",once enough people get the coronavirus it will stop spreading on its own but the costs will be devastating this phenomenon is known as herd immunity
761,real,"A unique collaboration between @WHO, @UNICEF, @Refugees, @IFRC and @SavetheChildren has resulted in the creation of a children’s story book aimed at teaching children how to cope with difficult emotions during the #COVID19 pandemic.\nhttps://t.co/kHCF5YHMp3",a unique collaboration between who unicef refugees ifrc and savethechildren has resulted in the creation of a children s story book aimed at teaching children how to cope with difficult emotions during the covid pandemic n
762,real,Facebook has released a map showing the proportion of people who say they have experienced coronavirus symptoms in each state and county in the US. It will update the map every day.   https://t.co/mwkZimLZ83,facebook has released a map showing the proportion of people who say they have experienced coronavirus symptoms in each state and county in the us it will update the map every day
763,real,"Ten Chinese patients with severe cases of covid-19 were given transfusions of blood from those who have beaten the disease. After three days, the patients seemed to do much better. In several of the patients the virus cleared up entirely. https://t.co/FA8ohJ9BDf",ten chinese patients with severe cases of covid were given transfusions of blood from those who have beaten the disease after three days the patients seemed to do much better in several of the patients the virus cleared up entirely
764,real,The covid-19 crisis is driving the biggest internet upgrade in years. https://t.co/rDEjbjUCiL,the covid crisis is driving the biggest internet upgrade in years
765,real,Israel is using artificial intelligence to spot at-risk individuals for severe covid-19 complications who might have been missed otherwise.  https://t.co/HbiFkEvRUq,israel is using artificial intelligence to spot at risk individuals for severe covid complications who might have been missed otherwise
766,real,The covid-19 crisis is driving the biggest internet upgrade in years. https://t.co/IDrr9BCGxe,the covid crisis is driving the biggest internet upgrade in years
767,real,"""The coronavirus disaster is not a discrete event ... The outcomes we’re currently coping with may appear sudden but have been designed into our health-care, political, economic, and social systems."" https://t.co/ZJkoHMyD2h",the coronavirus disaster is not a discrete event the outcomes we re currently coping with may appear sudden but have been designed into our health care political economic and social systems
768,real,Facebook has released a map showing the proportion of people who say they have experienced coronavirus symptoms in each state and county in the US. It will update the map every day.   https://t.co/lkL6bsHR3U,facebook has released a map showing the proportion of people who say they have experienced coronavirus symptoms in each state and county in the us it will update the map every day
769,real,"WHO is part of a global collaboration to accelerate development &amp; production of #COVID19 diagnostics, therapeutics &amp; vaccines. We call on the global community to support this landmark partnership &amp; on donors to provide the required resources. https://t.co/Ntr8gxlpEl\nDaily update https://t.co/YS5oJNVBxB",who is part of a global collaboration to accelerate development production of covid diagnostics therapeutics vaccines we call on the global community to support this landmark partnership on donors to provide the required resources ndaily update
770,real,We need to prepare for the mental health crisis of people who have been admitted to intensive care with covid-19 and survived. https://t.co/MVr0L8zakK,we need to prepare for the mental health crisis of people who have been admitted to intensive care with covid and survived
771,real,The covid-19 crisis is driving the biggest internet upgrade in years. https://t.co/IDrr9Bl58E,the covid crisis is driving the biggest internet upgrade in years
772,real,"Some regions may be able to return to as much as 70% of normal mobility levels, but we need far better data and covid-19 tracking before we should try. https://t.co/mpjeX3yhSv",some regions may be able to return to as much as of normal mobility levels but we need far better data and covid tracking before we should try
773,real,"The race to find a vaccine for COVID-19 is on. At least 90 potential COVID-19 vaccines are under study, and six of those are already being tested on humans in phase I clinical trials to determine if they’re safe. But how soon can they really be ready? https://t.co/Rtdki8bUqO https://t.co/avAiksd6Yc",the race to find a vaccine for covid is on at least potential covid vaccines are under study and six of those are already being tested on humans in phase i clinical trials to determine if they re safe but how soon can they really be ready
774,real,Here’s what it would look like if  the federal government actually treated the coronavirus pandemic like a war. https://t.co/VVHh1z8rcM,here s what it would look like if the federal government actually treated the coronavirus pandemic like a war
775,real,"Once enough people get the coronavirus, it will stop spreading on its own. But the costs will be devastating. This phenomenon is known as herd immunity. https://t.co/6t1ZwTMYGb",once enough people get the coronavirus it will stop spreading on its own but the costs will be devastating this phenomenon is known as herd immunity
776,real,The covid-19 crisis is driving the biggest internet upgrade in years. https://t.co/IDrr9BCGxe,the covid crisis is driving the biggest internet upgrade in years
777,fake,✍️ Nobel laureate Tasuku Honjo refutes 'false' quote attributed to him about the novel coronavirus https://t.co/MKsdVut84z\n\n#CoronavirusFacts,nobel laureate tasuku honjo refutes false quote attributed to him about the novel coronavirus n n coronavirusfacts
778,real,We need to prepare for the mental health crisis of people who have been admitted to intensive care with covid-19 and survived. https://t.co/MVr0L8zakK,we need to prepare for the mental health crisis of people who have been admitted to intensive care with covid and survived
779,real,Facebook has released a map showing the proportion of people who say they have experienced coronavirus symptoms in each state and county in the US. It will update the map every day.   https://t.co/lkL6bsHR3U,facebook has released a map showing the proportion of people who say they have experienced coronavirus symptoms in each state and county in the us it will update the map every day
780,real,"Some regions may be able to return to as much as 70% of normal mobility levels, but we need far better data and covid-19 tracking before we should try. https://t.co/mpjeX3yhSv",some regions may be able to return to as much as of normal mobility levels but we need far better data and covid tracking before we should try
781,real,Why do we want covid-19 antibody testing? How is this different from the testing we already do? What are the limitations? Here are the biggest things you should know about serological testing. https://t.co/FsgxXpheFJ,why do we want covid antibody testing how is this different from the testing we already do what are the limitations here are the biggest things you should know about serological testing
782,real,"#ReturnToWork in safe &amp; healthy conditions: our guidance provides answers on how to minimise exposure to #COVID19 at work, how to update risk assessments and take care of workers who have been ill. https://t.co/MyLDpkWqRZ #EUhealthyworkplaces #StopthePandemic #OSHDay #SafeDay https://t.co/E6485uXBrx",returntowork in safe healthy conditions our guidance provides answers on how to minimise exposure to covid at work how to update risk assessments and take care of workers who have been ill euhealthyworkplaces stopthepandemic oshday safeday
783,real,Facebook has released a map showing the proportion of people who say they have experienced coronavirus symptoms in each state and county in the US. It will update the map every day.   https://t.co/jTxdfmzvMf,facebook has released a map showing the proportion of people who say they have experienced coronavirus symptoms in each state and county in the us it will update the map every day
784,real,What is a cytokine storm? And why is it killing some covid-19 patients? How can I participate in new treatment and vaccine trials? How does the virus spread? Can it be in food? New questions answered.  https://t.co/frKfB9kZWw,what is a cytokine storm and why is it killing some covid patients how can i participate in new treatment and vaccine trials how does the virus spread can it be in food new questions answered
785,fake,seeing so many young people afraid of re-opening the economy because of the virus...\n\nSomeone should tell them they have a greater chance of being killed by the HPV vaccine than COVID-19,seeing so many young people afraid of re opening the economy because of the virus n nsomeone should tell them they have a greater chance of being killed by the hpv vaccine than covid
786,real,The covid-19 crisis is driving the biggest internet upgrade in years. https://t.co/Q5ba7TBem0,the covid crisis is driving the biggest internet upgrade in years
787,fake,"How interesting. Trump said on April 1 that this was already happening. \n\n“Now, they’re doing tests on airlines — very strong tests — for getting on, getting off.""\n\nhttps://t.co/QKt2ux2mVO https://t.co/YQ4LCAmrLr",how interesting trump said on april that this was already happening n n now they re doing tests on airlines very strong tests for getting on getting off n n
788,fake,"April 1: Trump said people were already getting testing getting on and off planes. \n\n""Now, they’re doing tests on airlines — very strong tests — for getting on, getting off.""\n\nIt never happened. A month later he's now considering doing them https://t.co/rIlbWAUGvy",april trump said people were already getting testing getting on and off planes n n now they re doing tests on airlines very strong tests for getting on getting off n nit never happened a month later he s now considering doing them
789,fake,Here's the transcript from the president's April 1 remarks. \n\nhttps://t.co/yo03ctrAeA https://t.co/Jwtn5H2FRQ,here s the transcript from the president s april remarks n n
790,fake,"LOOK! We don't need freakin' military jets flying over NYC to honor medical workers fighting COVID-19; We need to #ShutDownLevel4Biolabs; we need non-neoliberal health care infrastructure, including well-trained personnel NOT saddled with student loans. https://t.co/5ZbEpEtxR5",look we don t need freakin military jets flying over nyc to honor medical workers fighting covid we need to shutdownlevel biolabs we need non neoliberal health care infrastructure including well trained personnel not saddled with student loans
791,fake,"How could he have inherited a ""broken test""?\n\nNobody knew COVID-19 existed before 2019...\n\nExactly how many tests could there have been?",how could he have inherited a broken test n nnobody knew covid existed before n nexactly how many tests could there have been
792,real,We need to prepare for the mental health crisis of people who have been admitted to intensive care with covid-19 and survived. https://t.co/RLz0xYwcaB,we need to prepare for the mental health crisis of people who have been admitted to intensive care with covid and survived
793,fake,"We're going to call this attempted suicide (homicide?) by idiocy.\n\nA North Carolina social-distancing denier has tested positive for COVID-19, says she should still be able to go out and that stay-at-home orders violate her right to freedom of religion.\n\nStupidity is a religion? https://t.co/Xq8CPyXFiY",we re going to call this attempted suicide homicide by idiocy n na north carolina social distancing denier has tested positive for covid says she should still be able to go out and that stay at home orders violate her right to freedom of religion n nstupidity is a religion
794,fake,"Here we go:\n\n""Now, they’re doing tests on airlines — very strong tests — for getting on, getting off.  They’re doing tests on trains — getting on, getting off. ""\n\nhttps://t.co/scs2dUHsgF",here we go n n now they re doing tests on airlines very strong tests for getting on getting off they re doing tests on trains getting on getting off n n
795,fake,"Reason for excluding Naturopathy and Yoga out of #NCISMBill and #CCIM is that we don't give any medicine. And National advisory on Covid-19 it is recommended that \n1. Eat food prepared with turmeric, ginger and garlic.\n2. Drink hot water.\n3. Inhale steam \n#ItsNaturopathy.",reason for excluding naturopathy and yoga out of ncismbill and ccim is that we don t give any medicine and national advisory on covid it is recommended that n eat food prepared with turmeric ginger and garlic n drink hot water n inhale steam n itsnaturopathy
796,real,Facebook has released a map showing the proportion of people who say they have experienced coronavirus symptoms in each state and county in the US. It will update the map every day.   https://t.co/jTxdfmzvMf,facebook has released a map showing the proportion of people who say they have experienced coronavirus symptoms in each state and county in the us it will update the map every day
797,real,Facebook has released a map showing the proportion of people who say they have experienced coronavirus symptoms in each state and county in the US. It will update the map every day.   https://t.co/miVBv5ROmW,facebook has released a map showing the proportion of people who say they have experienced coronavirus symptoms in each state and county in the us it will update the map every day
798,real,"Some regions may be able to return to as much as 70% of normal mobility levels, but we need far better data and covid-19 tracking before we should try. https://t.co/Mut2l5yRRH",some regions may be able to return to as much as of normal mobility levels but we need far better data and covid tracking before we should try
799,real,"What’s the difference between isolation, quarantine and distancing?  \n➡️ https://t.co/8S0Yi8kWv3  \n\n#StayHome #Coronavirus #COVID19 https://t.co/KFIwhnEt51",what s the difference between isolation quarantine and distancing n n n stayhome coronavirus covid
800,real,The covid-19 crisis is driving the biggest internet upgrade in years. https://t.co/akygi8IVM5,the covid crisis is driving the biggest internet upgrade in years
801,real,Why do we want covid-19 antibody testing? How is this different from the testing we already do? What are the limitations? Here are the biggest things you should know about serological testing. https://t.co/tCsIJdEwwd,why do we want covid antibody testing how is this different from the testing we already do what are the limitations here are the biggest things you should know about serological testing
802,real,"Once enough people get the coronavirus, it will stop spreading on its own. But the costs will be devastating. This phenomenon is known as herd immunity. https://t.co/lAinWGm5vv",once enough people get the coronavirus it will stop spreading on its own but the costs will be devastating this phenomenon is known as herd immunity
803,fake,"Folks, you know I try and find common ground whenever I can, but sometimes we see a statement or idea that’s frankly so irresponsible and dangerous that you have to call it out.\n\nhttps://t.co/6zDrGf9T9R",folks you know i try and find common ground whenever i can but sometimes we see a statement or idea that s frankly so irresponsible and dangerous that you have to call it out n n
804,real,Researchers at Oxford University say they are hopeful that they will have a COVID-19 vaccine available by September. https://t.co/1domBgQbxH https://t.co/4FXzlbeI3F,researchers at oxford university say they are hopeful that they will have a covid vaccine available by september
805,real,Facebook has released a map showing the proportion of people who say they have experienced coronavirus symptoms in each state and county in the US. It will update the map every day.   https://t.co/nyVaz6V3kd,facebook has released a map showing the proportion of people who say they have experienced coronavirus symptoms in each state and county in the us it will update the map every day
806,real,"""The coronavirus disaster is not a discrete event ... The outcomes we’re currently coping with may appear sudden but have been designed into our health-care, political, economic, and social systems."" https://t.co/5LUH1SBpVb",the coronavirus disaster is not a discrete event the outcomes we re currently coping with may appear sudden but have been designed into our health care political economic and social systems
807,real,The finding that remdesivir helps covid-19 patients is a step towards getting us out of health and economic disasters caused by the pandemic—and hopefully more will follow. https://t.co/hafF7uM8yO,the finding that remdesivir helps covid patients is a step towards getting us out of health and economic disasters caused by the pandemic and hopefully more will follow
808,fake,Are you freaking kidding me?? While people are dying? Gimme a break!!\n\n‘White House’ Shop Sells the Gift No One Asked for: $100 COVID-19 Commemorative Coins https://t.co/K2Ybzn0bY1 via @thedailybeast,are you freaking kidding me while people are dying gimme a break n n white house shop sells the gift no one asked for covid commemorative coins via thedailybeast
809,real,"Once enough people get the coronavirus, it will stop spreading on its own. But the costs will be devastating. This phenomenon is known as herd immunity. https://t.co/lAinWGm5vv",once enough people get the coronavirus it will stop spreading on its own but the costs will be devastating this phenomenon is known as herd immunity
810,real,The race to preserve the first draft of coronavirus history before it disappears from the internet. https://t.co/RgNXOWbdZJ,the race to preserve the first draft of coronavirus history before it disappears from the internet
811,real,Why do we want covid-19 antibody testing? How is this different from the testing we already do? What are the limitations? Here are the biggest things you should know about serological testing. https://t.co/tCsIJdEwwd,why do we want covid antibody testing how is this different from the testing we already do what are the limitations here are the biggest things you should know about serological testing
812,real,Facebook has released a map showing the proportion of people who say they have experienced coronavirus symptoms in each state and county in the US. It will update the map every day.   https://t.co/nyVaz6V3kd,facebook has released a map showing the proportion of people who say they have experienced coronavirus symptoms in each state and county in the us it will update the map every day
813,real,In case you missed it: A government study of remdesivir showed covid-19 patients got better 30% faster. https://t.co/0VIgJYPcyh,in case you missed it a government study of remdesivir showed covid patients got better faster
814,real,The covid-19 crisis is driving the biggest internet upgrade in years. https://t.co/3QgSMRTeZx,the covid crisis is driving the biggest internet upgrade in years
815,real,Facebook has released a map showing the proportion of people who say they have experienced coronavirus symptoms in each state and county in the US. It will update the map every day.   https://t.co/kGDX2PbVUj,facebook has released a map showing the proportion of people who say they have experienced coronavirus symptoms in each state and county in the us it will update the map every day
816,real,"In the absence of a coordinated government response, there’s a sudden and fast-growing movement of researchers, engineers, and scientists mobilizing to fight the US coronavirus outbreak. https://t.co/tWlNCwplDC",in the absence of a coordinated government response there s a sudden and fast growing movement of researchers engineers and scientists mobilizing to fight the us coronavirus outbreak
817,real,"A government study of remdesivir showed covid-19 patients got better 30% faster.\n\nThis finding is a step towards getting us out of health and economic disasters caused by the pandemic, and hopefully more will follow. https://t.co/0VIgJYPcyh",a government study of remdesivir showed covid patients got better faster n nthis finding is a step towards getting us out of health and economic disasters caused by the pandemic and hopefully more will follow
818,fake,"Another bit of Covid-19 disinformation bites the dust: Nobel laureate Tasuku Honjo did not claim Sars-CoV-2 is ""man-made"". Well done @snopes \n(This is indeed surely ""disinformation"": not a mistake, but invented with intent to deceive.) \nhttps://t.co/B8nfqIRpfH",another bit of covid disinformation bites the dust nobel laureate tasuku honjo did not claim sars cov is man made well done snopes n this is indeed surely disinformation not a mistake but invented with intent to deceive n
819,fake,A photo of dozens of men praying on neighbouring rooftops has been shared hundreds of times on Facebook and Twitter alongside a claim it shows Muslim worshippers in India praying together in defiance of the country's #COVID19 #lockdown. #FakeNews \n\nhttps://t.co/NPUpuPWhh9,a photo of dozens of men praying on neighbouring rooftops has been shared hundreds of times on facebook and twitter alongside a claim it shows muslim worshippers in india praying together in defiance of the country s covid lockdown fakenews n n
820,real,"""The coronavirus disaster is not a discrete event ... The outcomes we’re currently coping with may appear sudden but have been designed into our health-care, political, economic, and social systems."" https://t.co/jkSk54k5cM",the coronavirus disaster is not a discrete event the outcomes we re currently coping with may appear sudden but have been designed into our health care political economic and social systems
821,real,"In the absence of a coordinated government response, there’s a sudden and fast-growing movement of researchers, engineers, and scientists mobilizing to fight the US coronavirus outbreak. https://t.co/zmZfB5EKpC",in the absence of a coordinated government response there s a sudden and fast growing movement of researchers engineers and scientists mobilizing to fight the us coronavirus outbreak
822,fake,"It's hard to exaggerate how bad these models were. Neil Ferguson, who wrote the Imperial Model, also predicted up to 200 million deaths from bird flu in 2005. Actual number? Fewer than 1,000. \n\nHe predicted 65,000 Swine Flu deaths in the UK in 2009. Actual number? Fewer than 500.",it s hard to exaggerate how bad these models were neil ferguson who wrote the imperial model also predicted up to million deaths from bird flu in actual number fewer than n nhe predicted swine flu deaths in the uk in actual number fewer than
823,real,The race to preserve the first draft of coronavirus history before it disappears from the internet. https://t.co/Q9CVadFlTJ,the race to preserve the first draft of coronavirus history before it disappears from the internet
824,real,Artificial Intelligence is helping triage #coronavirus patients. The tools may be here to stay.\n\nhttps://t.co/Y7sYE1jD1o by @_KarenHao v/ @techreview\n#AI #BigData #Covid19 #HealthTech \nCc @KirkDBorne @schmarzo @SpirosMargaris @FrRonconi @ShiCooks @sebbourguignon @Paula_Piccard https://t.co/bNFgQA8ywB,artificial intelligence is helping triage coronavirus patients the tools may be here to stay n n by karenhao v techreview n ai bigdata covid healthtech ncc kirkdborne schmarzo spirosmargaris frronconi shicooks sebbourguignon paula piccard
825,real,Facebook has released a map showing the proportion of people who say they have experienced coronavirus symptoms in each state and county in the US. It will update the map every day.   https://t.co/kGDX2PbVUj,facebook has released a map showing the proportion of people who say they have experienced coronavirus symptoms in each state and county in the us it will update the map every day
826,fake,"""CENTER FOR GLOBAL HUMAN POPULATION REDUCTION""\n💀💀💀💀💀💀💀💀💀💀💀💀💀💀💀\nTHE MISSION STATEMENT FOR THE BILL &amp; MELINDA GATES FOUNDATION\n☠☠☠☠☠☠☠☠☠☠☠☠☠☠☠\n@GATESFOUNDATION #BillGatesBioTerrorist #BillGates #BillGatesVirus #Event201 #MAGA2020 \n#COVID19 #ID2020 https://t.co/XrGqMbjPsS",center for global human population reduction n nthe mission statement for the bill melinda gates foundation n n gatesfoundation billgatesbioterrorist billgates billgatesvirus event maga n covid id
827,real,The race to preserve the first draft of coronavirus history before it disappears from the internet. https://t.co/0pzssNbN2T,the race to preserve the first draft of coronavirus history before it disappears from the internet
828,real,What if immunity to covid-19 doesn’t last? That's the big question that could determine the eventual toll of this disease. https://t.co/O6qCfbg1qR,what if immunity to covid doesn t last that s the big question that could determine the eventual toll of this disease
829,real,#AntimicrobialResistance is a component of a new @WHO and @EIB partnership to combat #COVID19 and strengthen primary healthcare. https://t.co/SveWqdpRsz,antimicrobialresistance is a component of a new who and eib partnership to combat covid and strengthen primary healthcare
830,real,🆕WHO &amp; @EIB agree to boost efforts to support countries 🌎🌍🌏 in addressing the health impact of #COVID19 &amp; build resilient health systems to fight future pandemics.\nMore details 👉 https://t.co/XPsQAuvdOt https://t.co/4AJkIj0wZS,who eib agree to boost efforts to support countries in addressing the health impact of covid build resilient health systems to fight future pandemics nmore details
831,fake,"With the extension of the Covid lockdown, and with the continuing callousness and refusal of the Modi regime to give food and cash to millions of destitute workers and farmers, deaths from hunger will far exceed deaths from Corona. It may already be happening but is not reported.",with the extension of the covid lockdown and with the continuing callousness and refusal of the modi regime to give food and cash to millions of destitute workers and farmers deaths from hunger will far exceed deaths from corona it may already be happening but is not reported
832,fake,"NEW: A photo of a canine coronavirus vaccine has some social media users doubting that there isn’t one for humans. The vaccine is legitimate, but it’s for a gastrointestinal issue in dogs and has nothing to do with COVID-19. https://t.co/eirEo79YPv",new a photo of a canine coronavirus vaccine has some social media users doubting that there isn t one for humans the vaccine is legitimate but it s for a gastrointestinal issue in dogs and has nothing to do with covid
833,real,Facebook has released a map showing the proportion of people who say they have experienced coronavirus symptoms in each state and county in the US. It will update the map every day.   https://t.co/jYJgwm5Htq,facebook has released a map showing the proportion of people who say they have experienced coronavirus symptoms in each state and county in the us it will update the map every day
834,fake,"Some good news... \n\nLittle Erin, born w/ Tetralogy of Fallot, underwent open heart surgery.\n\nDuring her recovery she fell ill with RSV (a respiratory virus that can be fatal in babies)!\n\nOn April 10 she tested positive for COVID-19...\n\nShe beat it all!\n\nhttps://t.co/d9EHMszm3r",some good news n nlittle erin born w tetralogy of fallot underwent open heart surgery n nduring her recovery she fell ill with rsv a respiratory virus that can be fatal in babies n non april she tested positive for covid n nshe beat it all n n
835,real,WHO Public Health experience &amp; @EIB financial expertise will together enhance capacity to fight #COVID19 and address other pressing health challenges more effectively 👉 https://t.co/XPsQAuvdOt,who public health experience eib financial expertise will together enhance capacity to fight covid and address other pressing health challenges more effectively
836,real,"Close WHO-@EIB collaboration🤝will scale up financing and help low &amp; middle-income countries to secure access to essential supplies 💊🩺🥼 incl. personal protective equipment, diagnostics &amp; clinical management 👉 https://t.co/XPsQAuvdOt",close who eib collaboration will scale up financing and help low middle income countries to secure access to essential supplies incl personal protective equipment diagnostics clinical management
837,real,Pleased to sign this Memorandum of Understanding with the European Investment Bank. Combining @WHO's public health experience with the @EIB's financial expertise will contribute to a more effective response to #COVID19 and other pressing health challenges. https://t.co/8QlC4HPU8d https://t.co/keifahtJSv,pleased to sign this memorandum of understanding with the european investment bank combining who s public health experience with the eib s financial expertise will contribute to a more effective response to covid and other pressing health challenges
838,real,The 1⃣ phase of new WHO-@EIB partnership will support immediate #COVID19 needs and strengthen primary health care 🏥 in vulnerable countries across Africa 🌍 https://t.co/XPsQAuvdOt,the phase of new who eib partnership will support immediate covid needs and strengthen primary health care in vulnerable countries across africa
839,real,WHO-@EIB partnership will accelerate investments 💰 &amp; address barriers 🚧 in global health. Focus includes:\n \n✅Universal Health Coverage\n✅Development of new antimicrobial treatment\n✅EU Malaria Fund for more effective treatment\n \n👉 https://t.co/XPsQAuvdOt,who eib partnership will accelerate investments address barriers in global health focus includes n n universal health coverage n development of new antimicrobial treatment n eu malaria fund for more effective treatment n n
840,fake,Don't fall for posts that say the CDC doesn't recommend healthy people wear face masks. That's old guidance — the agency now advises nearly everyone to wear a face covering in public. https://t.co/HodydtJN7y,don t fall for posts that say the cdc doesn t recommend healthy people wear face masks that s old guidance the agency now advises nearly everyone to wear a face covering in public
841,real,Facebook has released a map showing the proportion of people who say they have experienced coronavirus symptoms in each state and county in the US. It will update the map every day.   https://t.co/jYJgwmnikY,facebook has released a map showing the proportion of people who say they have experienced coronavirus symptoms in each state and county in the us it will update the map every day
842,fake,"Have employees at Walmart, Amazon, Kroger, Target and Costco been spared from COVID-19?\n\nNo. Many employees at these companies have contracted the coronavirus and, in some cases, died. https://t.co/FGf2ZJ40sk",have employees at walmart amazon kroger target and costco been spared from covid n nno many employees at these companies have contracted the coronavirus and in some cases died
843,real,"Drugs taken by millions of Americans to curb high blood pressure do not appear to increase the risk of either getting COVID-19 or having a more severe infection, according to the results of three large new studies. https://t.co/EAoDuBUa1f https://t.co/h5WzkBAjup",drugs taken by millions of americans to curb high blood pressure do not appear to increase the risk of either getting covid or having a more severe infection according to the results of three large new studies
844,fake,"BREAKING. Bill Gates has funded a new public service announcement, to be aired hourly on national television, about the dangers of those who violate COVID-19 curfew rules. https://t.co/ZHxSZQEbj7",breaking bill gates has funded a new public service announcement to be aired hourly on national television about the dangers of those who violate covid curfew rules
845,fake,BOOM found the claims made by @yogrishiramdev that holding one's breath is a test for COVID-19 and that applying mustard oil to the nostrils can kill the virus in the stomach are not supported by research. #FakeNews #BOOMFactCheck #Coronavirusfacts \nhttps://t.co/g6DniZ9icB,boom found the claims made by yogrishiramdev that holding one s breath is a test for covid and that applying mustard oil to the nostrils can kill the virus in the stomach are not supported by research fakenews boomfactcheck coronavirusfacts n
846,real,The covid-19 crisis is driving the biggest internet upgrade in years. https://t.co/bXUnRKPfZ6,the covid crisis is driving the biggest internet upgrade in years
847,real,"""The coronavirus disaster is not a discrete event ... The outcomes we’re currently coping with may appear sudden but have been designed into our health-care, political, economic, and social systems."" https://t.co/fFak9a0ddd",the coronavirus disaster is not a discrete event the outcomes we re currently coping with may appear sudden but have been designed into our health care political economic and social systems
848,real,"Once enough people get the coronavirus, it will stop spreading on its own. But the costs will be devastating. This phenomenon is known as herd immunity. https://t.co/HheAQBMjBN",once enough people get the coronavirus it will stop spreading on its own but the costs will be devastating this phenomenon is known as herd immunity
849,real,Facebook has released a map showing the proportion of people who say they have experienced coronavirus symptoms in each state and county in the US. It will update the map every day.   https://t.co/KI1h3EkDnd,facebook has released a map showing the proportion of people who say they have experienced coronavirus symptoms in each state and county in the us it will update the map every day
850,real,The finding that remdesivir helps covid-19 patients is a step towards getting us out of health and economic disasters caused by the pandemic—and hopefully more will follow. https://t.co/vZuxYXhf3t,the finding that remdesivir helps covid patients is a step towards getting us out of health and economic disasters caused by the pandemic and hopefully more will follow
851,fake,"#FakeNewsAlert \nDear @AIT_Online your news broadcast to Nigerians and your International viewers that the Lady injected as part of UK human trials for a coronavirus vaccine in the UK, microbiologist Dr Elisa Granato is Dead is FALSE! \nSourcing news from @WhatsApp is DANGEROUS. https://t.co/tEV6gSlRwy",fakenewsalert ndear ait online your news broadcast to nigerians and your international viewers that the lady injected as part of uk human trials for a coronavirus vaccine in the uk microbiologist dr elisa granato is dead is false nsourcing news from whatsapp is dangerous
852,fake,@ogundamisi @AIT_Online @WhatsApp PLS WATCH LINK TO\nDR. ELISA GRANATO debunking her death rumour. \n https://t.co/v4D5PySPWK,ogundamisi ait online whatsapp pls watch link to ndr elisa granato debunking her death rumour n
853,real,Research suggests an impaired blood clotting mechanism helps explain why some people have more severe forms of #COVID19.  https://t.co/U7VlMOtrDX,research suggests an impaired blood clotting mechanism helps explain why some people have more severe forms of covid
854,real,"It's Trump versus the experts: To hold an election during a pandemic, vote-by-mail is the option that will save lives. https://t.co/qRH2WPYl8H",it s trump versus the experts to hold an election during a pandemic vote by mail is the option that will save lives
855,real,The covid-19 crisis is driving the biggest internet upgrade in years. https://t.co/bXUnRKPfZ6,the covid crisis is driving the biggest internet upgrade in years
856,real,Why do we want covid-19 antibody testing? How is this different from the testing we already do? What are the limitations? Here are the biggest things you should know about serological testing. https://t.co/x5o4wdJcUS,why do we want covid antibody testing how is this different from the testing we already do what are the limitations here are the biggest things you should know about serological testing
857,real,"Once enough people get the coronavirus, it will stop spreading on its own. But the costs will be devastating. This phenomenon is known as herd immunity. https://t.co/HheAQBMjBN",once enough people get the coronavirus it will stop spreading on its own but the costs will be devastating this phenomenon is known as herd immunity
858,fake,BOOM found the claims made by @yogrishiramdev that holding one's breath is a test for COVID-19 and that applying mustard oil to the nostrils can kill the virus in the stomach are not supported by research. #FakeNews #BOOMFactCheck #CoronaVirusFacts\nhttps://t.co/a84cepCf53,boom found the claims made by yogrishiramdev that holding one s breath is a test for covid and that applying mustard oil to the nostrils can kill the virus in the stomach are not supported by research fakenews boomfactcheck coronavirusfacts n
859,real,"Some regions may be able to return to as much as 70% of normal mobility levels, but we need far better data and covid-19 tracking before we should try. https://t.co/KileYlLGHF",some regions may be able to return to as much as of normal mobility levels but we need far better data and covid tracking before we should try
860,real,Why the coronavirus lockdown is making the internet stronger than ever | MIT Technology Review https://t.co/HBlLUvgmvX,why the coronavirus lockdown is making the internet stronger than ever mit technology review
861,fake,Just a thought.\n\nIf vacuum cleaner bags can be used to make decent homemade face masks then why haven't the bag manufacturers been asked to make facemasks?\n\n#COVID__19 \n#Covid_19 \n#COVIDー19 \n#Corona \n#CoronaVirus\n#Covid,just a thought n nif vacuum cleaner bags can be used to make decent homemade face masks then why haven t the bag manufacturers been asked to make facemasks n n covid n covid n covid n corona n coronavirus n covid
862,real,The finding that remdesivir helps covid-19 patients is a step towards getting us out of health and economic disasters caused by the pandemic—and hopefully more will follow. https://t.co/vZuxYWZEbV,the finding that remdesivir helps covid patients is a step towards getting us out of health and economic disasters caused by the pandemic and hopefully more will follow
863,real,Facebook has released a map showing the proportion of people who say they have experienced coronavirus symptoms in each state and county in the US. It will update the map every day.   https://t.co/KI1h3EkDnd,facebook has released a map showing the proportion of people who say they have experienced coronavirus symptoms in each state and county in the us it will update the map every day
864,real,"""The coronavirus disaster is not a discrete event ... The outcomes we’re currently coping with may appear sudden but have been designed into our health-care, political, economic, and social systems."" https://t.co/fFak9a0ddd",the coronavirus disaster is not a discrete event the outcomes we re currently coping with may appear sudden but have been designed into our health care political economic and social systems
865,fake,"On Good Shepherd Sunday, #PopeFrancis said he was thinking of all the priests and doctors who gave their lives in the service of others during the #coronavirus pandemic.\n\nIn Italy alone, more than 100 priests and 154 doctors have died of COVID-19. https://t.co/W1jU7sngOM",on good shepherd sunday popefrancis said he was thinking of all the priests and doctors who gave their lives in the service of others during the coronavirus pandemic n nin italy alone more than priests and doctors have died of covid
866,real,“We have to get ourselves out of these testing bottlenecks that are hurting us right now. Antigen testing could be a powerful new tool in that goal.” https://t.co/nBEjoygi6D,we have to get ourselves out of these testing bottlenecks that are hurting us right now antigen testing could be a powerful new tool in that goal
867,fake,"It is unlike western medicine with severe side effects which could kill u, Bill Gates has so much as admitted 700 000 people will die from vaccines. If Mhlonyana does not cure or prevent Covid the downside is just expensive urine, so no harm trying it. https://t.co/sMzlo189Wg",it is unlike western medicine with severe side effects which could kill u bill gates has so much as admitted people will die from vaccines if mhlonyana does not cure or prevent covid the downside is just expensive urine so no harm trying it
868,fake,In case you’re wearing homemade masks.\n\nLearn More: https://t.co/u9C3lLXmtf\nResearch Paper: https://t.co/qdXOhRYEr3 \n\n#Coronavirus #COVID_19 #COVID19 #CoronavirusUpdates https://t.co/iOBsYGOhmf,in case you re wearing homemade masks n nlearn more nresearch paper n n coronavirus covid covid coronavirusupdates
869,real,What if immunity to covid-19 doesn’t last? That's the big question that could determine the eventual toll of this disease. https://t.co/sa32ydr5O1,what if immunity to covid doesn t last that s the big question that could determine the eventual toll of this disease
870,real,10/ Or there’s the joint initiative by Google and Apple to develop privacy-preserving contact tracing technology.\n https://t.co/hKQPpRo3Wv,or there s the joint initiative by google and apple to develop privacy preserving contact tracing technology n
871,real,The covid-19 crisis is driving the biggest internet upgrade in years. https://t.co/bXUnRKPfZ6,the covid crisis is driving the biggest internet upgrade in years
872,real,"Some regions may be able to return to as much as 70% of normal mobility levels, but we need far better data and covid-19 tracking before we should try. https://t.co/KileYlLGHF",some regions may be able to return to as much as of normal mobility levels but we need far better data and covid tracking before we should try
873,real,The finding that remdesivir helps covid-19 patients is a step towards getting us out of health and economic disasters caused by the pandemic—and hopefully more will follow. https://t.co/vZuxYWZEbV,the finding that remdesivir helps covid patients is a step towards getting us out of health and economic disasters caused by the pandemic and hopefully more will follow
874,real,Why do we want covid-19 antibody testing? How is this different from the testing we already do? What are the limitations? Here are the biggest things you should know about serological testing. https://t.co/x5o4wdJcUS,why do we want covid antibody testing how is this different from the testing we already do what are the limitations here are the biggest things you should know about serological testing
875,fake,"CDC reduces its #Coronavirus death count to 37,000. HALF what they said.\n\nSo a few things:\n\n1. #ReopenAmerica\n\n2. Hit the link &amp; see for yourself.\n\nhttps://t.co/pzKJNGqySS\n\n3. I fucking told yall so for MONTHS now.\n\n4. I accept apologies in cash app &amp; #bitcoin. \n\n#ToureToldYou",cdc reduces its coronavirus death count to half what they said n nso a few things n n reopenamerica n n hit the link see for yourself n n n n i fucking told yall so for months now n n i accept apologies in cash app bitcoin n n touretoldyou
876,real,"Once enough people get the coronavirus, it will stop spreading on its own. But the costs will be devastating. This phenomenon is known as herd immunity. https://t.co/HheAQBMjBN",once enough people get the coronavirus it will stop spreading on its own but the costs will be devastating this phenomenon is known as herd immunity
877,real,“We have to get ourselves out of these testing bottlenecks that are hurting us right now. Antigen testing could be a powerful new tool in that goal.” https://t.co/nBEjoygi6D,we have to get ourselves out of these testing bottlenecks that are hurting us right now antigen testing could be a powerful new tool in that goal
878,fake,Trump claims again Biden wrote apology that Biden denies https://t.co/4xXIFvgJRx,trump claims again biden wrote apology that biden denies
879,real,"""The coronavirus disaster is not a discrete event ... The outcomes we’re currently coping with may appear sudden but have been designed into our health-care, political, economic, and social systems."" https://t.co/fFak9a0ddd",the coronavirus disaster is not a discrete event the outcomes we re currently coping with may appear sudden but have been designed into our health care political economic and social systems
880,fake,Trump claims again Biden wrote apology that Biden denies https://t.co/fyyj9u061T,trump claims again biden wrote apology that biden denies
881,real,The race to preserve the first draft of coronavirus history before it disappears from the internet. https://t.co/k4yW5lPA9w,the race to preserve the first draft of coronavirus history before it disappears from the internet
882,real,What if immunity to covid-19 doesn’t last? That's the big question that could determine the eventual toll of this disease. https://t.co/sa32ydr5O1,what if immunity to covid doesn t last that s the big question that could determine the eventual toll of this disease
883,fake,"The Biden campaign has previously denied that Biden wrote a letter apologizing to Trump, and referred back to those denials on Sunday after Trump repeated the claim. \n\nhttps://t.co/cmXvRjqIUK",the biden campaign has previously denied that biden wrote a letter apologizing to trump and referred back to those denials on sunday after trump repeated the claim n n
884,real,Facebook has released a map showing the proportion of people who say they have experienced coronavirus symptoms in each state and county in the US. It will update the map every day.   https://t.co/KI1h3EkDnd,facebook has released a map showing the proportion of people who say they have experienced coronavirus symptoms in each state and county in the us it will update the map every day
885,real,"By completing this survey, #OSH and healthcare professionals can help @ilo and @WHO identify the most common OSH risks for health workers and the measures for their prevention in the #COVID19 crisis: https://t.co/NM4GKkHRGp https://t.co/Y7K1Aefaxk",by completing this survey osh and healthcare professionals can help ilo and who identify the most common osh risks for health workers and the measures for their prevention in the covid crisis
886,real,One Indian state is flattening the coronavirus curve through epic levels of contact tracing and social assistance. Here’s what the rest of the world can learn from this success story.  https://t.co/78inJDAigR,one indian state is flattening the coronavirus curve through epic levels of contact tracing and social assistance here s what the rest of the world can learn from this success story
887,real,The covid-19 crisis is driving the biggest internet upgrade in years. https://t.co/bXUnRKxEAw,the covid crisis is driving the biggest internet upgrade in years
888,real,The finding that remdesivir helps covid-19 patients is a step towards getting us out of health and economic disasters caused by the pandemic—and hopefully more will follow. https://t.co/vZuxYXhf3t,the finding that remdesivir helps covid patients is a step towards getting us out of health and economic disasters caused by the pandemic and hopefully more will follow
889,real,The covid-19 crisis is driving the biggest internet upgrade in years. https://t.co/moqA2DM4d1,the covid crisis is driving the biggest internet upgrade in years
890,real,One Indian state is flattening the coronavirus curve through epic levels of contact tracing and social assistance. Here’s what the rest of the world can learn from this success story.  https://t.co/L5icjB9ccV,one indian state is flattening the coronavirus curve through epic levels of contact tracing and social assistance here s what the rest of the world can learn from this success story
891,real,What if immunity to covid-19 doesn’t last? That's the big question that could determine the eventual toll of this disease. https://t.co/4lkFJk7Mb2,what if immunity to covid doesn t last that s the big question that could determine the eventual toll of this disease
892,real,"Join us for the next episode of Radio Corona this Tuesday at 3 p.m. ET. @glichfield will be talking to @vgcerf, internet pioneer and covid-19 survivor, about the future of our connected world. You won't want to miss this. https://t.co/uDkIzRC4Me https://t.co/wuOyeYg1st",join us for the next episode of radio corona this tuesday at p m et glichfield will be talking to vgcerf internet pioneer and covid survivor about the future of our connected world you won t want to miss this
893,real,"""The coronavirus disaster is not a discrete event ... The outcomes we’re currently coping with may appear sudden but have been designed into our health-care, political, economic, and social systems."" https://t.co/pDveC2n7I5",the coronavirus disaster is not a discrete event the outcomes we re currently coping with may appear sudden but have been designed into our health care political economic and social systems
894,real,"All countries must work together to recover from the #COVID19 pandemic. The @WHO-@EIB partnership will accelerate investments &amp; address barriers in global health, including Universal Health Coverage, a key target in the #GlobalGoals.\n \n👉 https://t.co/bPCMfeJeLd https://t.co/8ms0FwlQF4",all countries must work together to recover from the covid pandemic the who eib partnership will accelerate investments address barriers in global health including universal health coverage a key target in the globalgoals n n
895,real,"Drugs taken by millions of Americans to curb high blood pressure do not appear to increase the risk of either getting COVID-19 or having a more severe infection, according to the results of three large new studies. https://t.co/K5jWdsuL3M https://t.co/Sqifg7mVku",drugs taken by millions of americans to curb high blood pressure do not appear to increase the risk of either getting covid or having a more severe infection according to the results of three large new studies
896,fake,False claim: Gates Foundation has a “Center for Global Human Population Reduction” sign https://t.co/p00nIVLozL https://t.co/xmJKYV5Ub5,false claim gates foundation has a center for global human population reduction sign
897,real,"Instead of tight lockdowns, Swedish officials has taken a less aggressive approach to fighting COVID-19 than most other countries. But there are good reasons, experts say, why nearly every other country on earth has chosen a different path. What to know: https://t.co/E9SQ84JYDD https://t.co/AbeW1FgYFR",instead of tight lockdowns swedish officials has taken a less aggressive approach to fighting covid than most other countries but there are good reasons experts say why nearly every other country on earth has chosen a different path what to know
898,fake,"The White House has blocked members of its coronavirus task force from appearing before congressional lawmakers. I'm shocked, shocked I tell you! Not. Another sign we're living in a banana republic: The leader's henchmen cannot even be questioned. @COVID https://t.co/HsmWNhgoUt",the white house has blocked members of its coronavirus task force from appearing before congressional lawmakers i m shocked shocked i tell you not another sign we re living in a banana republic the leader s henchmen cannot even be questioned covid
899,real,"The WHO is attributing Kerala’s “prompt response” to its past “experience and investment” in emergency preparedness and pointed to measures such as district monitoring, risk communication and community engagement. 4/5\n\nhttps://t.co/76jPZJwGs8",the who is attributing kerala s prompt response to its past experience and investment in emergency preparedness and pointed to measures such as district monitoring risk communication and community engagement n n
900,fake,"No, white South Africans not banned from getting Covid-19 government aid | Africa Check https://t.co/pomnjrWk2A",no white south africans not banned from getting covid government aid africa check
901,fake,"The UK now has the highest coronavirus death rate in Europe, new data has revealed. Figures from the ONS confirmed more than 32,000 people in the UK have died with suspected Covid-19, which is more than Italy previously Europe’s worst-hit country\nWhy do you think this is tories?",the uk now has the highest coronavirus death rate in europe new data has revealed figures from the ons confirmed more than people in the uk have died with suspected covid which is more than italy previously europe s worst hit country nwhy do you think this is tories
902,fake,A video from Pakistan that could be traced back to at least 2015 is massively viral on social media with the false claim that Muslim women caught shopping during lockdown were trying to flee the police. #AltNewsFactCheck | @Pooja_Chaudhuri \n\nhttps://t.co/P93DsNNq6x,a video from pakistan that could be traced back to at least is massively viral on social media with the false claim that muslim women caught shopping during lockdown were trying to flee the police altnewsfactcheck pooja chaudhuri n n
903,fake,A video from Pakistan that could be traced back to at least 2015 is massively viral on social media with the false claim that Muslim women caught shopping during lockdown were trying to flee the police. #AltNewsFactCheck | @Pooja_Chaudhuri \n\nhttps://t.co/MzVX2BiclT,a video from pakistan that could be traced back to at least is massively viral on social media with the false claim that muslim women caught shopping during lockdown were trying to flee the police altnewsfactcheck pooja chaudhuri n n
904,fake,A video from Pakistan that could be traced back to at least 2015 is massively viral on social media with the false claim that Muslim women caught shopping during lockdown were trying to flee the police. #AltNewsFactCheck | @Pooja_Chaudhuri \n\nhttps://t.co/silYJPAUdm,a video from pakistan that could be traced back to at least is massively viral on social media with the false claim that muslim women caught shopping during lockdown were trying to flee the police altnewsfactcheck pooja chaudhuri n n
905,fake,Social media hate campaign against Muslims continues... An old video from Pakistan is massively viral with the false claim that Muslim women caught shopping during lockdown were trying to flee the police. #AltNewsFactCheck | @Pooja_Chaudhuri https://t.co/wtgoIJvkMY,social media hate campaign against muslims continues an old video from pakistan is massively viral with the false claim that muslim women caught shopping during lockdown were trying to flee the police altnewsfactcheck pooja chaudhuri
906,fake,Graphics shared thousands of times on social media claim to show the exact probability of COVID-19 carriers spreading the disease if they or another person wears a mask. The claim is misleading. #FakeNews #coronavirus #COVID19 #CoronaVirusFacts\n\nhttps://t.co/bzFsTCQpvk,graphics shared thousands of times on social media claim to show the exact probability of covid carriers spreading the disease if they or another person wears a mask the claim is misleading fakenews coronavirus covid coronavirusfacts n n
907,real,What if immunity to covid-19 doesn’t last? That's the big question that could determine the eventual toll of this disease. https://t.co/4lkFJk7Mb2,what if immunity to covid doesn t last that s the big question that could determine the eventual toll of this disease
908,real,"Whether California can ramp up its coronavirus testing —with all its wealth, expertise, and biomedical resources—will be a test case worth watching. https://t.co/EGSWA9LIRl",whether california can ramp up its coronavirus testing with all its wealth expertise and biomedical resources will be a test case worth watching
909,fake,"Myesha Munro spoke with Oxford academic, Dr Elisa Granato @Prokaryota - the first person to take part in the Covid-19 vaccine trial.\n#oxford #oxforduni #coronavirusvaccine \n https://t.co/RAvQazSkw3",myesha munro spoke with oxford academic dr elisa granato prokaryota the first person to take part in the covid vaccine trial n oxford oxforduni coronavirusvaccine n
910,real,"""The coronavirus disaster is not a discrete event ... The outcomes we’re currently coping with may appear sudden but have been designed into our health-care, political, economic, and social systems."" https://t.co/pDveC2n7I5",the coronavirus disaster is not a discrete event the outcomes we re currently coping with may appear sudden but have been designed into our health care political economic and social systems
911,real,One Indian state is flattening the coronavirus curve through epic levels of contact tracing and social assistance. Here’s what the rest of the world can learn from this success story.  https://t.co/oYE5Ozu7Yu,one indian state is flattening the coronavirus curve through epic levels of contact tracing and social assistance here s what the rest of the world can learn from this success story
912,real,Here's how the coronavirus works. https://t.co/gLLPeztiKB,here s how the coronavirus works
913,real,Why the #coronavirus lockdown is making the #internet stronger than ever – #MIT Technology Review\n\n@techreview \nhttps://t.co/xmiDOCAJT3\n#AI #COVID19 #IoT #DigitalTransformation\ncc @antgrasso @GlenGilmore @sallyeaves @jblefevre60 @MeghanMBiro @guzmand https://t.co/14w4rjzNFD,why the coronavirus lockdown is making the internet stronger than ever mit technology review n n techreview n n ai covid iot digitaltransformation ncc antgrasso glengilmore sallyeaves jblefevre meghanmbiro guzmand
914,real,The coronavirus pandemic has turned into a gateway for artificial intelligence adoption in health care—bringing both opportunity and risk.  https://t.co/KPvo0OOvUL,the coronavirus pandemic has turned into a gateway for artificial intelligence adoption in health care bringing both opportunity and risk
915,fake,"Meatpackers and #Covid: “They’re too afraid to seek care at a local medical facility because they are undocumented,” prez candidate @JoeBiden tells @Lulac town hall. “This is heartbreaking [and] the very definition of being counterproductive.”  https://t.co/nsUOznjk4p",meatpackers and covid they re too afraid to seek care at a local medical facility because they are undocumented prez candidate joebiden tells lulac town hall this is heartbreaking and the very definition of being counterproductive
916,real,"California’s efforts to carry out 60,000 to 80,000 tests per day and kick-start its economy could help light the path for other regions struggling to get ahead of the coronavirus outbreak—or underscore just how difficult it’s going to be. https://t.co/gyiKag7rtC",california s efforts to carry out to tests per day and kick start its economy could help light the path for other regions struggling to get ahead of the coronavirus outbreak or underscore just how difficult it s going to be
917,real,The race to preserve the first draft of coronavirus history before it disappears from the internet. https://t.co/MnlfjT5dYg,the race to preserve the first draft of coronavirus history before it disappears from the internet
918,fake,"COVID-19 lockdown risks 1.4 million extra tuberculosis deaths: study.\n\nIn 2018, TB killed around 1.5 million people, according to the @WHO, including more than 200,000 children, despite being largely treatable\n\nhttps://t.co/JOAeP6CAnx https://t.co/ZP9gOzJDWX",covid lockdown risks million extra tuberculosis deaths study n nin tb killed around million people according to the who including more than children despite being largely treatable n n
919,real,The coronavirus pandemic has turned into a gateway for artificial intelligence adoption in health care—bringing both opportunity and risk.  https://t.co/KPvo0OOvUL,the coronavirus pandemic has turned into a gateway for artificial intelligence adoption in health care bringing both opportunity and risk
920,fake,"""In the past two days alone, the hospital, Cohen Children’s Medical Center [on Long Island], has admitted five critically ill patients — ages 4 to 12 — with an unusual sickness that appears to be somehow linked to Covid-19.""\n\nhttps://t.co/nepYD04FA8",in the past two days alone the hospital cohen children s medical center on long island has admitted five critically ill patients ages to with an unusual sickness that appears to be somehow linked to covid n n
921,fake,"The testing criteria for #COVID-19 widened today. Finally, you can get a test in the community. No longer restricted to ""at risk"" or priority groups. Go through your GP. Need one of three symptoms; fever cough or shortness of breath.  #COVID19ireland #COVID19 #Coronavirusireland",the testing criteria for covid widened today finally you can get a test in the community no longer restricted to at risk or priority groups go through your gp need one of three symptoms fever cough or shortness of breath covid ireland covid coronavirusireland
922,real,What if immunity to covid-19 doesn’t last? That's the big question that could determine the eventual toll of this disease. https://t.co/KjGmHGvlqJ,what if immunity to covid doesn t last that s the big question that could determine the eventual toll of this disease
923,real,Here's how the coronavirus works. https://t.co/BHA4qjgXNZ,here s how the coronavirus works
924,real,"For some ppl, COVID-19 is just another chance to make bank. Some were in the right place at the right time, some are selling face masks named ""Special Anti Corona Virus Medicine Mask,""  and some are just scammers.\n\nMade w/ @LeaScruggs &amp; @kgbaumberger \n\nhttps://t.co/wdJCBeaLpA",for some ppl covid is just another chance to make bank some were in the right place at the right time some are selling face masks named special anti corona virus medicine mask and some are just scammers n nmade w leascruggs kgbaumberger n n
925,fake,"And in the ""cause for concern"" column:\n\n-Ventura County (CA) had a press conference discussing plans to remove people from homes with shared bathrooms\n\n-Oregon has specific COVID-19 forms for forcibly separating children from parents.",and in the cause for concern column n n ventura county ca had a press conference discussing plans to remove people from homes with shared bathrooms n n oregon has specific covid forms for forcibly separating children from parents
926,real,An action plan for #EUhealthyworkplaces in the context of #COVID19: learn what preventive measures to take for a healthy #ReturntoWork &amp; how to minimise exposure to biological agents; watch awareness-raising videos &amp; access various good practice resources: https://t.co/MJUIW8WedY https://t.co/d2TpaQTppq,an action plan for euhealthyworkplaces in the context of covid learn what preventive measures to take for a healthy returntowork how to minimise exposure to biological agents watch awareness raising videos access various good practice resources
927,real,Pandemic conspiracy theorists are using an internet loophole to keep covid hoaxes alive—even after moderators and fact-checkers delete content. https://t.co/HafHeYHgpA,pandemic conspiracy theorists are using an internet loophole to keep covid hoaxes alive even after moderators and fact checkers delete content
928,fake,"MUST READ! Research Reveals That COVID-19 Attacks Hemoglobin In Red Blood Cells, Rendering It Incapable Of Transporting Oxygen. Current Medical Protocols Could All Be Wrong! - Thailand Medical News https://t.co/je3xuCo72I",must read research reveals that covid attacks hemoglobin in red blood cells rendering it incapable of transporting oxygen current medical protocols could all be wrong thailand medical news
929,real,"To get the coronavirus pandemic under control, government officials say we’ll need brand-new technologies for testing that allow us to diagnose more people, faster. But our biomedicine editor thinks that’s a lot of eggs to put in one basket.  https://t.co/ySLvY6uxgE",to get the coronavirus pandemic under control government officials say we ll need brand new technologies for testing that allow us to diagnose more people faster but our biomedicine editor thinks that s a lot of eggs to put in one basket
930,real,Here's how the coronavirus works. https://t.co/BHA4qjgXNZ,here s how the coronavirus works
931,real,What if immunity to covid-19 doesn’t last? That's the big question that could determine the eventual toll of this disease. https://t.co/KjGmHGvlqJ,what if immunity to covid doesn t last that s the big question that could determine the eventual toll of this disease
932,fake,Name: Corona \n\nSurname: virus \n\nNickname: Covid \n\nAge: 19\n\nMother: China 🇨🇳 \n\nCurrent boyfriend: America 🇺🇸\n\nEx: Italy 🇮🇹\n\nBusiness partner: Nigeria 🇳🇬\n\nAbeg I lie 😌😌😌😌?\n\n#lockdownextension #istandwithbuhari\n183 in Lagos | Paradise | Prophet | Muhammad |,name corona n nsurname virus n nnickname covid n nage n nmother china n ncurrent boyfriend america n nex italy n nbusiness partner nigeria n nabeg i lie n n lockdownextension istandwithbuhari n in lagos paradise prophet muhammad
933,fake,THREAD - AFP’s top fact checks of the week:\n\nHoax circulates online that a “Center for Global Human Population Reduction” is affiliated with the Bill &amp; Melinda Gates Foundation.\n\nDetails: https://t.co/DtkVL2mgto\n\n#CoronavirusFacts,thread afp s top fact checks of the week n nhoax circulates online that a center for global human population reduction is affiliated with the bill melinda gates foundation n ndetails n n coronavirusfacts
934,fake,Name: Corona \n\nSurname: virus \n\nNickname: Covid \n\nAge: 19\n\nMother: China 🇨🇳 \n\nCurrent boyfriend: America 🇺🇸\n\nEx: Italy 🇮🇹\n\nBusiness partner: Kenya 🇰🇪\n Ask kagwe is it a lie😂😂\n#eastleighlockdown\n#kenyatta,name corona n nsurname virus n nnickname covid n nage n nmother china n ncurrent boyfriend america n nex italy n nbusiness partner kenya n ask kagwe is it a lie n eastleighlockdown n kenyatta
935,real,"Contrary to what you’ve heard, shutting down the country is also the quickest way to get it started back up again. https://t.co/yMbGdD1IDS",contrary to what you ve heard shutting down the country is also the quickest way to get it started back up again
936,fake,"🇮🇳 Muslims in India violate COVID-19 lockdown to pray?\n\nNo, this photo has circulated in 2018 reports about Muslims offering Ramadan prayers in north India\n\nhttps://t.co/yvQCXWdVWe https://t.co/g3QnazLTze",muslims in india violate covid lockdown to pray n nno this photo has circulated in reports about muslims offering ramadan prayers in north india n n
937,real,What if immunity to covid-19 doesn’t last? That's the big question that could determine the eventual toll of this disease. https://t.co/cahNCfAwCk,what if immunity to covid doesn t last that s the big question that could determine the eventual toll of this disease
938,real,Pandemic conspiracy theorists are using an internet loophole to keep covid hoaxes alive—even after moderators and fact-checkers delete content. https://t.co/uHXH8oo4tS,pandemic conspiracy theorists are using an internet loophole to keep covid hoaxes alive even after moderators and fact checkers delete content
939,real,The race to preserve the first draft of coronavirus history before it disappears from the internet. https://t.co/pfNjHIJpV4,the race to preserve the first draft of coronavirus history before it disappears from the internet
940,real,"Commemorating #Smallpox Eradication – a legacy of hope, for #COVID19 and other diseases 👉 https://t.co/8n4pHnLazw\n\nOn 8 May 1980, the 33rd World Health Assembly officially declared: ‘The world and all its peoples have won freedom from smallpox.'\n\nhttps://t.co/7Lh3w9JHQB",commemorating smallpox eradication a legacy of hope for covid and other diseases n non may the rd world health assembly officially declared the world and all its peoples have won freedom from smallpox n n
941,real,"#Smallpox was ended, thanks to a 10-year global effort, spearheaded by the World Health Organization, that involved thousands of #healthworkers around the world who administered half a billion vaccinations to stamp out the disease. https://t.co/8n4pHnLazw https://t.co/o5BoeLMO00",smallpox was ended thanks to a year global effort spearheaded by the world health organization that involved thousands of healthworkers around the world who administered half a billion vaccinations to stamp out the disease
942,real,The world spent US$ 300m on eradicating #smallpox. That now saves the world well over US$ 1 billion every year. https://t.co/8n4pHnLazw https://t.co/T2T0b2cdJ7,the world spent us m on eradicating smallpox that now saves the world well over us billion every year
943,real,"The world got rid of #smallpox thanks to an incredible demonstration of global solidarity, and because it had a safe and effective vaccine. Solidarity plus science equalled solution! https://t.co/8n4pHnLazw https://t.co/SD12tsMnE3",the world got rid of smallpox thanks to an incredible demonstration of global solidarity and because it had a safe and effective vaccine solidarity plus science equalled solution
944,real,"After  #smallpox was eradicated, WHO and @UNICEF launched the Expanded Programme on Immunization, which has ensured 85% of the world’s children are vaccinated and protected from debilitating diseases. https://t.co/8n4pHnLazw #VaccinesWork https://t.co/ZXsnesxiJV",after smallpox was eradicated who and unicef launched the expanded programme on immunization which has ensured of the world s children are vaccinated and protected from debilitating diseases vaccineswork
945,real,Here's how the coronavirus works. https://t.co/iYeJlTF892,here s how the coronavirus works
946,real,"""India is forcing people to use its covid app, unlike any other democracy""\n\n #AarogyaSetu is a massive all-in-one undertaking that far exceeds what most other countries are building, according to MIT Technology Review (.@techreview). .@ProfCong 1/4\n\nhttps://t.co/vVq31Uic2W",india is forcing people to use its covid app unlike any other democracy n n aarogyasetu is a massive all in one undertaking that far exceeds what most other countries are building according to mit technology review techreview profcong n n
947,real,"Contrary to what you’ve heard, shutting down the country is also the quickest way to get it started back up again. https://t.co/RTIDQaw8mk",contrary to what you ve heard shutting down the country is also the quickest way to get it started back up again
948,real,Pandemic conspiracy theorists are using an internet loophole to keep covid hoaxes alive—even after moderators and fact-checkers delete content. https://t.co/4th8TNo3F0,pandemic conspiracy theorists are using an internet loophole to keep covid hoaxes alive even after moderators and fact checkers delete content
949,real,The covid-19 crisis is driving the biggest internet upgrade in years. https://t.co/zSYE6l5lom,the covid crisis is driving the biggest internet upgrade in years
950,real,"India is forcing people to use its covid app, unlike any other democracy.\nIn past six years, India has been unlike many democracies. Period. https://t.co/uMU74FTaH0",india is forcing people to use its covid app unlike any other democracy nin past six years india has been unlike many democracies period
951,real,"Covid-19 conspiracy theorists are still getting millions of views on YouTube. After we asked YouTube for comment on three of these videos, one had been deleted, but only after it gained a million views. YouTube will limit the reach of the other two videos. https://t.co/xtBXoMTGru",covid conspiracy theorists are still getting millions of views on youtube after we asked youtube for comment on three of these videos one had been deleted but only after it gained a million views youtube will limit the reach of the other two videos
952,real,"Once enough people get the coronavirus, it will stop spreading on its own. But the costs will be devastating. This phenomenon is known as herd immunity. https://t.co/FUGOYdyDss",once enough people get the coronavirus it will stop spreading on its own but the costs will be devastating this phenomenon is known as herd immunity
953,real,Help your kids stay #HealthyAtHome by taking a 20-minute break from work &amp; doing something the kids choose – like reading - together with them\n\n📚 This new book of Sara &amp; Ario's adventure could be a good start https://t.co/E8EBarFxqU https://t.co/annf5aUdgU,help your kids stay healthyathome by taking a minute break from work doing something the kids choose like reading together with them n n this new book of sara ario s adventure could be a good start
954,real,"Scientists have detected the new coronavirus in tiny airborne particles, measuring around one-thousandth of a millimeter. Due to their size, these airborne suspensions remain in the air for longer than respiratory droplets and can travel farther. https://t.co/Y8KABkMJ82 #COVID19",scientists have detected the new coronavirus in tiny airborne particles measuring around one thousandth of a millimeter due to their size these airborne suspensions remain in the air for longer than respiratory droplets and can travel farther covid
955,real,"Opinion | Pink: ""Battling COVID-19 along with my 3-year-old son was the most physically and emotionally challenging experience I have gone through as a mother. ... But our story is not unique."" https://t.co/2ikEIMUWXT - @NBCNewsTHINK",opinion pink battling covid along with my year old son was the most physically and emotionally challenging experience i have gone through as a mother but our story is not unique nbcnewsthink
956,real,"India is forcing people to use its covid app, unlike any other democracy – MIT Technology Review https://t.co/0BCoIoEfOK",india is forcing people to use its covid app unlike any other democracy mit technology review
957,fake,"@5Agenda21 Vaccine enforcement is strictly forbidden, it cannot be mandatory.\nVaccines are in direct violation of the Nuremberg code\na violation of article 6- section 1\nhttps://t.co/91N1ZT55g7",agenda vaccine enforcement is strictly forbidden it cannot be mandatory nvaccines are in direct violation of the nuremberg code na violation of article section n
958,real,Here's how the coronavirus works. https://t.co/iYeJlTF892,here s how the coronavirus works
959,real,The race to preserve the first draft of coronavirus history before it disappears from the internet. https://t.co/SJg18xfIMi,the race to preserve the first draft of coronavirus history before it disappears from the internet
960,real,Why do we want covid-19 antibody testing? How is this different from the testing we already do? What are the limitations? Here are the biggest things you should know about serological testing. https://t.co/UZMm5HLXOr,why do we want covid antibody testing how is this different from the testing we already do what are the limitations here are the biggest things you should know about serological testing
961,real,"""The coronavirus disaster is not a discrete event ... The outcomes we’re currently coping with may appear sudden but have been designed into our health-care, political, economic, and social systems."" https://t.co/UE6lPaBOvH",the coronavirus disaster is not a discrete event the outcomes we re currently coping with may appear sudden but have been designed into our health care political economic and social systems
962,real,"Covid-19 conspiracy theorists are still getting millions of views on YouTube. After we asked YouTube for comment on three of these videos, one had been deleted, but only after it gained a million views. YouTube will limit the reach of the other two videos. https://t.co/xtBXoMTGru",covid conspiracy theorists are still getting millions of views on youtube after we asked youtube for comment on three of these videos one had been deleted but only after it gained a million views youtube will limit the reach of the other two videos
963,real,"MIT Technology Review: ""India is forcing people to use its covid app, unlike any other democracy.\nMillions have no choice but to download the country’s tracking technology if they want to keep their jobs or avoid reprisals"". Violates right to privacy https://t.co/jdICtx0XTS",mit technology review india is forcing people to use its covid app unlike any other democracy nmillions have no choice but to download the country s tracking technology if they want to keep their jobs or avoid reprisals violates right to privacy
964,real,The coronavirus pandemic has turned into a gateway for artificial intelligence adoption in health care—bringing both opportunity and risk.  https://t.co/QcsKU4tAaE,the coronavirus pandemic has turned into a gateway for artificial intelligence adoption in health care bringing both opportunity and risk
965,real,"Opinion | Pink: ""Battling COVID-19 along with my 3-year-old son was the most physically and emotionally challenging experience I have gone through as a mother. ... But our story is not unique."" https://t.co/JTvxpPWXen - @NBCNewsTHINK",opinion pink battling covid along with my year old son was the most physically and emotionally challenging experience i have gone through as a mother but our story is not unique nbcnewsthink
966,real,"Once enough people get the coronavirus, it will stop spreading on its own. But the costs will be devastating. This phenomenon is known as herd immunity. https://t.co/FUGOYdyDss",once enough people get the coronavirus it will stop spreading on its own but the costs will be devastating this phenomenon is known as herd immunity
967,real,Why do we want covid-19 antibody testing? How is this different from the testing we already do? What are the limitations? Here are the biggest things you should know about serological testing. https://t.co/UZMm5HLXOr,why do we want covid antibody testing how is this different from the testing we already do what are the limitations here are the biggest things you should know about serological testing
968,real,Here's how the coronavirus works. https://t.co/iYeJlTF892,here s how the coronavirus works
969,real,"""The coronavirus disaster is not a discrete event ... The outcomes we’re currently coping with may appear sudden but have been designed into our health-care, political, economic, and social systems."" https://t.co/UE6lPaBOvH",the coronavirus disaster is not a discrete event the outcomes we re currently coping with may appear sudden but have been designed into our health care political economic and social systems
970,real,What if immunity to covid-19 doesn’t last? That's the big question that could determine the eventual toll of this disease. https://t.co/Yy6whFwFT8,what if immunity to covid doesn t last that s the big question that could determine the eventual toll of this disease
971,real,"if you haven't seen this interview with Bet David yet, you need to watch. This interview and ""Plandemic"" have mainstream media freaking out. TRUTH wins! https://t.co/bwUsHziYXu\n\nhttps://t.co/bLHfFLkYUJ",if you haven t seen this interview with bet david yet you need to watch this interview and plandemic have mainstream media freaking out truth wins n n
972,real,Not garlic.\nNot lemons.\nNot the keto diet. https://t.co/VWVhOsDIOl,not garlic nnot lemons nnot the keto diet
973,real,"Contrary to what you’ve heard, shutting down the country is also the quickest way to get it started back up again. https://t.co/RTIDQaw8mk",contrary to what you ve heard shutting down the country is also the quickest way to get it started back up again
974,real,No test is 100% accurate. https://t.co/ucRD9Kus9q,no test is accurate
975,real,One Indian state is flattening the coronavirus curve through epic levels of contact tracing and social assistance. Here’s what the rest of the world can learn from this success story.  https://t.co/HxDjl6DjVu,one indian state is flattening the coronavirus curve through epic levels of contact tracing and social assistance here s what the rest of the world can learn from this success story
976,real,"Instead of tight lockdowns, Swedish officials have taken a less aggressive approach to fighting COVID-19 than most other countries. But there are good reasons, experts say, why nearly every other country on earth has chosen a different path. What to know: https://t.co/JUQU9DLMgU https://t.co/JG3XsSibW8",instead of tight lockdowns swedish officials have taken a less aggressive approach to fighting covid than most other countries but there are good reasons experts say why nearly every other country on earth has chosen a different path what to know
977,real,"Once enough people get the coronavirus, it will stop spreading on its own. But the costs will be devastating. This phenomenon is known as herd immunity. https://t.co/FUGOYdh23S",once enough people get the coronavirus it will stop spreading on its own but the costs will be devastating this phenomenon is known as herd immunity
978,real,Many children need extra support to cope with the changes brought on by #COVID19.\n\nA new storybook aims to help children adapt to a new &amp; rapidly changing reality due to #coronavirus. \n\nhttps://t.co/BBDyRPu8h7,many children need extra support to cope with the changes brought on by covid n na new storybook aims to help children adapt to a new rapidly changing reality due to coronavirus n n
979,real,"Covid-19 conspiracy theorists are still getting millions of views on YouTube. After we asked YouTube for comment on three of these videos, one had been deleted, but only after it gained a million views. YouTube will limit the reach of the other two videos. https://t.co/xtBXoMTGru",covid conspiracy theorists are still getting millions of views on youtube after we asked youtube for comment on three of these videos one had been deleted but only after it gained a million views youtube will limit the reach of the other two videos
980,real,The race to preserve the first draft of coronavirus history before it disappears from the internet. https://t.co/SJg18xfIMi,the race to preserve the first draft of coronavirus history before it disappears from the internet
981,fake,"Hazleton, PA, is a hot spot for COVID-19, and the Amazon warehouse there is no exception. Why has Amazon made the decision not to close and disinfect the entire facility despite at least 70 confirmed cases? https://t.co/czBiRpMf1o https://t.co/9NxHATqmtZ",hazleton pa is a hot spot for covid and the amazon warehouse there is no exception why has amazon made the decision not to close and disinfect the entire facility despite at least confirmed cases
982,real,The covid-19 crisis is driving the biggest internet upgrade in years. https://t.co/zSYE6l5lom,the covid crisis is driving the biggest internet upgrade in years
983,real,Coronavirus crisis is a test if Kejriwal know how to run a government. he will not be able to say what they have actually done for their people. Advertisement is one thing but the real picture is before everyone. - @ManojTiwariMP \n\n#KejriwalStopLyingOnCovidDeaths,coronavirus crisis is a test if kejriwal know how to run a government he will not be able to say what they have actually done for their people advertisement is one thing but the real picture is before everyone manojtiwarimp n n kejriwalstoplyingoncoviddeaths
984,real,The coronavirus pandemic has turned into a gateway for artificial intelligence adoption in health care—bringing both opportunity and risk.  https://t.co/QcsKU4tAaE,the coronavirus pandemic has turned into a gateway for artificial intelligence adoption in health care bringing both opportunity and risk
985,real,Why do we want covid-19 antibody testing? How is this different from the testing we already do? What are the limitations? Here are the biggest things you should know about serological testing. https://t.co/UZMm5HLXOr,why do we want covid antibody testing how is this different from the testing we already do what are the limitations here are the biggest things you should know about serological testing
986,real,One Indian state is flattening the coronavirus curve through epic levels of contact tracing and social assistance. Here’s what the rest of the world can learn from this success story.  https://t.co/HxDjl6DjVu,one indian state is flattening the coronavirus curve through epic levels of contact tracing and social assistance here s what the rest of the world can learn from this success story
987,real,"Contrary to what you’ve heard, shutting down the country is also the quickest way to get it started back up again. https://t.co/RTIDQaw8mk",contrary to what you ve heard shutting down the country is also the quickest way to get it started back up again
988,real,What if immunity to covid-19 doesn’t last? That's the big question that could determine the eventual toll of this disease. https://t.co/Yy6whFwFT8,what if immunity to covid doesn t last that s the big question that could determine the eventual toll of this disease
989,real,"Once enough people get the coronavirus, it will stop spreading on its own. But the costs will be devastating. This phenomenon is known as herd immunity. https://t.co/FUGOYdyDss",once enough people get the coronavirus it will stop spreading on its own but the costs will be devastating this phenomenon is known as herd immunity
990,real,Here's how the coronavirus works. https://t.co/iYeJlTF892,here s how the coronavirus works
991,real,"The folks at MIT @techreview have a useful analysis, tracker resource up on this wave of COVID surveillance, exposure apps.\n\nAfter flagging the concerns with the Aarogya Setu app, they also note India is the only democracy trying to make its app mandatory\n\nhttps://t.co/4mUkYBpTwC https://t.co/hjgWxyc2gI",the folks at mit techreview have a useful analysis tracker resource up on this wave of covid surveillance exposure apps n nafter flagging the concerns with the aarogya setu app they also note india is the only democracy trying to make its app mandatory n n
992,real,The race to preserve the first draft of coronavirus history before it disappears from the internet. https://t.co/SJg18xfIMi,the race to preserve the first draft of coronavirus history before it disappears from the internet
993,real,"Once enough people get the coronavirus, it will stop spreading on its own. But the costs will be devastating. This phenomenon is known as herd immunity. https://t.co/6gGqXlwDak",once enough people get the coronavirus it will stop spreading on its own but the costs will be devastating this phenomenon is known as herd immunity
994,real,What if immunity to covid-19 doesn’t last? That's the big question that could determine the eventual toll of this disease. https://t.co/4j0jWcla4j,what if immunity to covid doesn t last that s the big question that could determine the eventual toll of this disease
995,real,Pandemic conspiracy theorists are using an internet loophole to keep covid hoaxes alive—even after moderators and fact-checkers delete content. https://t.co/KkLwPgCu8S,pandemic conspiracy theorists are using an internet loophole to keep covid hoaxes alive even after moderators and fact checkers delete content
996,real,One Indian state is flattening the coronavirus curve through epic levels of contact tracing and social assistance. Here’s what the rest of the world can learn from this success story.  https://t.co/lRoXqP7f6o,one indian state is flattening the coronavirus curve through epic levels of contact tracing and social assistance here s what the rest of the world can learn from this success story
997,fake,"#TrumpGate\n\nWhen trump said ""people are dying that have never died before "" 🤦🏻‍♂️ https://t.co/CIbycI6pMJ",trumpgate n nwhen trump said people are dying that have never died before
998,real,Millions of Indians are being forced to download the country’s coronavirus tracking app. It’s a line no other democracy has yet crossed in the fight against covid-19. https://t.co/JM5pTjMeXs,millions of indians are being forced to download the country s coronavirus tracking app it s a line no other democracy has yet crossed in the fight against covid
999,fake,"1/ The mass closure of restaurants and slaughterhouses, aimed to slow the spread of #Covid_19, has led to a sprawling food-industry crisis. The U.S. pork industry has been hit especially hard. Hog production has fallen while exports to China rise. https://t.co/N1prsTz4aR https://t.co/kMsrYemGUq",the mass closure of restaurants and slaughterhouses aimed to slow the spread of covid has led to a sprawling food industry crisis the u s pork industry has been hit especially hard hog production has fallen while exports to china rise
1000,real,"Covid-19 conspiracy theorists are still getting millions of views on YouTube. After we asked YouTube for comment on three of these videos, one had been deleted, but only after it gained a million views. YouTube will limit the reach of the other two videos. https://t.co/0Nff48koJD",covid conspiracy theorists are still getting millions of views on youtube after we asked youtube for comment on three of these videos one had been deleted but only after it gained a million views youtube will limit the reach of the other two videos
1001,real,#AI versus #COVID19: some recent news stories...\n1) https://t.co/0ybVxRAgnb\n2) https://t.co/JVv4roIM3W\n3) https://t.co/rpky9sFMPw\n4) https://t.co/5xPZPNucE1\n5) https://t.co/ZAMZoF2mJv \n6) https://t.co/r3IxrPR0hj\n——————\n#BigData #DataScience #MachineLearning #AI4good #Data4Good https://t.co/IqMPAUcCDF,ai versus covid some recent news stories n n n n n n n n bigdata datascience machinelearning ai good data good
1002,real,"Contrary to what you’ve heard, shutting down the country is also the quickest way to get it started back up again. https://t.co/5DUqgjj2ZR",contrary to what you ve heard shutting down the country is also the quickest way to get it started back up again
1003,fake,"In various years in the early 2000s Ferguson predicted up to 136,000 deaths from mad cow disease, 200 million from bird flu and 65,000 from swine flu.\n\nThe final death toll in each case was in the hundreds: https://t.co/ldK8BYqVCx",in various years in the early s ferguson predicted up to deaths from mad cow disease million from bird flu and from swine flu n nthe final death toll in each case was in the hundreds
1004,real,"The @CDCgov has released reopening guidelines for cleaning and disinfecting public spaces, workplaces, businesses, schools and homes. Dr. Gregory Poland, a Mayo Clinic infectious diseases expert, suggests taking a practical approach to spring cleaning. https://t.co/KB4iDM9CIw https://t.co/m5vQ0nkXgS",the cdcgov has released reopening guidelines for cleaning and disinfecting public spaces workplaces businesses schools and homes dr gregory poland a mayo clinic infectious diseases expert suggests taking a practical approach to spring cleaning
1005,fake,Why did 5000+ Meat Packers test positive for the Coronavirus ......But not 5000+ Nurses or Doctors?\n🤔,why did meat packers test positive for the coronavirus but not nurses or doctors n
1006,real,Here's how the coronavirus works. https://t.co/CNeD5eevil,here s how the coronavirus works
1007,real,"""The coronavirus disaster is not a discrete event ... The outcomes we’re currently coping with may appear sudden but have been designed into our health-care, political, economic, and social systems."" https://t.co/zwKoaVAkMM",the coronavirus disaster is not a discrete event the outcomes we re currently coping with may appear sudden but have been designed into our health care political economic and social systems
1008,fake,"LET ME PUT ON MY SURPRISED FACE.🙄🙄🙄Dr. Deborah Birx, the White House #coronavirus task force response coordinator, believes some official COVID-19 statistics like death tolls may be inflated by up to 25%, a new report states.\n\n#COVID19 \nhttps://t.co/3EtadJ8WTF",let me put on my surprised face dr deborah birx the white house coronavirus task force response coordinator believes some official covid statistics like death tolls may be inflated by up to a new report states n n covid n
1009,real,What if immunity to covid-19 doesn’t last? That's the big question that could determine the eventual toll of this disease. https://t.co/4j0jWc3yFJ,what if immunity to covid doesn t last that s the big question that could determine the eventual toll of this disease
1010,fake,"Note: the pH of COVID-19 varies from 5.5-8.5\n\n To eliminate it, consume more alkaline foods above the acidity level of the virus.i.e:\nGreen lemon - 9.9 pH\nYellow Lemon - 8.2 pH\nAvocado - 15.6 pH\nGarlic - 13.2 pH\nMango - 8.7 pH\nTangerine - 8.5 pH\nPineapple - 12.7pH\nOranges - 9.2pH",note the ph of covid varies from n n to eliminate it consume more alkaline foods above the acidity level of the virus i e ngreen lemon ph nyellow lemon ph navocado ph ngarlic ph nmango ph ntangerine ph npineapple ph noranges ph
1011,real,Americans are reporting high levels of emotional distress from the coronavirus pandemic -- levels that some experts warn may lead to a national mental health crisis. https://t.co/UHmU6sxIxZ https://t.co/XYmIFpBp31,americans are reporting high levels of emotional distress from the coronavirus pandemic levels that some experts warn may lead to a national mental health crisis
1012,fake,Slay Mamas after getting Bill Gates microchip (ID2020) installed inside their bodies. 👽 https://t.co/5uSgj3fnKB,slay mamas after getting bill gates microchip id installed inside their bodies
1013,real,Millions of Indians are being forced to download the country’s coronavirus tracking app. It’s a line no other democracy has yet crossed in the fight against covid-19. https://t.co/JM5pTjMeXs,millions of indians are being forced to download the country s coronavirus tracking app it s a line no other democracy has yet crossed in the fight against covid
1014,fake,"A doctored image is being shared online accusing #BillGates of running a ""Center for Global Human Population Reduction.""\n#FakeNews #FakeNewsAlert\n\nhttps://t.co/pgrBjYqsOU",a doctored image is being shared online accusing billgates of running a center for global human population reduction n fakenews fakenewsalert n n
1015,real,One Indian state is flattening the coronavirus curve through epic levels of contact tracing and social assistance. Here’s what the rest of the world can learn from this success story.  https://t.co/lRoXqP7f6o,one indian state is flattening the coronavirus curve through epic levels of contact tracing and social assistance here s what the rest of the world can learn from this success story
1016,real,Was that cold in February really covid-19? This former lab technician assembled his own antibody tests to help people find out. https://t.co/R9aR4v6qsP,was that cold in february really covid this former lab technician assembled his own antibody tests to help people find out
1017,real,Here's how the coronavirus works. https://t.co/CNeD5dWUqN,here s how the coronavirus works
1018,real,Why do we want covid-19 antibody testing? How is this different from the testing we already do? What are the limitations? Here are the biggest things you should know about serological testing. https://t.co/eWHr4sABWj,why do we want covid antibody testing how is this different from the testing we already do what are the limitations here are the biggest things you should know about serological testing
1019,real,"Covid-19 conspiracy theorists are still getting millions of views on YouTube. After we asked YouTube for comment on three of these videos, one had been deleted, but only after it gained a million views. YouTube will limit the reach of the other two videos. https://t.co/0Nff48koJD",covid conspiracy theorists are still getting millions of views on youtube after we asked youtube for comment on three of these videos one had been deleted but only after it gained a million views youtube will limit the reach of the other two videos
1020,real,"Once enough people get the coronavirus, it will stop spreading on its own. But the costs will be devastating. This phenomenon is known as herd immunity. https://t.co/vK8RF6F3jY",once enough people get the coronavirus it will stop spreading on its own but the costs will be devastating this phenomenon is known as herd immunity
1021,real,One Indian state is flattening the coronavirus curve through epic levels of contact tracing and social assistance. Here’s what the rest of the world can learn from this success story.  https://t.co/Qy8OeyCANK,one indian state is flattening the coronavirus curve through epic levels of contact tracing and social assistance here s what the rest of the world can learn from this success story
1022,real,The coronavirus pandemic has turned into a gateway for artificial intelligence adoption in health care—bringing both opportunity and risk.  https://t.co/fmucsCEFJA,the coronavirus pandemic has turned into a gateway for artificial intelligence adoption in health care bringing both opportunity and risk
1023,real,"Contrary to what you’ve heard, shutting down the country is also the quickest way to get it started back up again. https://t.co/kKpXa4mpmQ",contrary to what you ve heard shutting down the country is also the quickest way to get it started back up again
1024,real,Millions of Indians are being forced to download the country’s coronavirus tracking app. It’s a line no other democracy has yet crossed in the fight against covid-19. https://t.co/7l8uDTiYRE,millions of indians are being forced to download the country s coronavirus tracking app it s a line no other democracy has yet crossed in the fight against covid
1025,real,What if immunity to covid-19 doesn’t last? That's the big question that could determine the eventual toll of this disease. https://t.co/ILqsaIaFxu,what if immunity to covid doesn t last that s the big question that could determine the eventual toll of this disease
1026,fake,"No, the mainstream media did not “pretend there was a deadly surge in COVID cases” after the Wisconsin election. We rate this nonsensical claim Pants on Fire. https://t.co/kyGZVoF2Ol https://t.co/PeespQqTeI",no the mainstream media did not pretend there was a deadly surge in covid cases after the wisconsin election we rate this nonsensical claim pants on fire
1027,real,Here's how the coronavirus works. https://t.co/vOF8zHCiav,here s how the coronavirus works
1028,real,"""The coronavirus disaster is not a discrete event ... The outcomes we’re currently coping with may appear sudden but have been designed into our health-care, political, economic, and social systems."" https://t.co/3lTs24Rd6U",the coronavirus disaster is not a discrete event the outcomes we re currently coping with may appear sudden but have been designed into our health care political economic and social systems
1029,fake,Dr Fauci worked for the Clinton foundation for 20 years. That’s enough for me to not trust him one bit \n\nWhat about you ?,dr fauci worked for the clinton foundation for years that s enough for me to not trust him one bit n nwhat about you
1030,real,What if immunity to covid-19 doesn’t last? That's the big question that could determine the eventual toll of this disease. https://t.co/ILqsaIaFxu,what if immunity to covid doesn t last that s the big question that could determine the eventual toll of this disease
1031,fake,"In various years in the early 2000s Ferguson predicted up to 136,000 deaths from mad cow disease, 200 million from bird flu and 65,000 from swine flu.\n\nThe final death toll in each case was in the hundreds: https://t.co/ldK8BY9kdX",in various years in the early s ferguson predicted up to deaths from mad cow disease million from bird flu and from swine flu n nthe final death toll in each case was in the hundreds
1032,real,"""The coronavirus disaster is not a discrete event ... The outcomes we’re currently coping with may appear sudden but have been designed into our health-care, political, economic, and social systems."" https://t.co/3lTs24Rd6U",the coronavirus disaster is not a discrete event the outcomes we re currently coping with may appear sudden but have been designed into our health care political economic and social systems
1033,real,"""I keep hearing that this crisis has us 'all in the same boat,' but the truth is people around the world are weathering the COVID-19 outbreak in different ways and with different means."" — Malala Fund's advocacy coordinator @ldenham22 https://t.co/3t53P0G7pB",i keep hearing that this crisis has us all in the same boat but the truth is people around the world are weathering the covid outbreak in different ways and with different means malala fund s advocacy coordinator ldenham
1034,real,"#Napofilms is here to help you get back to work after #COVID19 in a safe and healthy way! Public transport in #Ljubljana follows Napo’s #OSH advice, so make sure you do too!  https://t.co/UkILsQ08kL @mddszRS https://t.co/Y6BtdUAIoB",napofilms is here to help you get back to work after covid in a safe and healthy way public transport in ljubljana follows napo s osh advice so make sure you do too mddszrs
1035,real,"Contrary to what you’ve heard, shutting down the country is also the quickest way to get it started back up again. https://t.co/kKpXa4mpmQ",contrary to what you ve heard shutting down the country is also the quickest way to get it started back up again
1036,real,Why do we want covid-19 antibody testing? How is this different from the testing we already do? What are the limitations? Here are the biggest things you should know about serological testing. https://t.co/IIOgWgDQWO,why do we want covid antibody testing how is this different from the testing we already do what are the limitations here are the biggest things you should know about serological testing
1037,real,Here's how the coronavirus works. https://t.co/vOF8zHCiav,here s how the coronavirus works
1038,real,New 2020 World Health Statistics 📊 - an annual check-up on the 🌐’s health - published today: \nPeople are living longer and healthier lives but #COVID19 threatens to throw progress off track\n\n👉 https://t.co/7gP68zjzJx\n\n#WorldHealthData https://t.co/FjZEep3WIN,new world health statistics an annual check up on the s health published today npeople are living longer and healthier lives but covid threatens to throw progress off track n n n n worldhealthdata
1039,real,"#WorldHealthData 📊: life expectancy has increased.\nBiggest gains in low-income countries where it ↗️ 21% (11 yrs) between 2000 &amp; 2016 due to:\n⚕️Improved access to health services to prevent &amp; treat HIV, malaria &amp; TB\n🤱🏻Better maternal &amp; child healthcare\n\n👉https://t.co/7gP68zjzJx https://t.co/NE9DlwCgQB",worldhealthdata life expectancy has increased nbiggest gains in low income countries where it yrs between due to n improved access to health services to prevent treat hiv malaria tb n better maternal child healthcare n n
1040,real,Millions of Indians are being forced to download the country’s coronavirus tracking app. It’s a line no other democracy has yet crossed in the fight against covid-19. https://t.co/7l8uDTiYRE,millions of indians are being forced to download the country s coronavirus tracking app it s a line no other democracy has yet crossed in the fight against covid
1041,real,"#WorldHealthData 📊: All over the world, the #COVID19 pandemic is causing significant loss of life, disrupting livelihoods, and threatening the recent advances in health and progress towards global development goals.\n\n👉https://t.co/umXA3bZW0Z https://t.co/2qYZZKfzTZ",worldhealthdata all over the world the covid pandemic is causing significant loss of life disrupting livelihoods and threatening the recent advances in health and progress towards global development goals n n
1042,real,"Greetings @bryanadams, I too was taken in by misinformation about wet markets in China as the de facto source of COVID-19...until I saw this great piece by @theconversation, that the wonderful @snopes folks recommended, about how zoonotic diseases work! https://t.co/2YDVDYsyZQ",greetings bryanadams i too was taken in by misinformation about wet markets in china as the de facto source of covid until i saw this great piece by theconversation that the wonderful snopes folks recommended about how zoonotic diseases work
1043,real,"""Better maternal and child healthcare has led to a halving of child mortality since the year 2000. An extraordinary achievement for the 🌍""-@DrTedros #WorldHealthData \n\nhttps://t.co/umXA3bZW0Z",better maternal and child healthcare has led to a halving of child mortality since the year an extraordinary achievement for the drtedros worldhealthdata n n
1044,real,"""Furthermore, lower-income countries dramatically scaled up access to services to prevent and treat HIV, malaria and tuberculosis, as well as a number of neglected tropical diseases such as guinea worm""-@DrTedros #WorldHealthData  \n\nhttps://t.co/umXA3bZW0Z",furthermore lower income countries dramatically scaled up access to services to prevent and treat hiv malaria and tuberculosis as well as a number of neglected tropical diseases such as guinea worm drtedros worldhealthdata n n
1045,real,"""The new statistics shine a light on one of the key drivers of the #COVID19 pandemic: inequality. \n\nHow is it that in 2020, approximately 1 billion people are spending at least 10% of their household budgets on health care?""-@DrTedros #WorldHealthData \n\nhttps://t.co/umXA3bZW0Z",the new statistics shine a light on one of the key drivers of the covid pandemic inequality n nhow is it that in approximately billion people are spending at least of their household budgets on health care drtedros worldhealthdata n n
1046,real,"#WorldHealthData 📊: Overall shortage of services to prevent &amp; treat NCDs like #cancer, diabetes, 💗&amp; 🫁 disease, &amp; stroke. In 2016, 71% 🌐 deaths were attributable to #NCDs, with the majority of deaths (85%) occurring in low and middle-income countries.\n👉https://t.co/umXA3bZW0Z https://t.co/1PJXoOvkIL",worldhealthdata overall shortage of services to prevent treat ncds like cancer diabetes disease stroke in deaths were attributable to ncds with the majority of deaths occurring in low and middle income countries n
1047,real,"Contrary to what you’ve heard, shutting down the country is also the quickest way to get it started back up again. https://t.co/SBrLYdDbn6",contrary to what you ve heard shutting down the country is also the quickest way to get it started back up again
1048,real,#WorldHealthData 📊: Less than half the 🌐’s population was able to obtain essential health services in 2017. Service coverage in low- and middle-income countries remains well below coverage in wealthier ones; as do health workforce densities.\n https://t.co/umXA3bZW0Z https://t.co/KWAdnrjOWA,worldhealthdata less than half the s population was able to obtain essential health services in service coverage in low and middle income countries remains well below coverage in wealthier ones as do health workforce densities n
1049,real,"#WorldHealthData 📊: In more than 40% of all countries, there are fewer than 10 medical doctors 👩🏻‍⚕️ per 10 000 people. Over 55% of countries have fewer than 40 nursing 🧑🏻‍⚕️and midwifery 👨🏻‍⚕️ personnel per 10 000 people.\n\n👉https://t.co/umXA3bZW0Z https://t.co/YYeoSaiC1Z",worldhealthdata in more than of all countries there are fewer than medical doctors per people over of countries have fewer than nursing and midwifery personnel per people n n
1050,real,#WorldHealthData 📊: In 2020 approximately 1 billion people will be spending at least 10% of their household budgets on health care - a major financial burden. The majority of these people live in lower middle-income countries.\n\n👉 https://t.co/umXA3bZW0Z https://t.co/3zTr99TmUl,worldhealthdata in approximately billion people will be spending at least of their household budgets on health care a major financial burden the majority of these people live in lower middle income countries n n
1051,real,#WorldHealthData 📊: Globallly in 2017:\n🚻 55% of ppl. lacked access to safely-managed sanitation services\n🚰 29% of ppl. lacked safely-managed drinking water\n🧼 40% of households lacked basic handwashing facilities with soap &amp; water in their home\n\n👉 https://t.co/umXA3bZW0Z https://t.co/JDBj4WHph6,worldhealthdata globallly in n of ppl lacked access to safely managed sanitation services n of ppl lacked safely managed drinking water n of households lacked basic handwashing facilities with soap water in their home n n
1052,real,Millions of Indians are being forced to download the country’s coronavirus tracking app. It’s a line no other democracy has yet crossed in the fight against covid-19. https://t.co/4deGHS0eb8,millions of indians are being forced to download the country s coronavirus tracking app it s a line no other democracy has yet crossed in the fight against covid
1053,real,Here's how the coronavirus works. https://t.co/RG40w6iohI,here s how the coronavirus works
1054,real,"#WorldHealthData 📊: Stronger data &amp; health information systems required to:\n✅understand population health trends\n✅develop policies\n✅allocate resources\n✅prioritize interventions\n✅prepare for, prevent &amp; respond to health emergencies like #COVID19\n\n👉https://t.co/umXA3bZW0Z https://t.co/sHqFF9VX0E",worldhealthdata stronger data health information systems required to n understand population health trends n develop policies n allocate resources n prioritize interventions n prepare for prevent respond to health emergencies like covid n n
1055,fake,Tito's Vodka donates $1 million to Baylor College of Medicine for COVID-19 vaccine https://t.co/tr8CTEpgU7 https://t.co/073AZcG9SE,tito s vodka donates million to baylor college of medicine for covid vaccine
1056,real,"Contrary to what you’ve heard, shutting down the country is also the quickest way to get it started back up again. https://t.co/SBrLYdUMeE",contrary to what you ve heard shutting down the country is also the quickest way to get it started back up again
1057,fake,"False claim: H.R. 6666 bill allows strangers to enter your house, test you for COVID-19 and take family members into quarantine  | Article [AMP] | Reuters https://t.co/c28pOt9anp",false claim h r bill allows strangers to enter your house test you for covid and take family members into quarantine article amp reuters
1058,real,"""Nearly 40% of Icelanders are using a covid app—and it hasn’t helped much"" \n""...have been instances where the data was useful, but that the impact of automated tracing has been exaggerated..."" https://t.co/66MhvxJkWC HT @farsidevirtual",nearly of icelanders are using a covid app and it hasn t helped much n have been instances where the data was useful but that the impact of automated tracing has been exaggerated ht farsidevirtual
1059,real,What if immunity to covid-19 doesn’t last? That's the big question that could determine the eventual toll of this disease. https://t.co/irXyztmq9u,what if immunity to covid doesn t last that s the big question that could determine the eventual toll of this disease
1060,real,Here's how the #coronavirus works https://t.co/2AlQR66ajj\nBy @techreview \n#COVID #CoronavirusOutbreak \n@morgfair @katesandison @JudgeWren @LarsJohanL @The_News_DIVA @theresamax @iron_light @susan_blakely @AuntCole22 @nomoreslaves @BillNigh @sci_tek @BarryMotivates @GilCividanes,here s how the coronavirus works nby techreview n covid coronavirusoutbreak n morgfair katesandison judgewren larsjohanl the news diva theresamax iron light susan blakely auntcole nomoreslaves billnigh sci tek barrymotivates gilcividanes
1061,fake,"#Coronavirus updates:\n\n• 'This virus may never go away,' WHO says\n• 34.3 million people to fall into extreme poverty: UN\n• US accuses China of #COVID19 research hacking\n• Brazil becomes sixth-hardest hit country in the world https://t.co/5u5ciQCUZT https://t.co/QCtJb3uoSl",coronavirus updates n n this virus may never go away who says n million people to fall into extreme poverty un n us accuses china of covid research hacking n brazil becomes sixth hardest hit country in the world
1062,real,"This is how I see it. Could be nasty surprises, but I think it's highly likely we'll know we  have good COVID-19 vaccines by October. The issue will be to produce enough of it. Coronavirus vaccine: reasons to be optimistic https://t.co/l0MfarxX1U via @ConversationUK",this is how i see it could be nasty surprises but i think it s highly likely we ll know we have good covid vaccines by october the issue will be to produce enough of it coronavirus vaccine reasons to be optimistic via conversationuk
1063,fake,"• Russia's confirmed #coronavirus cases pass 250,000\n• Pandemic will cost global insurance sector $203bn: Lloyds\n• Finland reopens schools despite #COVID19 warnings\n\nHere's all the latest 👉https://t.co/FaYFiaGIDe https://t.co/SdcSDyahmO",russia s confirmed coronavirus cases pass n pandemic will cost global insurance sector bn lloyds n finland reopens schools despite covid warnings n nhere s all the latest
1064,fake,Video shows social distancing failure on Air India flight during #COVID19 pandemic? \n\nMisleading: This video shows a Pakistan International Airlines plane in April 2020 🇵🇰\nhttps://t.co/GqsnGamSpc,video shows social distancing failure on air india flight during covid pandemic n nmisleading this video shows a pakistan international airlines plane in april n
1065,fake,#FactCheck: Does Bill and Melinda Gates Foundation (@gatesfoundation) have a Center for Global Human Population Reduction?\nRead more:\nhttps://t.co/uOhBLlxGrj\n\n#stopfakenews\n@NOA_Nigeria @DrJoeAbah @GatesAfrica @EiENigeria @thecableng https://t.co/0xjH4Wlblq,factcheck does bill and melinda gates foundation gatesfoundation have a center for global human population reduction nread more n n n stopfakenews n noa nigeria drjoeabah gatesafrica eienigeria thecableng
1066,fake,"Coronavirus vaccine could be ready in a year under an ""optimistic"" scenario, EU agency says https://t.co/lULa71YjOI https://t.co/H2So2sfhym",coronavirus vaccine could be ready in a year under an optimistic scenario eu agency says
1067,fake,"A vaccine for the #coronavirus could be ready in a year's time under an ""optimistic"" scenario: EU agency https://t.co/tXd2HJDjZJ https://t.co/sXWghl8uUj",a vaccine for the coronavirus could be ready in a year s time under an optimistic scenario eu agency
1068,real,"People are living longer, despite the #COVID19 crisis threatening recent achievements in worldwide health. \n\nNew @WHO report also shows the impact of the #coronavirus pandemic on the achievement of the #SDGs: https://t.co/eVtEbDGMQt https://t.co/ANQn7NwNkx",people are living longer despite the covid crisis threatening recent achievements in worldwide health n nnew who report also shows the impact of the coronavirus pandemic on the achievement of the sdgs
1069,fake,"Bangladesh, UN says first coronavirus case detected in Rohingya refugee camp. All the latest updates: https://t.co/LO0AKAme27 https://t.co/64PY1KYhyY",bangladesh un says first coronavirus case detected in rohingya refugee camp all the latest updates
1070,real,23andMe is searching for genetic clues to why some get sick from covid-19 and others don't even have symptoms. https://t.co/fQFAbAJTxT,andme is searching for genetic clues to why some get sick from covid and others don t even have symptoms
1071,real,Millions of Indians are being forced to download the country’s coronavirus tracking app. It’s a line no other democracy has yet crossed in the fight against covid-19. https://t.co/e7cOru9Ia6,millions of indians are being forced to download the country s coronavirus tracking app it s a line no other democracy has yet crossed in the fight against covid
1072,real,"The US has no idea how to manage all the testing data it’s collecting. In today’s episode of Radio Corona at 4:30 p.m. ET, we explore why and how the problem might be fixed. https://t.co/hcT4PVm6Cx",the us has no idea how to manage all the testing data it s collecting in today s episode of radio corona at p m et we explore why and how the problem might be fixed
1073,fake,First #coronavirus case detected in Bangladesh Rohingya camps says UN https://t.co/fmP5wamqzM https://t.co/2o1NpP7yTj,first coronavirus case detected in bangladesh rohingya camps says un
1074,real,Here's how the coronavirus works. https://t.co/4p0E5HXEpk,here s how the coronavirus works
1075,fake,South Sudan records its first #coronavirus death https://t.co/ahCQL2ps2b https://t.co/AFOOJ90Oea,south sudan records its first coronavirus death
1076,real,"Contrary to what you’ve heard, shutting down the country is also the quickest way to get it started back up again. https://t.co/2FQg43jWtr",contrary to what you ve heard shutting down the country is also the quickest way to get it started back up again
1077,fake,"“On Mother’s Day, everyone was talking about their mother. But my mum isn’t here”.\n\nDiego Federici lost both his parents to Covid-19 - they died within a week of each other.\n\n@lindseyhilsum reports from Bergamo, Italy's coronavirus epicentre. https://t.co/GV3TpB87vb",on mother s day everyone was talking about their mother but my mum isn t here n ndiego federici lost both his parents to covid they died within a week of each other n n lindseyhilsum reports from bergamo italy s coronavirus epicentre
1078,fake,South Sudan records its first coronavirus death. All the latest updates: https://t.co/lLZsrKTzP3 https://t.co/HAP4MYsHxK,south sudan records its first coronavirus death all the latest updates
1079,fake,"Turkey's #coronavirus death toll reached 4,007, after 55 more people died in the last 24 hours https://t.co/RqL6eFrGLX https://t.co/CIofzb2P3g",turkey s coronavirus death toll reached after more people died in the last hours
1080,real,Radio Corona: The chaos of covid-19 testing data in the US https://t.co/ufkOGyromO,radio corona the chaos of covid testing data in the us
1081,real,"Just as schools and daycares in some states start to think through reopening, there is growing evidence that children may be vulnerable to a rare but serious complication triggered by COVID-19, which can include inflammation of the heart and its arteries. https://t.co/GG8Jkh3iKb https://t.co/nOJPwCvE1t",just as schools and daycares in some states start to think through reopening there is growing evidence that children may be vulnerable to a rare but serious complication triggered by covid which can include inflammation of the heart and its arteries
1082,real,.@techreview Radio Corona: The chaos of covid-19 testing data in the US https://t.co/dWnQCOfCZH,techreview radio corona the chaos of covid testing data in the us
1083,real,"Contrary to what you’ve heard, shutting down the country is also the quickest way to get it started back up again. https://t.co/2FQg432l4R",contrary to what you ve heard shutting down the country is also the quickest way to get it started back up again
1084,fake,Myth circulates online that prolonged use of face masks can cause hypercapnia 😷\nhttps://t.co/T8phgM6Gd0,myth circulates online that prolonged use of face masks can cause hypercapnia n
1085,fake,Don't fall for posts that say the CDC doesn't recommend healthy people wear face masks. That's old guidance — the agency now advises nearly everyone to wear a face covering in public. https://t.co/Hodydu1nZ6,don t fall for posts that say the cdc doesn t recommend healthy people wear face masks that s old guidance the agency now advises nearly everyone to wear a face covering in public
1086,real,"To make the #ReturnToWork easier, @EU_OSHA and @EU_Commission offers practical guidance to help employers create a proper #RiskAssessment in this changing working environment: https://t.co/f5OURxbdmo #COVID19 #StopthePandemic https://t.co/TWqHI0EyTX",to make the returntowork easier eu osha and eu commission offers practical guidance to help employers create a proper riskassessment in this changing working environment covid stopthepandemic
1087,real,23andMe is searching for genetic clues to why some get sick from covid-19 and others don't even have symptoms. https://t.co/fQFAbAJTxT,andme is searching for genetic clues to why some get sick from covid and others don t even have symptoms
1088,real,Here's how the coronavirus works. https://t.co/4p0E5HXEpk,here s how the coronavirus works
1089,real,"Contrary to what you’ve heard, shutting down the country is also the quickest way to get it started back up again. https://t.co/tkLfi05m8X",contrary to what you ve heard shutting down the country is also the quickest way to get it started back up again
1090,real,23andMe is searching for genetic clues to why some get sick from covid-19 and others don't even have symptoms. https://t.co/PShvr4HBGr,andme is searching for genetic clues to why some get sick from covid and others don t even have symptoms
1091,real,What if immunity to covid-19 doesn’t last? That's the big question that could determine the eventual toll of this disease. https://t.co/EMzJVfLHWK,what if immunity to covid doesn t last that s the big question that could determine the eventual toll of this disease
1092,fake,"""#Coronavirus Has Killed Over 41,200 People in #Iran, According to #MEK""\nBy @IranNewsUpdate1 \nWhile Iranian authorities downplay the real dimension of the coronavirus crisis, death toll of #COVIDー19 disease are daily exceeding, according to @Mojahedineng \nhttps://t.co/ww1A4bddRj",coronavirus has killed over people in iran according to mek nby irannewsupdate nwhile iranian authorities downplay the real dimension of the coronavirus crisis death toll of covid disease are daily exceeding according to mojahedineng n
1093,real,Here's how the coronavirus works. https://t.co/XAkLJGsb5O,here s how the coronavirus works
1094,fake,"The biotech crowd knows that Trump assumes his position at the podium and spews whoppers and he then has his dummies parrot his lies to the world; mean while, biotech &amp; world laughs: Trump unveils audacious plan to develop Covid-19 vaccine by end of 2020 https://t.co/SX0M97DQdh",the biotech crowd knows that trump assumes his position at the podium and spews whoppers and he then has his dummies parrot his lies to the world mean while biotech world laughs trump unveils audacious plan to develop covid vaccine by end of
1095,fake,"(39) 1st pic: me 2 months ago in a remote Egyptian COVID-19 military hospital, afraid to eat w/ my own hands. 2nd pic: me 9lbs lighter, getting an antibodies test (ironically at NYC's @MountSinaiNYC). Negative! Proof early tests were flawed. More at: https://t.co/ITYj7bL7Nl https://t.co/Aalrp5fZCC",st pic me months ago in a remote egyptian covid military hospital afraid to eat w my own hands nd pic me lbs lighter getting an antibodies test ironically at nyc s mountsinainyc negative proof early tests were flawed more at
1096,fake,It is a huge conflict of interest for the White House’s new vaccine czar to own $10 million of stock in a company receiving government funding to develop a COVID-19 vaccine. Dr. Slaoui should divest immediately. https://t.co/8IWLxVL7la,it is a huge conflict of interest for the white house s new vaccine czar to own million of stock in a company receiving government funding to develop a covid vaccine dr slaoui should divest immediately
1097,real,Why the #coronavirus lockdown is making the #Internet stronger than ever\n\nhttps://t.co/RDUvE3cntR by @strwbilly v/ @techreview\n#Covid19\nCc @DeepLearn007 @psb_dc @andi_staub @SpirosMargaris @AlaricAloor @jblefevre60 @ahier @AkwyZ,why the coronavirus lockdown is making the internet stronger than ever n n by strwbilly v techreview n covid ncc deeplearn psb dc andi staub spirosmargaris alaricaloor jblefevre ahier akwyz
1098,fake,Trump-Loving Pastor Tells Outrageous Lie: ‘Flu Vaccine Causes You to Test Positive for COVID-19’ https://t.co/IhHiyOdy7o,trump loving pastor tells outrageous lie flu vaccine causes you to test positive for covid
1099,real,The race to preserve the first draft of coronavirus history before it disappears from the internet. https://t.co/z0NW4KkSRD,the race to preserve the first draft of coronavirus history before it disappears from the internet
1100,real,"This piece reports that #AarogyaSetu has been ""whitelisted by all Indian telecom companies, so using it does not count against mobile data limits."" Can someone please confirm this? \n@reliancejio  @airtelindia @VodafoneIN  @ConnectCOAI\n\nhttps://t.co/6yI9NpETN9",this piece reports that aarogyasetu has been whitelisted by all indian telecom companies so using it does not count against mobile data limits can someone please confirm this n reliancejio airtelindia vodafonein connectcoai n n
1101,real,"Contrary to what you’ve heard, shutting down the country is also the quickest way to get it started back up again. https://t.co/tsYuZHKBoV",contrary to what you ve heard shutting down the country is also the quickest way to get it started back up again
1102,real,Millions of Indians are being forced to download the country’s coronavirus tracking app. It’s a line no other democracy has yet crossed in the fight against covid-19. https://t.co/rklB2MlY6f,millions of indians are being forced to download the country s coronavirus tracking app it s a line no other democracy has yet crossed in the fight against covid
1103,real,India is forcing people to use its covid app reports ⁦@MIT⁩ Technology Review on #AarogyaSetuApp \n“There is an infringement on human rights that is not justified...risk of initiating a tool that can be repurposed for surveillance after the pandemic” https://t.co/GqXsycfanj,india is forcing people to use its covid app reports mit technology review on aarogyasetuapp n there is an infringement on human rights that is not justified risk of initiating a tool that can be repurposed for surveillance after the pandemic
1104,real,"🔝 @WHO: There is an overall shortage of services within &amp; outside the health system to prevent and treat #NCDs such as #Cancers #Diabetes #HeartAttacks #Strokes #COPD, especially in majority of #LMIC where 85% of 15M NCD deaths between ages 30-70 occur.\nhttps://t.co/3agxFj4W2o",who there is an overall shortage of services within outside the health system to prevent and treat ncds such as cancers diabetes heartattacks strokes copd especially in majority of lmic where of m ncd deaths between ages occur n
1105,real,23andMe is searching for genetic clues to why some get sick from covid-19 and others don't even have symptoms. https://t.co/d3C5pTEgfW,andme is searching for genetic clues to why some get sick from covid and others don t even have symptoms
1106,real,Here's how the coronavirus works. https://t.co/aSmOtfFmrL,here s how the coronavirus works
1107,real,"This ⁦@BretStevensNYT⁩ column is sadly making the same false dichotomy that’s plaguing policy in DC: shutdown to stop COVID vs reopen to save economy \n\nWe should be investing in testing, treatments, and PPE so we can open safely and save the economy https://t.co/JezZveArQv",this bretstevensnyt column is sadly making the same false dichotomy that s plaguing policy in dc shutdown to stop covid vs reopen to save economy n nwe should be investing in testing treatments and ppe so we can open safely and save the economy
1108,real,Millions of Indians are being forced to download the country’s coronavirus tracking app. It’s a line no other democracy has yet crossed in the fight against covid-19. https://t.co/rklB2M4mHF,millions of indians are being forced to download the country s coronavirus tracking app it s a line no other democracy has yet crossed in the fight against covid
1109,real,One Indian state is flattening the coronavirus curve through epic levels of contact tracing and social assistance. Here’s what the rest of the world can learn from this success story.  https://t.co/UdAl7UVGZC,one indian state is flattening the coronavirus curve through epic levels of contact tracing and social assistance here s what the rest of the world can learn from this success story
1110,real,Who was asking me about mask research? This article has a lot of links https://t.co/ADiT9wVxd2,who was asking me about mask research this article has a lot of links
1111,real,"""The coronavirus disaster is not a discrete event ... The outcomes we’re currently coping with may appear sudden but have been designed into our health-care, political, economic, and social systems."" https://t.co/xReZDzGiZ0",the coronavirus disaster is not a discrete event the outcomes we re currently coping with may appear sudden but have been designed into our health care political economic and social systems
1112,real,The race to preserve the first draft of coronavirus history before it disappears from the internet. https://t.co/z0NW4KkSRD,the race to preserve the first draft of coronavirus history before it disappears from the internet
1113,real,"Contrary to what you’ve heard, shutting down the country is also the quickest way to get it started back up again. https://t.co/tsYuZHKBoV",contrary to what you ve heard shutting down the country is also the quickest way to get it started back up again
1114,real,Help your kids stay #HealthyAtHome  by taking a 20-minute break from work &amp; doing something the kids choose – like reading - together with them.\n\n📚 This new book of Sara &amp; Ario's adventure could be a good start https://t.co/E8EBarFxqU\n\nShare with us what’s your kids’ favorite! https://t.co/H9jNqEQbHc,help your kids stay healthyathome by taking a minute break from work doing something the kids choose like reading together with them n n this new book of sara ario s adventure could be a good start n nshare with us what s your kids favorite
1115,real,"Let’s grab your book 📚 &amp; watch\n@HowardDonald  reading “My Hero is You, How kids can fight #COVID19!” \n\nBooks: https://t.co/E8EBarFxqU\n\n#HealthyAtHome   #coronavirus",let s grab your book watch n howarddonald reading my hero is you how kids can fight covid n nbooks n n healthyathome coronavirus
1116,real,Here's how the coronavirus works. https://t.co/aSmOtfFmrL,here s how the coronavirus works
1117,real,23andMe is searching for genetic clues to why some get sick from covid-19 and others don't even have symptoms. https://t.co/d3C5pTEgfW,andme is searching for genetic clues to why some get sick from covid and others don t even have symptoms
1118,real,Millions of Indians are being forced to download the country’s coronavirus tracking app. It’s a line no other democracy has yet crossed in the fight against covid-19. https://t.co/rklB2MlY6f,millions of indians are being forced to download the country s coronavirus tracking app it s a line no other democracy has yet crossed in the fight against covid
1119,real,Pandemic conspiracy theorists are using an internet loophole to keep covid hoaxes alive—even after moderators and fact-checkers delete content. https://t.co/hMUYc9KRhY,pandemic conspiracy theorists are using an internet loophole to keep covid hoaxes alive even after moderators and fact checkers delete content
1120,real,Universal mask-wearing could be one of the most important tools in tackling the spread of COVID-19.\n\nhttps://t.co/5p61CMVvsf,universal mask wearing could be one of the most important tools in tackling the spread of covid n n
1121,real,"Finnish lung doctor Jere Reijula treats COVID-19 patients every day and sees how much the virus affects them.\n\nFrom first-hand experience, he explains why it is crucial to be #UnitedAgainstCoronavirus.\n\nJoin the Coronavirus #GlobalResponse → https://t.co/eDO3gbxdF3 https://t.co/9i7O6PZso8",finnish lung doctor jere reijula treats covid patients every day and sees how much the virus affects them n nfrom first hand experience he explains why it is crucial to be unitedagainstcoronavirus n njoin the coronavirus globalresponse
1122,real,One Indian state is flattening the coronavirus curve through epic levels of contact tracing and social assistance. Here’s what the rest of the world can learn from this success story.  https://t.co/UdAl7UVGZC,one indian state is flattening the coronavirus curve through epic levels of contact tracing and social assistance here s what the rest of the world can learn from this success story
1123,real,Sacramento D4CC is holding vigil outside the Yuba county jail where at least one detained immigrant is on a hunger strike to protest unsafe and unsanitary conditions. #coronavirus #FreeThemAll #DetentionIsDeadly https://t.co/npppnfi639,sacramento d cc is holding vigil outside the yuba county jail where at least one detained immigrant is on a hunger strike to protest unsafe and unsanitary conditions coronavirus freethemall detentionisdeadly
1124,real,Pandemic conspiracy theorists are using an internet loophole to keep covid hoaxes alive—even after moderators and fact-checkers delete content. https://t.co/hMUYca2sGy,pandemic conspiracy theorists are using an internet loophole to keep covid hoaxes alive even after moderators and fact checkers delete content
1125,real,"In this Special Feature, we round up the latest positive research that could bring us closer to the end of the #COVID19 pandemic. https://t.co/1QSzpxpVNw",in this special feature we round up the latest positive research that could bring us closer to the end of the covid pandemic
1126,real,23andMe is searching for genetic clues to why some get sick from covid-19 and others don't even have symptoms. https://t.co/d3C5pTEgfW,andme is searching for genetic clues to why some get sick from covid and others don t even have symptoms
1127,fake,"A necessity: Italy, France, Germany &amp; Norway+ the European commission &amp; council, called earlier this month for any innovative tools, therapeutics or vaccines to be shared equally &amp; fairly. US and UK 'lead push against global patent pool for Covid-19 drugs' https://t.co/4eI9VSQpVu",a necessity italy france germany norway the european commission council called earlier this month for any innovative tools therapeutics or vaccines to be shared equally fairly us and uk lead push against global patent pool for covid drugs
1128,real,This is what we know so far about how covid-19 affects the rest of the body \n\nhttps://t.co/se0R83j5ST,this is what we know so far about how covid affects the rest of the body n n
1129,real,Millions of Indians are being forced to download the country’s coronavirus tracking app. It’s a line no other democracy has yet crossed in the fight against covid-19. https://t.co/rklB2MlY6f,millions of indians are being forced to download the country s coronavirus tracking app it s a line no other democracy has yet crossed in the fight against covid
1130,fake,"Claim: WHO reported that no vegetarian has contracted the coronavirus. \n\nReality: WHO denied issuing the report; as of May 2020, health experts have said there is no scientific evidence to suggest that a vegetarian diet prevents infection from COVID-19\nhttps://t.co/PjUsRHqnK1",claim who reported that no vegetarian has contracted the coronavirus n nreality who denied issuing the report as of may health experts have said there is no scientific evidence to suggest that a vegetarian diet prevents infection from covid n
1131,real,"Contrary to what you’ve heard, shutting down the country is also the quickest way to get it started back up again. https://t.co/tsYuZHKBoV",contrary to what you ve heard shutting down the country is also the quickest way to get it started back up again
1132,real,Americans are reporting high levels of emotional distress from the coronavirus pandemic -- levels that some experts warn may lead to a national mental health crisis. https://t.co/sG4ZeZWH8d https://t.co/NAwwfgrN7H,americans are reporting high levels of emotional distress from the coronavirus pandemic levels that some experts warn may lead to a national mental health crisis
1133,real,Pandemic conspiracy theorists are using an internet loophole to keep covid hoaxes alive—even after moderators and fact-checkers delete content. https://t.co/hMUYca2sGy,pandemic conspiracy theorists are using an internet loophole to keep covid hoaxes alive even after moderators and fact checkers delete content
1134,real,Was that cold in February really covid-19? This former lab technician assembled his own antibody tests to help people find out. https://t.co/1jtHqCMWgS,was that cold in february really covid this former lab technician assembled his own antibody tests to help people find out
1135,fake,"No home remedies can protect against #COVID19, including vitamin C, essential oils, colloidal silver, sesame oil, garlic, fish tank cleaner, burning sage, injecting bleach, or sipping water every 15 minutes.\n\nWe debunk COVID-19 myths here: https://t.co/yqBccE474F\n\n#KnowTheFacts",no home remedies can protect against covid including vitamin c essential oils colloidal silver sesame oil garlic fish tank cleaner burning sage injecting bleach or sipping water every minutes n nwe debunk covid myths here n n knowthefacts
1136,real,Here's how the coronavirus works. https://t.co/aSmOtfFmrL,here s how the coronavirus works
1137,real,23andMe is searching for genetic clues to why some get sick from covid-19 and others don't even have symptoms. https://t.co/d3C5pTEgfW,andme is searching for genetic clues to why some get sick from covid and others don t even have symptoms
1138,real,Millions of Indians are being forced to download the country’s coronavirus tracking app. It’s a line no other democracy has yet crossed in the fight against covid-19. https://t.co/p4WQSYKUXb,millions of indians are being forced to download the country s coronavirus tracking app it s a line no other democracy has yet crossed in the fight against covid
1139,real,"From today, everyone in Wales with coronavirus symptoms can book a test.\n\nAs part of our Test, Trace, Protect strategy, we’ve joined the new UK-wide system for ordering home testing kits.\n\nMore information on how to book a test here ⬇️\n\nhttps://t.co/tVMVR17grC https://t.co/SqHWg6SHEe",from today everyone in wales with coronavirus symptoms can book a test n nas part of our test trace protect strategy we ve joined the new uk wide system for ordering home testing kits n nmore information on how to book a test here n n
1140,real,The race to preserve the first draft of coronavirus history before it disappears from the internet. https://t.co/U1CSOhCAK8,the race to preserve the first draft of coronavirus history before it disappears from the internet
1141,fake,"I tried to take today off, but then…. \n\n$MRNA issues a data-free coronavirus vaccine press release to prime the market for a $1B+ financing… \n\nAnd then Trump says he’s taking hydroxychloroquine. \n\nSo, ya… not much of a work break today.",i tried to take today off but then n n mrna issues a data free coronavirus vaccine press release to prime the market for a b financing n nand then trump says he s taking hydroxychloroquine n nso ya not much of a work break today
1142,real,"""The coronavirus disaster is not a discrete event ... The outcomes we’re currently coping with may appear sudden but have been designed into our health-care, political, economic, and social systems."" https://t.co/SSUkzjZOSh",the coronavirus disaster is not a discrete event the outcomes we re currently coping with may appear sudden but have been designed into our health care political economic and social systems
1143,fake,"Chinese people must wear face masks 'for at least another year' to fend off COVID, expert warns https://t.co/bczrzjK1Kj",chinese people must wear face masks for at least another year to fend off covid expert warns
1144,fake,"@murray_nyc @MollyJongFast @HoarseWisperer 4. Pompeo was backdooring military aid to KSA behind Congress' back and fired the IG for looking into it.\n\n5. thousands more dead and millions still out of work from Covid-19 (an evergreen, sadly)\n\n6. Barr nixxes the Obama investigation talk but bothsides it with POTUS'",murray nyc mollyjongfast hoarsewisperer pompeo was backdooring military aid to ksa behind congress back and fired the ig for looking into it n n thousands more dead and millions still out of work from covid an evergreen sadly n n barr nixxes the obama investigation talk but bothsides it with potus
1145,real,Was that cold in February really covid-19? This former lab technician assembled his own antibody tests to help people find out. https://t.co/Kmp9hrrGmP,was that cold in february really covid this former lab technician assembled his own antibody tests to help people find out
1146,fake,"New Evidence Shows Wearing Face Mask Can Help Coronavirus Enter the Brain and Pose More Health Risk, Warn Expert | Science Times - https://t.co/lYTylLs6vI",new evidence shows wearing face mask can help coronavirus enter the brain and pose more health risk warn expert science times
1147,real,Millions of Indians are being forced to download the country’s coronavirus tracking app. It’s a line no other democracy has yet crossed in the fight against covid-19. https://t.co/mro24KRtfo,millions of indians are being forced to download the country s coronavirus tracking app it s a line no other democracy has yet crossed in the fight against covid
1148,fake,Bill Gates did not say a COVID-19 vaccine his foundation is working on could kill nearly 1 million people. That's Pants on Fire. https://t.co/6bMrjSFIll https://t.co/0nmdsCCa8N,bill gates did not say a covid vaccine his foundation is working on could kill nearly million people that s pants on fire
1149,real,23andMe is searching for genetic clues to why some get sick from covid-19 and others don't even have symptoms. https://t.co/GvQwklMz0M,andme is searching for genetic clues to why some get sick from covid and others don t even have symptoms
1150,real,UVC light has a long and well-documented history of use in killing germs -- and has been shown to be effective against coronaviruses -- but its dangers and lack of regulation create roadblocks to widespread home use. https://t.co/RtkGH8lMQU https://t.co/2fcmlnHoZq,uvc light has a long and well documented history of use in killing germs and has been shown to be effective against coronaviruses but its dangers and lack of regulation create roadblocks to widespread home use
1151,real,"""The coronavirus disaster is not a discrete event ... The outcomes we’re currently coping with may appear sudden but have been designed into our health-care, political, economic, and social systems."" https://t.co/ZMfoADlUIu",the coronavirus disaster is not a discrete event the outcomes we re currently coping with may appear sudden but have been designed into our health care political economic and social systems
1152,fake,"It will be lost how adamant “serious people” were for a time about how masks didn’t work, like that viral “I am a DOCTOR and hand sanitizer will do nothing” tweet. https://t.co/uNq8UOPh0k",it will be lost how adamant serious people were for a time about how masks didn t work like that viral i am a doctor and hand sanitizer will do nothing tweet
1153,fake,No state is out of the woods. We don’t know what comes next with the coronavirus pandemic.\n\nThat’s why we need to act now to make sure November’s election isn’t a disaster on a national level.\n\nNo one should have to get sick because they wanted to vote.,no state is out of the woods we don t know what comes next with the coronavirus pandemic n nthat s why we need to act now to make sure november s election isn t a disaster on a national level n nno one should have to get sick because they wanted to vote
1154,real,The race to preserve the first draft of coronavirus history before it disappears from the internet. https://t.co/Wf3uQN61sc,the race to preserve the first draft of coronavirus history before it disappears from the internet
1155,fake,"@raj41353104 @GeetaNatha @Sunitagupta__ @krishnpria @jeetensingh @ShivshankarS @DS__Rajput @harshkkapoor @namoArunima @barotchetan99 @DJ007P More Vitamin D, Lower Risk of Severe COVID-19? https://t.co/7osa4TNn7Z \n3. Drink few times lemon, honey turmeric warm water with garlic and cinnamon (also improves immunity and cleans lungs too)",raj geetanatha sunitagupta krishnpria jeetensingh shivshankars ds rajput harshkkapoor namoarunima barotchetan dj p more vitamin d lower risk of severe covid n drink few times lemon honey turmeric warm water with garlic and cinnamon also improves immunity and cleans lungs too
1156,real,[Content from @Baidu_Inc] China is using autonomous vehicles in cities and hospitals across the country to combat Covid-19 and advance smart cities. @ApolloPlatform https://t.co/KBHuc3SSzO,content from baidu inc china is using autonomous vehicles in cities and hospitals across the country to combat covid and advance smart cities apolloplatform
1157,real,"Historic health assembly #WHA73 ends with global commitment to #COVID19 response. It calls for intensified efforts to control pandemic, equitable access to essential #health technologies to tackle #coronavirus &amp; independent evaluation of global response. https://t.co/JryPywS1HN https://t.co/DE9KRfl0tC",historic health assembly wha ends with global commitment to covid response it calls for intensified efforts to control pandemic equitable access to essential health technologies to tackle coronavirus independent evaluation of global response
1158,fake,"They’re still saying “flu kills 65k Americans every year! Stop the panic!” \n\nSure, in an unrestricted, cough in your face on crowded Metro USA, flu may kill 65k in a bad year. \n\nCOVID-19 has killed &gt; 90k Americans in a locked down, shut down, Mask-wearing USA in 3 months.",they re still saying flu kills k americans every year stop the panic n nsure in an unrestricted cough in your face on crowded metro usa flu may kill k in a bad year n ncovid has killed k americans in a locked down shut down mask wearing usa in months
1159,real,"“Let our shared humanity be the antidote to our shared threat” 💬 @DrTedros\n \nThe landmark resolution was adopted by 130 countries, all supporting a global #coronavirus response. \n \nFind out more ➡️ https://t.co/5d7c1T6zfs | #WHA73",let our shared humanity be the antidote to our shared threat drtedros n nthe landmark resolution was adopted by countries all supporting a global coronavirus response n nfind out more wha
1160,fake,"A Facebook post said “If masks prevent coronavirus, governors would have given them to prison inmates instead of releasing them.” Masks do help contain COVID-19, and CDC is recommending them for jails and prisons. https://t.co/QIXiuZQyL7",a facebook post said if masks prevent coronavirus governors would have given them to prison inmates instead of releasing them masks do help contain covid and cdc is recommending them for jails and prisons
1161,real,Pandemic conspiracy theorists are using an internet loophole to keep covid hoaxes alive—even after moderators and fact-checkers delete content. https://t.co/ODG5wpfpie,pandemic conspiracy theorists are using an internet loophole to keep covid hoaxes alive even after moderators and fact checkers delete content
1162,real,"By the end of the year, people may be able to take at-home genetic tests to spot the coronavirus. https://t.co/khNVQw9bmL",by the end of the year people may be able to take at home genetic tests to spot the coronavirus
1163,real,"On the #MayoClinic Q&amp;A podcast, Dr. Gregory Poland, an infectious diseases expert and head of Mayo Clinic’s Vaccine Research Group, covers the latest news on the #COVID19 pandemic. \nhttps://t.co/PDppqXUTHP",on the mayoclinic q a podcast dr gregory poland an infectious diseases expert and head of mayo clinic s vaccine research group covers the latest news on the covid pandemic n
1164,real,Apple and Google have released their covid tracing technology to 22 countries. This partnership means almost every smartphone worldwide will be able to detect each other and share information about potential exposure to the disease. https://t.co/2WdTqJNOvt,apple and google have released their covid tracing technology to countries this partnership means almost every smartphone worldwide will be able to detect each other and share information about potential exposure to the disease
1165,real,"Drinking alcohol will not destroy the new coronavirus. 🍺\n\nHere, we take a closer look at the relationship between #COVID19 and alcohol, debunking some of the myths, and looking at how alcohol can impact our #mentalhealth. #MentalHealthAwarenessMonth https://t.co/SVDZthwRXI",drinking alcohol will not destroy the new coronavirus n nhere we take a closer look at the relationship between covid and alcohol debunking some of the myths and looking at how alcohol can impact our mentalhealth mentalhealthawarenessmonth
1166,real,"Billions of people are potentially covered by Apple-Google's release of its covid tracing technology, but notable omissions include France and the United Kingdom. https://t.co/7MF2bZy0bM",billions of people are potentially covered by apple google s release of its covid tracing technology but notable omissions include france and the united kingdom
1167,real,"Is it just a cold, or do you have covid-19? By the end of the year, people may be able to test themselves for the coronavirus. https://t.co/revGcitQsF",is it just a cold or do you have covid by the end of the year people may be able to test themselves for the coronavirus
1168,real,Studies on macaques suggest that getting coronavirus grants you some immunity to catching it again—and that vaccines also seem to offer some protection. https://t.co/Vvrp9iiZbA,studies on macaques suggest that getting coronavirus grants you some immunity to catching it again and that vaccines also seem to offer some protection
1169,real,"By the end of the year, people may be able to take at-home genetic tests to spot the coronavirus. https://t.co/revGcitQsF",by the end of the year people may be able to take at home genetic tests to spot the coronavirus
1170,real,The coronavirus pandemic has breathed new life into a decades-old technique that can zap viruses and bacteria: ultraviolet light. What you need to know: https://t.co/whuA6ObUnt https://t.co/wsjLOdJwSR,the coronavirus pandemic has breathed new life into a decades old technique that can zap viruses and bacteria ultraviolet light what you need to know
1171,real,#ReturnToWork after #isolation: @EU_OSHA and @EU_Commission guidance provides answers on how to resume work in a safe and healthy way; now available in 25 languages: https://t.co/f5OURxbdmo #COVID19 #EUhealthyworkplaces @NicolasSchmitEU https://t.co/B4ReU5Q25H,returntowork after isolation eu osha and eu commission guidance provides answers on how to resume work in a safe and healthy way now available in languages covid euhealthyworkplaces nicolasschmiteu
1172,fake,"Had Johnson imposed lockdown just 7 days earlier, the tragic death toll in Britain would be on a par with 8,000 in Germany. \n\nTHREE QUARTERS of the Coronavirus deaths in Britain did not have to happen. \n\nIf you’re not angry, you should be.\n\n@BorisJohnson must be held to account.",had johnson imposed lockdown just days earlier the tragic death toll in britain would be on a par with in germany n nthree quarters of the coronavirus deaths in britain did not have to happen n nif you re not angry you should be n n borisjohnson must be held to account
1173,real,"Is it just a cold, or do you have covid-19? By the end of the year, people may be able to test themselves for the coronavirus. https://t.co/tIjdNVlylX",is it just a cold or do you have covid by the end of the year people may be able to test themselves for the coronavirus
1174,real,"United States, we have a [testing] problem\n https://t.co/EZcyu537Kh @Katie_Thomas\nhttps://t.co/OarYxtZu3y @msjpauly @MotherJones \nhttps://t.co/nFFsDVDytA @antonioregalado @n_vpatel @techreview \nWe can't get to massive testing w/o a home, rapid, accurate kit https://t.co/9gBSqI3GJ5",united states we have a testing problem n katie thomas n msjpauly motherjones n antonioregalado n vpatel techreview nwe can t get to massive testing w o a home rapid accurate kit
1175,real,"A study estimates that a single minute of loud speaking generates at least 1,000 covid-containing droplets, and these droplets stay airborne for longer than eight minutes, and sometimes as long as 14 minutes. https://t.co/AXipfkWCT3",a study estimates that a single minute of loud speaking generates at least covid containing droplets and these droplets stay airborne for longer than eight minutes and sometimes as long as minutes
1176,fake,"A viral social media post falsely claims Dr. Anthony Fauci is “pushing” remdesivir as a potential COVID-19 treatment drug, because he “invented” it with Bill Gates and they stand to profit from it. https://t.co/v8AMWaFxCm",a viral social media post falsely claims dr anthony fauci is pushing remdesivir as a potential covid treatment drug because he invented it with bill gates and they stand to profit from it
1177,real,@raj41353104 @GeetaNatha @Sunitagupta__ @krishnpria @jeetensingh @ShivshankarS @DS__Rajput @harshkkapoor @namoArunima @barotchetan99 @DJ007P Latest news on #WuhanVirus \nLife After COVID-19: The Road To Recovery https://t.co/bgdAY6muUw\n \n#ChinaLiedAndPeopleDied \n#ChinaMustPay \n#CongressWithChina\n#ChinaUsesNepal supported by #Naxalite n @INCIndia,raj geetanatha sunitagupta krishnpria jeetensingh shivshankars ds rajput harshkkapoor namoarunima barotchetan dj p latest news on wuhanvirus nlife after covid the road to recovery n n chinaliedandpeopledied n chinamustpay n congresswithchina n chinausesnepal supported by naxalite n incindia
1178,fake,"She is an ER doctor fighting COVID-19 in one of Italy’s hardest-hit hospitals. Her son says, ""I imagine Mom like Captain America."" Her daughter says, ""I'm scared.""\n\nA window into how the coronavirus crisis is affecting the children of health care workers: https://t.co/Xb2SKFeAt0 https://t.co/y1wgLvegvE",she is an er doctor fighting covid in one of italy s hardest hit hospitals her son says i imagine mom like captain america her daughter says i m scared n na window into how the coronavirus crisis is affecting the children of health care workers
1179,fake,@adamhousley Also note famous French virologist Luc Montagnier’s comments that it has been manipulated and has fragments of HIV in its sequence. \n\nhttps://t.co/Gx5iZz0mU9 https://t.co/dNOnZaMbBf,adamhousley also note famous french virologist luc montagnier s comments that it has been manipulated and has fragments of hiv in its sequence n n
1180,real,The coronavirus pandemic has made clear a festering problem: the US and its dominant tech industry are no longer very good at coming up with new ideas and technologies relevant to our most basic needs.  https://t.co/8u92qHbyeW,the coronavirus pandemic has made clear a festering problem the us and its dominant tech industry are no longer very good at coming up with new ideas and technologies relevant to our most basic needs
1181,real,"Due to #COVID19 outbreak, many buildings have closed or reduced its occupancy, increasing the risk of Legionnaire's disease in the process. To prevent this, check out @H_S_E guidance and protect #workers when returning after #lockdown. https://t.co/z5tffVfqEx https://t.co/InzKG27bpW",due to covid outbreak many buildings have closed or reduced its occupancy increasing the risk of legionnaire s disease in the process to prevent this check out h s e guidance and protect workers when returning after lockdown
1182,fake,.@realDonaldTrump \nNO NO NO @SpeakerPelosi  trying to shove $3.6 billion ‘vote-by-mail’ proposal into latest Coronavirus stimulus bill\n\nIf we can go to the grocery store we should be able to show up at voting booths  \n\nDemocrats are trying to cheat &amp; steal @POTUS from 2nd term https://t.co/Jj7Zx4TDSy,realdonaldtrump nno no no speakerpelosi trying to shove billion vote by mail proposal into latest coronavirus stimulus bill n nif we can go to the grocery store we should be able to show up at voting booths n ndemocrats are trying to cheat steal potus from nd term
1183,real,"Billions of people are potentially covered by Apple-Google's release of its covid tracing technology, but notable omissions include France and the United Kingdom. https://t.co/38JjGTa0b8",billions of people are potentially covered by apple google s release of its covid tracing technology but notable omissions include france and the united kingdom
1184,real,Studies on macaques suggest that getting coronavirus grants you some immunity to catching it again—and that vaccines also seem to offer some protection. https://t.co/C50JfixpVu,studies on macaques suggest that getting coronavirus grants you some immunity to catching it again and that vaccines also seem to offer some protection
1185,real,"A study estimates that a single minute of loud speaking generates at least 1,000 covid-containing droplets, and these droplets stay airborne for longer than eight minutes, and sometimes as long as 14 minutes. https://t.co/Odg7UbJzxL",a study estimates that a single minute of loud speaking generates at least covid containing droplets and these droplets stay airborne for longer than eight minutes and sometimes as long as minutes
1186,fake,PSA: Experts say your flu shot won't cause a false positive COVID-19 test. https://t.co/yZ9szpI5bN,psa experts say your flu shot won t cause a false positive covid test
1187,real,A new study suggests treatment of covid-19 with hydroxychloroquine or chloroquine was actually associated with a higher risk of death and heart ailments. https://t.co/XUXhUwMOh8,a new study suggests treatment of covid with hydroxychloroquine or chloroquine was actually associated with a higher risk of death and heart ailments
1188,real,".@WHO, @UNICEF and @gavi call for a joint effort to safely deliver routine immunization and proceed with vaccination campaigns against deadly vaccine-preventable diseases. https://t.co/HVRtsE6UOH #COVID19 #HealthForAll",who unicef and gavi call for a joint effort to safely deliver routine immunization and proceed with vaccination campaigns against deadly vaccine preventable diseases covid healthforall
1189,real,"Is it just a cold, or do you have covid-19? By the end of the year, people may be able to test themselves for the coronavirus. https://t.co/5RdRcqq0TY",is it just a cold or do you have covid by the end of the year people may be able to test themselves for the coronavirus
1190,real,"WHO, @gavi &amp; @UNICEF issue joint warning today that at least 80M children under 1 are at risk of diseases like diphtheria, measles &amp; polio, as #COVID19 disrupts routine vaccination efforts.👉 https://t.co/Q5L45E5N4V #HealthForAll https://t.co/1XZxyy4GQc",who gavi unicef issue joint warning today that at least m children under are at risk of diseases like diphtheria measles polio as covid disrupts routine vaccination efforts healthforall
1191,real,"This stark warning precedes the Global Vaccine Summit on 4 Jun 2020, at which world leaders will come together to help maintain immunization programmes &amp; mitigate the impact of #COVID19 in lower-income countries. 👉 https://t.co/Q5L45E5N4V #HealthForAll https://t.co/H6yybrs7Qc",this stark warning precedes the global vaccine summit on jun at which world leaders will come together to help maintain immunization programmes mitigate the impact of covid in lower income countries healthforall
1192,real,"According to data collected by WHO, @UNICEF, @gavi &amp; @sabinvaccine, provision of routine immunization services is substantially hindered in at least 68 countries, likely to affect approximately 80M children under the age of 1. 👉 https://t.co/Q5L45E5N4V https://t.co/U4kUQXJJ35",according to data collected by who unicef gavi sabinvaccine provision of routine immunization services is substantially hindered in at least countries likely to affect approximately m children under the age of
1193,real,"Since March 2020, routine childhood immunization services have been disrupted on a global scale. Over 50% of the 129 countries, where data were available, reported moderate-to-severe disruptions, or a total suspension of vaccination services in Mar-Apr. 👉 https://t.co/Q5L45E5N4V https://t.co/B5kwKSpY8b",since march routine childhood immunization services have been disrupted on a global scale over of the countries where data were available reported moderate to severe disruptions or a total suspension of vaccination services in mar apr
1194,real,"Is it just a cold, or do you have covid-19? By the end of the year, people may be able to test themselves for the coronavirus. https://t.co/4yKapgackN",is it just a cold or do you have covid by the end of the year people may be able to test themselves for the coronavirus
1195,real,A new study suggests treatment of covid-19 with hydroxychloroquine or chloroquine was actually associated with a higher risk of death and heart ailments. https://t.co/VqmFrxFjWh,a new study suggests treatment of covid with hydroxychloroquine or chloroquine was actually associated with a higher risk of death and heart ailments
1196,real,"HCQ ""helps the zinc get inside the infected cells to destroy the virus.” \n\nWhy would Lancet study leave Zinc out? Negligence? Or willing to harm health &amp; lives of COVID patients by depriving them of full treatment of successful protocol, just to smear HCQ. https://t.co/3BXqRKN7N9",hcq helps the zinc get inside the infected cells to destroy the virus n nwhy would lancet study leave zinc out negligence or willing to harm health lives of covid patients by depriving them of full treatment of successful protocol just to smear hcq
1197,real,Doctors are just starting to learn what recovery from COVID-19 looks like and whether it will cause long-term damage to its survivors -- both physically and mentally. https://t.co/2LTasMSXUv https://t.co/YuInnORH6F,doctors are just starting to learn what recovery from covid looks like and whether it will cause long term damage to its survivors both physically and mentally
1198,real,"Contrary to what you’ve heard, shutting down the country is also the quickest way to get it started back up again. https://t.co/5y7gghvFb2",contrary to what you ve heard shutting down the country is also the quickest way to get it started back up again
1199,real,"A study estimates that a single minute of loud speaking generates at least 1,000 covid-containing droplets, and these droplets stay airborne for longer than eight minutes, and sometimes as long as 14 minutes. https://t.co/UaHshHD82z",a study estimates that a single minute of loud speaking generates at least covid containing droplets and these droplets stay airborne for longer than eight minutes and sometimes as long as minutes
1200,real,"At least 80 million children under one at risk of diseases such as diphtheria, measles and polio as COVID-19 disrupts routine vaccination efforts, warn Gavi, WHO and UNICEF https://t.co/Qjd2Ji0aGd",at least million children under one at risk of diseases such as diphtheria measles and polio as covid disrupts routine vaccination efforts warn gavi who and unicef
1201,real,23andMe is searching for genetic clues to why some get sick from covid-19 and others don't even have symptoms. https://t.co/SBZIYUDRdX,andme is searching for genetic clues to why some get sick from covid and others don t even have symptoms
1202,real,The coronavirus pandemic has made clear a festering problem: the US and its dominant tech industry are no longer very good at coming up with new ideas and technologies relevant to our most basic needs.  https://t.co/ArPbfXshej,the coronavirus pandemic has made clear a festering problem the us and its dominant tech industry are no longer very good at coming up with new ideas and technologies relevant to our most basic needs
1203,real,Was that cold in February really covid-19? This former lab technician assembled his own antibody tests to help people find out. https://t.co/O4h20e1cRm,was that cold in february really covid this former lab technician assembled his own antibody tests to help people find out
1204,real,Pandemic conspiracy theorists are using an internet loophole to keep covid hoaxes alive—even after moderators and fact-checkers delete content. https://t.co/O163wfSqqU,pandemic conspiracy theorists are using an internet loophole to keep covid hoaxes alive even after moderators and fact checkers delete content
1205,real,"""The coronavirus disaster is not a discrete event ... The outcomes we’re currently coping with may appear sudden but have been designed into our health-care, political, economic, and social systems."" https://t.co/ISc98at3uD",the coronavirus disaster is not a discrete event the outcomes we re currently coping with may appear sudden but have been designed into our health care political economic and social systems
1206,real,The race to preserve the first draft of coronavirus history before it disappears from the internet. https://t.co/UVdPn8cDYA,the race to preserve the first draft of coronavirus history before it disappears from the internet
1207,fake,"The Centers for Disease Control (CDC), has recommended that the public and employees at the workplace wear masks at all times to prevent the spread of COVID-19.\nIf you have pictures and videos, please feel free to drop them in the comments.\n#COVID-19 \n#CoronaVirus https://t.co/gxig4H1pYW",the centers for disease control cdc has recommended that the public and employees at the workplace wear masks at all times to prevent the spread of covid nif you have pictures and videos please feel free to drop them in the comments n covid n coronavirus
1208,real,A new study suggests treatment of covid-19 with hydroxychloroquine or chloroquine was actually associated with a higher risk of death and heart ailments. https://t.co/VqmFrxFjWh,a new study suggests treatment of covid with hydroxychloroquine or chloroquine was actually associated with a higher risk of death and heart ailments
1209,real,The coronavirus pandemic has made clear a festering problem: the US and its dominant tech industry are no longer very good at coming up with new ideas and technologies relevant to our most basic needs.  https://t.co/ArPbfXshej,the coronavirus pandemic has made clear a festering problem the us and its dominant tech industry are no longer very good at coming up with new ideas and technologies relevant to our most basic needs
1210,real,"A study estimates that a single minute of loud speaking generates at least 1,000 covid-containing droplets, and these droplets stay airborne for longer than eight minutes, and sometimes as long as 14 minutes. https://t.co/UaHshHD82z",a study estimates that a single minute of loud speaking generates at least covid containing droplets and these droplets stay airborne for longer than eight minutes and sometimes as long as minutes
1211,real,Millions of Indians are being forced to download the country’s coronavirus tracking app. It’s a line no other democracy has yet crossed in the fight against covid-19. https://t.co/GYmNMLE4YN,millions of indians are being forced to download the country s coronavirus tracking app it s a line no other democracy has yet crossed in the fight against covid
1212,real,Pandemic conspiracy theorists are using an internet loophole to keep covid hoaxes alive—even after moderators and fact-checkers delete content. https://t.co/O163wfSqqU,pandemic conspiracy theorists are using an internet loophole to keep covid hoaxes alive even after moderators and fact checkers delete content
1213,real,The coronavirus pandemic has made clear a festering problem: the US and its dominant tech industry are no longer very good at coming up with new ideas and technologies relevant to our most basic needs.  https://t.co/ArPbfXshej,the coronavirus pandemic has made clear a festering problem the us and its dominant tech industry are no longer very good at coming up with new ideas and technologies relevant to our most basic needs
1214,real,"""The coronavirus disaster is not a discrete event ... The outcomes we’re currently coping with may appear sudden but have been designed into our health-care, political, economic, and social systems."" https://t.co/ISc98at3uD",the coronavirus disaster is not a discrete event the outcomes we re currently coping with may appear sudden but have been designed into our health care political economic and social systems
1215,real,A new study suggests treatment of covid-19 with hydroxychloroquine or chloroquine was actually associated with a higher risk of death and heart ailments. https://t.co/VqmFrxFjWh,a new study suggests treatment of covid with hydroxychloroquine or chloroquine was actually associated with a higher risk of death and heart ailments
1216,real,"IMPORTANT: #Vaccination globally experiencing worst disruption since 70s by #COVID19 #pandemic: 53% of 129 countries reported mod-to-sev disruptions, or a total suspension of vaccine programs ➡️ 80 mil kids &lt;1 at risk of polio, measles, diphtheria, etc. https://t.co/UgnGEvpgC7",important vaccination globally experiencing worst disruption since s by covid pandemic of countries reported mod to sev disruptions or a total suspension of vaccine programs mil kids at risk of polio measles diphtheria etc
1217,real,Why simply waiting for herd immunity to covid-19 isn’t an option https://t.co/VJsSxvEe39,why simply waiting for herd immunity to covid isn t an option
1218,real,One Indian state is flattening the coronavirus curve through epic levels of contact tracing and social assistance. Here’s what the rest of the world can learn from this success story.  https://t.co/8jV1fIhOx6,one indian state is flattening the coronavirus curve through epic levels of contact tracing and social assistance here s what the rest of the world can learn from this success story
1219,fake,A new Yahoo/YouGov poll says half of Fox viewers believe Bill Gates is developing a COVID vaccine that includes microchips so the government can track your movements. HALF.,a new yahoo yougov poll says half of fox viewers believe bill gates is developing a covid vaccine that includes microchips so the government can track your movements half
1220,real,Pandemic conspiracy theorists are using an internet loophole to keep covid hoaxes alive—even after moderators and fact-checkers delete content. https://t.co/O163wfSqqU,pandemic conspiracy theorists are using an internet loophole to keep covid hoaxes alive even after moderators and fact checkers delete content
1221,real,"A study estimates that a single minute of loud speaking generates at least 1,000 covid-containing droplets, and these droplets stay airborne for longer than eight minutes, and sometimes as long as 14 minutes. https://t.co/UaHshHD82z",a study estimates that a single minute of loud speaking generates at least covid containing droplets and these droplets stay airborne for longer than eight minutes and sometimes as long as minutes
1222,real,23andMe is searching for genetic clues to why some get sick from covid-19 and others don't even have symptoms. https://t.co/SBZIYUmfPn,andme is searching for genetic clues to why some get sick from covid and others don t even have symptoms
1223,real,"Contrary to what you’ve heard, shutting down the country is also the quickest way to get it started back up again. https://t.co/5y7gghvFb2",contrary to what you ve heard shutting down the country is also the quickest way to get it started back up again
1224,real,The coronavirus pandemic has made clear a festering problem: the US and its dominant tech industry are no longer very good at coming up with new ideas and technologies relevant to our most basic needs.  https://t.co/ArPbfXshej,the coronavirus pandemic has made clear a festering problem the us and its dominant tech industry are no longer very good at coming up with new ideas and technologies relevant to our most basic needs
1225,real,The race to preserve the first draft of coronavirus history before it disappears from the internet. https://t.co/UVdPn8cDYA,the race to preserve the first draft of coronavirus history before it disappears from the internet
1226,fake,Business Insider: Study finds over 40% of Republicans think Bill Gates will use a COVID-19 vaccine to implant a location-tracking microchip in recipients.\nhttps://t.co/AkmpJ1RWC6\n\nThe US as a society is deteriorating fast. Begining of the end.,business insider study finds over of republicans think bill gates will use a covid vaccine to implant a location tracking microchip in recipients n n nthe us as a society is deteriorating fast begining of the end
1227,real,One Indian state is flattening the coronavirus curve through epic levels of contact tracing and social assistance. Here’s what the rest of the world can learn from this success story.  https://t.co/8jV1fIhOx6,one indian state is flattening the coronavirus curve through epic levels of contact tracing and social assistance here s what the rest of the world can learn from this success story
1228,real,23andMe is searching for genetic clues to why some get sick from covid-19 and others don't even have symptoms. https://t.co/SBZIYUDRdX,andme is searching for genetic clues to why some get sick from covid and others don t even have symptoms
1229,real,A new study suggests treatment of covid-19 with hydroxychloroquine or chloroquine was actually associated with a higher risk of death and heart ailments. https://t.co/VqmFrxFjWh,a new study suggests treatment of covid with hydroxychloroquine or chloroquine was actually associated with a higher risk of death and heart ailments
1230,real,Why simply waiting for herd immunity to covid-19 isn’t an option https://t.co/VJsSxvEe39,why simply waiting for herd immunity to covid isn t an option
1231,real,Millions of Indians are being forced to download the country’s coronavirus tracking app. It’s a line no other democracy has yet crossed in the fight against covid-19. https://t.co/GYmNMLE4YN,millions of indians are being forced to download the country s coronavirus tracking app it s a line no other democracy has yet crossed in the fight against covid
1232,real,The coronavirus pandemic has made clear a festering problem: the US and its dominant tech industry are no longer very good at coming up with new ideas and technologies relevant to our most basic needs.  https://t.co/ArPbfXshej,the coronavirus pandemic has made clear a festering problem the us and its dominant tech industry are no longer very good at coming up with new ideas and technologies relevant to our most basic needs
1233,real,"A study estimates that a single minute of loud speaking generates at least 1,000 covid-containing droplets, and these droplets stay airborne for longer than eight minutes, and sometimes as long as 14 minutes. https://t.co/UaHshHD82z",a study estimates that a single minute of loud speaking generates at least covid containing droplets and these droplets stay airborne for longer than eight minutes and sometimes as long as minutes
1234,real,"""The coronavirus disaster is not a discrete event ... The outcomes we’re currently coping with may appear sudden but have been designed into our health-care, political, economic, and social systems."" https://t.co/ISc98at3uD",the coronavirus disaster is not a discrete event the outcomes we re currently coping with may appear sudden but have been designed into our health care political economic and social systems
1235,fake,"53,000 #Covid cases in #Maharashtra; 17,000 in Tamil Nadu;  14,000 in #Gujarat &amp; #Delhi; 7,000 in #Rajasthan, MP &amp; UP, but it seems #Kashmir’s #Coronavirus crisis with 800 active cases &amp; 23 deaths is at par with the #US or #Italy where thousands died. Such are the restrictions.",covid cases in maharashtra in tamil nadu in gujarat delhi in rajasthan mp up but it seems kashmir s coronavirus crisis with active cases deaths is at par with the us or italy where thousands died such are the restrictions
1236,real,"Contrary to what you’ve heard, shutting down the country is also the quickest way to get it started back up again. https://t.co/5y7gghvFb2",contrary to what you ve heard shutting down the country is also the quickest way to get it started back up again
1237,fake,"Candid comments from Trump like these, from early 2019, well before Covid-19 even existed, show how the new US cold war on China has been building for some time. Washington has just exploited the coronavirus to ratchet up its aggression to the next level\nhttps://t.co/x6FdDElf5A https://t.co/3L3NLGyhjh",candid comments from trump like these from early well before covid even existed show how the new us cold war on china has been building for some time washington has just exploited the coronavirus to ratchet up its aggression to the next level n
1238,real,The race to preserve the first draft of coronavirus history before it disappears from the internet. https://t.co/UVdPn8cDYA,the race to preserve the first draft of coronavirus history before it disappears from the internet
1239,real,"New reports suggest that in rare cases, children with COVID-19 can have a collection of symptoms that share features of toxic shock syndrome and Kawasaki disease. https://t.co/bdaqL5SPEN https://t.co/2Ski9EsEx8",new reports suggest that in rare cases children with covid can have a collection of symptoms that share features of toxic shock syndrome and kawasaki disease
1240,fake,"She is an ER doctor fighting COVID-19 in one of Italy’s hardest-hit hospitals. Her son says, ""I imagine Mom like Captain America."" Her daughter says, ""I'm scared.""\n\nA window into how the coronavirus crisis is affecting the children of health care workers: https://t.co/Xb2SKEWZBs https://t.co/S1bGeTwS8m",she is an er doctor fighting covid in one of italy s hardest hit hospitals her son says i imagine mom like captain america her daughter says i m scared n na window into how the coronavirus crisis is affecting the children of health care workers
1241,real,23andMe is searching for genetic clues to why some get sick from covid-19 and others don't even have symptoms. https://t.co/SBZIYUDRdX,andme is searching for genetic clues to why some get sick from covid and others don t even have symptoms
1242,real,A new study suggests treatment of covid-19 with hydroxychloroquine or chloroquine was actually associated with a higher risk of death and heart ailments. https://t.co/VqmFrxFjWh,a new study suggests treatment of covid with hydroxychloroquine or chloroquine was actually associated with a higher risk of death and heart ailments
1243,real,"A study estimates that a single minute of loud speaking generates at least 1,000 covid-containing droplets, and these droplets stay airborne for longer than eight minutes, and sometimes as long as 14 minutes. https://t.co/UaHshHD82z",a study estimates that a single minute of loud speaking generates at least covid containing droplets and these droplets stay airborne for longer than eight minutes and sometimes as long as minutes
1244,real,One Indian state is flattening the coronavirus curve through epic levels of contact tracing and social assistance. Here’s what the rest of the world can learn from this success story.  https://t.co/8jV1fIhOx6,one indian state is flattening the coronavirus curve through epic levels of contact tracing and social assistance here s what the rest of the world can learn from this success story
1245,real,Learn how to minimise exposure to #COVID19 at your #workplace by following and implementing our safe #OSH practical guidance. Download it in your language: https://t.co/f5OURxbdmo  #EUhealthyworkplaces #StopthePandemic @EU_Commission https://t.co/yeuRG0DiHW,learn how to minimise exposure to covid at your workplace by following and implementing our safe osh practical guidance download it in your language euhealthyworkplaces stopthepandemic eu commission
1246,real,Here's how the coronavirus works. https://t.co/Sxs2vfTii0,here s how the coronavirus works
1247,real,"Contrary to what you’ve heard, shutting down the country is also the quickest way to get it started back up again. https://t.co/5y7gghvFb2",contrary to what you ve heard shutting down the country is also the quickest way to get it started back up again
1248,real,Pandemic conspiracy theorists are using an internet loophole to keep covid hoaxes alive—even after moderators and fact-checkers delete content. https://t.co/O163wfSqqU,pandemic conspiracy theorists are using an internet loophole to keep covid hoaxes alive even after moderators and fact checkers delete content
1249,real,Why simply waiting for herd immunity to covid-19 isn’t an option https://t.co/VJsSxvEe39,why simply waiting for herd immunity to covid isn t an option
1250,fake,"First the health secretary says don't go to hospitals or clinics, now the tourism secretary says don't recreate. What next, the education governor saying no school this fall? https://t.co/shBzHnMrh0",first the health secretary says don t go to hospitals or clinics now the tourism secretary says don t recreate what next the education governor saying no school this fall
1251,real,Vaccine trials -- a limiting factor will be the wait  for enough infections in volunteers. Need infections to tell a difference between placebo and vaccine groups. \n\nhttps://t.co/UjxkLpgmmL,vaccine trials a limiting factor will be the wait for enough infections in volunteers need infections to tell a difference between placebo and vaccine groups n n
1252,real,Mandatory contract tracing app in India to work or travel.  https://t.co/PnzJXTDhYI,mandatory contract tracing app in india to work or travel
1253,fake,"No, getting a flu vaccine does not increase your risk of testing positive for COVID-19. https://t.co/1JcbQ6WLpS https://t.co/H6cEwNRlAJ",no getting a flu vaccine does not increase your risk of testing positive for covid
1254,real,The coronavirus pandemic has made clear a festering problem: the US and its dominant tech industry are no longer very good at coming up with new ideas and technologies relevant to our most basic needs.  https://t.co/H2n3my3nff,the coronavirus pandemic has made clear a festering problem the us and its dominant tech industry are no longer very good at coming up with new ideas and technologies relevant to our most basic needs
1255,real,"A study estimates that a single minute of loud speaking generates at least 1,000 covid-containing droplets, and these droplets stay airborne for longer than eight minutes, and sometimes as long as 14 minutes. https://t.co/vDmtJJSptP",a study estimates that a single minute of loud speaking generates at least covid containing droplets and these droplets stay airborne for longer than eight minutes and sometimes as long as minutes
1256,real,"A study estimates that a single minute of loud speaking generates at least 1,000 covid-containing droplets, and these droplets stay airborne for longer than eight minutes, and sometimes as long as 14 minutes. https://t.co/kcgnLqF055",a study estimates that a single minute of loud speaking generates at least covid containing droplets and these droplets stay airborne for longer than eight minutes and sometimes as long as minutes
1257,real,"""The coronavirus disaster is not a discrete event ... The outcomes we’re currently coping with may appear sudden but have been designed into our health-care, political, economic, and social systems."" https://t.co/NBKcRjtf9n",the coronavirus disaster is not a discrete event the outcomes we re currently coping with may appear sudden but have been designed into our health care political economic and social systems
1258,real,"Successful efforts to suppress covid-19 could make it harder to test a vaccine. That’s because researchers will have to wait for people in the study to get accidentally infected with the virus, and then check how often those given the vaccine get sick. https://t.co/e965pn519s",successful efforts to suppress covid could make it harder to test a vaccine that s because researchers will have to wait for people in the study to get accidentally infected with the virus and then check how often those given the vaccine get sick
1259,fake,🇳🇿 Misleading claim circulates about coronavirus contact tracing app in New Zealand https://t.co/USOkLaOnyY\n\n#CoronavirusFacts,misleading claim circulates about coronavirus contact tracing app in new zealand n n coronavirusfacts
1260,real,"@EU_OSHA offers resources to make #ReturnToWork after #COVID19 easier for all workers. #OiRAtools, #OSHwiki's and #napofilms are a few examples. Check the article published by @Parlimag from our Executive Director and learn more: https://t.co/VDWZz9QbA8 #StopthePandemic https://t.co/7dEuoRYCQe",eu osha offers resources to make returntowork after covid easier for all workers oiratools oshwiki s and napofilms are a few examples check the article published by parlimag from our executive director and learn more stopthepandemic
1261,fake,"According to the CDC, so far this year, Florida has had 1,762 deaths from #COVID and 5,185 from pneumonia.\n\nAverage pneumonia deaths in Florida from 2013-2018 for the same time period are 918.\n\nProbably just a coincidence, yeah?",according to the cdc so far this year florida has had deaths from covid and from pneumonia n naverage pneumonia deaths in florida from for the same time period are n nprobably just a coincidence yeah
1262,real,"A study estimates that a single minute of loud speaking generates at least 1,000 covid-containing droplets, and these droplets stay airborne for longer than eight minutes, and sometimes as long as 14 minutes. https://t.co/vDmtJJSptP",a study estimates that a single minute of loud speaking generates at least covid containing droplets and these droplets stay airborne for longer than eight minutes and sometimes as long as minutes
1263,real,"Doctors are getting a more detailed look at some of the unexpected ways covid-19 hits the human body beyond the nasal cavity, throat, and lungs. https://t.co/9cFeYEpL03",doctors are getting a more detailed look at some of the unexpected ways covid hits the human body beyond the nasal cavity throat and lungs
1264,real,"A study estimates that a single minute of loud speaking generates at least 1,000 covid-containing droplets, and these droplets stay airborne for longer than eight minutes, and sometimes as long as 14 minutes. https://t.co/kcgnLqF055",a study estimates that a single minute of loud speaking generates at least covid containing droplets and these droplets stay airborne for longer than eight minutes and sometimes as long as minutes
1265,real,Why simply waiting for herd immunity to covid-19 isn’t an option https://t.co/tC7u5sL0Mm,why simply waiting for herd immunity to covid isn t an option
1266,real,The coronavirus pandemic has made clear a festering problem: the US and its dominant tech industry are no longer very good at coming up with new ideas and technologies relevant to our most basic needs.  https://t.co/H2n3my3nff,the coronavirus pandemic has made clear a festering problem the us and its dominant tech industry are no longer very good at coming up with new ideas and technologies relevant to our most basic needs
1267,fake,Is this a political party or a mental illness?  #gop #conspiracytheories #votethemout  https://t.co/DawvnQRxwx,is this a political party or a mental illness gop conspiracytheories votethemout
1268,fake,"Boris Johnson concedes Britain was not properly prepared for the coronavirus crisis. Suggests former Tory and Labour Govts are to blame: ""The brutal reality is this country did not learn the lessons of SARS or MERS. We didn’t have the testing capacity"" #LiaisonCommittee",boris johnson concedes britain was not properly prepared for the coronavirus crisis suggests former tory and labour govts are to blame the brutal reality is this country did not learn the lessons of sars or mers we didn t have the testing capacity liaisoncommittee
1269,real,"A study estimates that a single minute of loud speaking generates at least 1,000 covid-containing droplets, and these droplets stay airborne for longer than eight minutes, and sometimes as long as 14 minutes. https://t.co/7BbGdZo46I",a study estimates that a single minute of loud speaking generates at least covid containing droplets and these droplets stay airborne for longer than eight minutes and sometimes as long as minutes
1270,fake,"Reader- ""Covid19 is a bacterium not a virus. Italian authorities did autopsies &amp; found blood was clotted. They  started using aspirin 100mg and anticoagulant medication.  14,000 people were released from the hospital as \""healthy\"" and covid free.""\n\nhttps://t.co/YaxbWSQrTq",reader covid is a bacterium not a virus italian authorities did autopsies found blood was clotted they started using aspirin mg and anticoagulant medication people were released from the hospital as healthy and covid free n n
1271,real,A new study has shown that COVID-19 virus isolated from the stool of a sick patient can infect cells in a petri dish. The research is a step toward proving a new route of transmission for the infection. What you need to know: https://t.co/oCujaVjDXb https://t.co/0hYhCZiTr0,a new study has shown that covid virus isolated from the stool of a sick patient can infect cells in a petri dish the research is a step toward proving a new route of transmission for the infection what you need to know
1272,real,The next phase of testing a vaccine against covid-19 will be the most costly and the hardest to speed up. https://t.co/GH4dGHJQLB https://t.co/KJFQjGCqYt,the next phase of testing a vaccine against covid will be the most costly and the hardest to speed up
1273,real,The race to preserve the first draft of coronavirus history before it disappears from the internet. https://t.co/BbmXjxdNtO,the race to preserve the first draft of coronavirus history before it disappears from the internet
1274,real,Why simply waiting for herd immunity to covid-19 isn’t an option https://t.co/g09sYt8TzO,why simply waiting for herd immunity to covid isn t an option
1275,real,23andMe is searching for genetic clues to why some get sick from covid-19 and others don't even have symptoms. https://t.co/ndbKdhm6Ji,andme is searching for genetic clues to why some get sick from covid and others don t even have symptoms
1276,real,"Doctors are getting a more detailed look at some of the unexpected ways covid-19 hits the human body beyond the nasal cavity, throat, and lungs. https://t.co/TBtALdDhMG",doctors are getting a more detailed look at some of the unexpected ways covid hits the human body beyond the nasal cavity throat and lungs
1277,real,Here’s what we have to do to show a coronavirus vaccine works | MIT Technology Review https://t.co/HxGwZrInwt,here s what we have to do to show a coronavirus vaccine works mit technology review
1278,real,[CONTENT FROM @Baidu_Inc] China is using autonomous vehicles in cities and hospitals across the country to combat Covid-19 and advance smart cities. @ApolloPlatform https://t.co/KBHuc3SSzO,content from baidu inc china is using autonomous vehicles in cities and hospitals across the country to combat covid and advance smart cities apolloplatform
1279,real,"A study estimates that a single minute of loud speaking generates at least 1,000 covid-containing droplets, and these droplets stay airborne for longer than eight minutes, and sometimes as long as 14 minutes. https://t.co/7BbGdZo46I",a study estimates that a single minute of loud speaking generates at least covid containing droplets and these droplets stay airborne for longer than eight minutes and sometimes as long as minutes
1280,real,The coronavirus pandemic has made clear a festering problem: the US and its dominant tech industry are no longer very good at coming up with new ideas and technologies relevant to our most basic needs.  https://t.co/JVpYmHjHpJ,the coronavirus pandemic has made clear a festering problem the us and its dominant tech industry are no longer very good at coming up with new ideas and technologies relevant to our most basic needs
1281,fake,"New: At least a dozen states have inflated their coronavirus testing numbers or deflated their death tolls – part of an emerging pattern of federal and state officials altering, hiding or deceptively displaying Covid-19 data. w/ @dariustahir:\n\nhttps://t.co/vZJFhhFc7l",new at least a dozen states have inflated their coronavirus testing numbers or deflated their death tolls part of an emerging pattern of federal and state officials altering hiding or deceptively displaying covid data w dariustahir n n
1282,real,Pandemic conspiracy theorists are using an internet loophole to keep covid hoaxes alive—even after moderators and fact-checkers delete content. https://t.co/nQcpF5fqny,pandemic conspiracy theorists are using an internet loophole to keep covid hoaxes alive even after moderators and fact checkers delete content
1283,real,Why simply waiting for herd immunity to covid-19 isn’t an option https://t.co/PNjeYhXegU,why simply waiting for herd immunity to covid isn t an option
1284,real,And CRISPR gene-editing technology may be involved. via @techreview \nhttps://t.co/LzeaICCHKY,and crispr gene editing technology may be involved via techreview n
1285,real,"A study estimates that a single minute of loud speaking generates at least 1,000 covid-containing droplets, and these droplets stay airborne for longer than eight minutes, and sometimes as long as 14 minutes. https://t.co/jQ0lQkbdkx",a study estimates that a single minute of loud speaking generates at least covid containing droplets and these droplets stay airborne for longer than eight minutes and sometimes as long as minutes
1286,real,Cherry picking a few studies that fit preconceived ideas about hydroxychloroquine’s benefits or safety and disregarding the rest isn’t good science and shouldn’t guide health decisions. https://t.co/A2ed2sp9QJ,cherry picking a few studies that fit preconceived ideas about hydroxychloroquine s benefits or safety and disregarding the rest isn t good science and shouldn t guide health decisions
1287,real,23andMe is searching for genetic clues to why some get sick from covid-19 and others don't even have symptoms. https://t.co/nAouWPIf9x,andme is searching for genetic clues to why some get sick from covid and others don t even have symptoms
1288,real,The next phase of testing a vaccine against covid-19 will be the most costly and the hardest to speed up. https://t.co/GH4dGHsfU3 https://t.co/tz7xNf274m,the next phase of testing a vaccine against covid will be the most costly and the hardest to speed up
1289,real,Here’s a thread about what we have to do to show a coronavirus vaccine works. https://t.co/zQGpi3yppA,here s a thread about what we have to do to show a coronavirus vaccine works
1290,real,The next phase of testing a vaccine against covid-19 will be the most costly and the hardest to speed up. https://t.co/GH4dGHsfU3 https://t.co/28RRkwWDAP,the next phase of testing a vaccine against covid will be the most costly and the hardest to speed up
1291,fake,"The Atlantic has made a collection of its stories about the coronavirus free to read, without restriction, even if you don’t subscribe. Here’s a guide to what you need to know about the pandemic: https://t.co/QKnQMR1JA6",the atlantic has made a collection of its stories about the coronavirus free to read without restriction even if you don t subscribe here s a guide to what you need to know about the pandemic
1292,real,The coronavirus pandemic has made clear a festering problem: the US and its dominant tech industry are no longer very good at coming up with new ideas and technologies relevant to our most basic needs.  https://t.co/K0pIkX7IGU,the coronavirus pandemic has made clear a festering problem the us and its dominant tech industry are no longer very good at coming up with new ideas and technologies relevant to our most basic needs
1293,real,"There’s a reason I’m retweeting this - officially the 1st known death 2/29/2020\n89 DAYS AGO \n89 M-Fing DAYS AGO -this actually changes the data significantly \nCDC, Washington State Report First COVID-19 Death | CDC Online Newsroom | CDC https://t.co/LOfKNDkEEz via @CDCgov",there s a reason i m retweeting this officially the st known death n days ago n m fing days ago this actually changes the data significantly ncdc washington state report first covid death cdc online newsroom cdc via cdcgov
1294,real,23andMe is searching for genetic clues to why some get sick from covid-19 and others don't even have symptoms. https://t.co/nAouWPqEhZ,andme is searching for genetic clues to why some get sick from covid and others don t even have symptoms
1295,real,The race to preserve the first draft of coronavirus history before it disappears from the internet. https://t.co/240OBJUX5y,the race to preserve the first draft of coronavirus history before it disappears from the internet
1296,real,Why simply waiting for herd immunity to covid-19 isn’t an option https://t.co/PNjeYhXegU,why simply waiting for herd immunity to covid isn t an option
1297,real,"Doctors are getting a more detailed look at some of the unexpected ways covid-19 hits the human body beyond the nasal cavity, throat, and lungs. https://t.co/qpUn6wQYM6",doctors are getting a more detailed look at some of the unexpected ways covid hits the human body beyond the nasal cavity throat and lungs
1298,real,23andMe is searching for genetic clues to why some get sick from covid-19 and others don't even have symptoms. https://t.co/nAouWPIf9x,andme is searching for genetic clues to why some get sick from covid and others don t even have symptoms
1299,real,"A study estimates that a single minute of loud speaking generates at least 1,000 covid-containing droplets, and these droplets stay airborne for longer than eight minutes, and sometimes as long as 14 minutes. https://t.co/WrxQVhaoUD",a study estimates that a single minute of loud speaking generates at least covid containing droplets and these droplets stay airborne for longer than eight minutes and sometimes as long as minutes
1300,real,"30 countries &amp; multiple international partners and institutions have signed up to support the #COVID19 Technology Access Pool in a bid to make vaccines, tests, treatments and other health technologies to fight COVID-19 accessible to all.\n\n👉🏽https://t.co/8tze2xa4lj https://t.co/Gnja1Yb01c",countries multiple international partners and institutions have signed up to support the covid technology access pool in a bid to make vaccines tests treatments and other health technologies to fight covid accessible to all n n
1301,real,Why simply waiting for herd immunity to covid-19 isn’t an option https://t.co/gLd7fcy4W9,why simply waiting for herd immunity to covid isn t an option
1302,real,"The #COVID19 Technology Access Pool aims to:\n🔬 Accelerate the discovery of vaccines, medicines &amp; other technologies through open-science research\n🏁 Fast-track product development by mobilizing additional manufacturing capacity\n\n👉🏽https://t.co/8tze2xa4lj https://t.co/jPoc3dgz9z",the covid technology access pool aims to n accelerate the discovery of vaccines medicines other technologies through open science research n fast track product development by mobilizing additional manufacturing capacity n n
1303,real,"The #COVID19 Technology Access Pool will be voluntary and based on social solidarity. \nIt will provide a one-stop shop for scientific knowledge, data and intellectual property to be shared equitably by the global community.\n\n👉🏽https://t.co/8tze2xa4lj https://t.co/xhQ3FqNovG",the covid technology access pool will be voluntary and based on social solidarity nit will provide a one stop shop for scientific knowledge data and intellectual property to be shared equitably by the global community n n
1304,real,5⃣ key elements to the #COVID19 Technology Access Pool initiative: \n\n1⃣Public disclosure of gene sequences &amp; data\n2⃣Transparency around the publication of all clinical trial results\n\nhttps://t.co/8tze2xa4lj,key elements to the covid technology access pool initiative n n public disclosure of gene sequences data n transparency around the publication of all clinical trial results n n
1305,real,"5⃣ key elements to the #COVID19 Technology Access Pool initiative: \n\n4⃣Licensing any potential treatment, diagnostic, vaccine or other health technology to the Medicines Patent Pool\n \nhttps://t.co/8tze2xa4lj",key elements to the covid technology access pool initiative n n licensing any potential treatment diagnostic vaccine or other health technology to the medicines patent pool n n
1306,real,5⃣ key elements to the #COVID19 Technology Access Pool initiative: \n\n5⃣ Promotion of open innovation models &amp; technology transfer that increase local manufacturing &amp; supply capacity\n\nhttps://t.co/8tze2xa4lj,key elements to the covid technology access pool initiative n n promotion of open innovation models technology transfer that increase local manufacturing supply capacity n n
1307,real,The #COVID19 Technology Access Pool was first proposed in March by President @CarlosAlvQ of #CostaRica🇨🇷\nhttps://t.co/8tze2xa4lj,the covid technology access pool was first proposed in march by president carlosalvq of costarica n
1308,real,"Our @thrombosisday Steering Committee Chair,  \n@bhwords, spoke with @mnt on the risk of #thrombosis in #COVID19 patients. https://t.co/GM6PfKHAs0 https://t.co/8euhtKZbjx",our thrombosisday steering committee chair n bhwords spoke with mnt on the risk of thrombosis in covid patients
1309,real,The next phase of testing a vaccine against covid-19 will be the most costly and the hardest to speed up. https://t.co/GH4dGHsfU3 https://t.co/YkXaHJEDbs,the next phase of testing a vaccine against covid will be the most costly and the hardest to speed up
1310,real,The next phase of testing a vaccine against covid-19 will be the most costly and the hardest to speed up. https://t.co/GH4dGHsfU3 https://t.co/Aoh3IaT28K,the next phase of testing a vaccine against covid will be the most costly and the hardest to speed up
1311,real,Statement of Support for WHO \n\nI fully support the World Health Organization and applaud its efforts to protect the health of all humanity. I will only share and follow verified health information from competent professionals. \n\n#SDGs #WHO @WHO #Health  https://t.co/EQVMFP6BEb,statement of support for who n ni fully support the world health organization and applaud its efforts to protect the health of all humanity i will only share and follow verified health information from competent professionals n n sdgs who who health
1312,real,Why the #coronavirus lockdown is making the #Internet stronger than ever\n\nhttps://t.co/RDUvE3tYSr by @strwbilly v/ @techreview\n#Covid19\nCc @DeepLearn007 @psb_dc @andi_staub @SpirosMargaris @AlaricAloor @jblefevre60 @ahier @AkwyZ https://t.co/P60tzjsctm,why the coronavirus lockdown is making the internet stronger than ever n n by strwbilly v techreview n covid ncc deeplearn psb dc andi staub spirosmargaris alaricaloor jblefevre ahier akwyz
1313,real,23andMe is searching for genetic clues to why some get sick from covid-19 and others don't even have symptoms. https://t.co/kj05EEkCfO,andme is searching for genetic clues to why some get sick from covid and others don t even have symptoms
1314,real,The coronavirus pandemic has made clear a festering problem: the US and its dominant tech industry are no longer very good at coming up with new ideas and technologies relevant to our most basic needs.  https://t.co/Ufg5L51nh7,the coronavirus pandemic has made clear a festering problem the us and its dominant tech industry are no longer very good at coming up with new ideas and technologies relevant to our most basic needs
1315,real,Artificial intelligence is helping researchers sort through coronavirus preprints and papers to separate scientific fact from fiction. https://t.co/0J7ZbUQVkw,artificial intelligence is helping researchers sort through coronavirus preprints and papers to separate scientific fact from fiction
1316,real,Why simply waiting for herd immunity to covid-19 isn’t an option https://t.co/yWBlLvEk7p,why simply waiting for herd immunity to covid isn t an option
1317,real,The coronavirus pandemic has made clear a festering problem: the US and its dominant tech industry are no longer very good at coming up with new ideas and technologies relevant to our most basic needs.  https://t.co/4FvU1MGbnt,the coronavirus pandemic has made clear a festering problem the us and its dominant tech industry are no longer very good at coming up with new ideas and technologies relevant to our most basic needs
1318,real,"A study estimates that a single minute of loud speaking generates at least 1,000 covid-containing droplets, and these droplets stay airborne for longer than eight minutes, and sometimes as long as 14 minutes. https://t.co/LHANbTxwni",a study estimates that a single minute of loud speaking generates at least covid containing droplets and these droplets stay airborne for longer than eight minutes and sometimes as long as minutes
1319,real,"Is it just a cold, or do you have covid-19? By the end of the year, people may be able to test themselves for the coronavirus. https://t.co/nt9NsFsuL2",is it just a cold or do you have covid by the end of the year people may be able to test themselves for the coronavirus
1320,real,The next phase of testing a vaccine against covid-19 will be the most costly and the hardest to speed up. https://t.co/GH4dGHsfU3 https://t.co/9D5eSjrWsl,the next phase of testing a vaccine against covid will be the most costly and the hardest to speed up
1321,real,23andMe is searching for genetic clues to why some get sick from covid-19 and others don't even have symptoms. https://t.co/8dTDt0JP1W,andme is searching for genetic clues to why some get sick from covid and others don t even have symptoms
1322,real,Pandemic conspiracy theorists are using an internet loophole to keep covid hoaxes alive—even after moderators and fact-checkers delete content. https://t.co/iFKfg3WARA,pandemic conspiracy theorists are using an internet loophole to keep covid hoaxes alive even after moderators and fact checkers delete content
1323,real,"Doctors are getting a more detailed look at some of the unexpected ways covid-19 hits the human body beyond the nasal cavity, throat, and lungs. https://t.co/UwzG6ryvQt",doctors are getting a more detailed look at some of the unexpected ways covid hits the human body beyond the nasal cavity throat and lungs
1324,real,Why simply waiting for herd immunity to covid-19 isn’t an option https://t.co/yWBlLvEk7p,why simply waiting for herd immunity to covid isn t an option
1325,real,Here's how the coronavirus works. https://t.co/T6VSS30sZg,here s how the coronavirus works
1326,real,"I do want to clarify one detail about timeline. As described previously, retrospective testing of 6908 @seattleflustudy specimens collected from acute respiratory infections in Jan and Feb identified a first positive on Feb 21. 2/5\nhttps://t.co/3NU0GG0SEp",i do want to clarify one detail about timeline as described previously retrospective testing of seattleflustudy specimens collected from acute respiratory infections in jan and feb identified a first positive on feb n
1327,real,"Had community surveillance been active a week earlier, the Feb 21 sample would have been prospectively identified rather than retrospectively identified. A sample collected on Feb 21 would have been tested on Feb 22. 4/5",had community surveillance been active a week earlier the feb sample would have been prospectively identified rather than retrospectively identified a sample collected on feb would have been tested on feb
1328,real,"Thus, in this case, active community surveillance of ~100 acute respiratory specimens per day would have bought a 7 day awareness gain over a system without active community surveillance that relies on mortality to trigger testing. 5/5",thus in this case active community surveillance of acute respiratory specimens per day would have bought a day awareness gain over a system without active community surveillance that relies on mortality to trigger testing
1329,real,"A study estimates that a single minute of loud speaking generates at least 1,000 covid-containing droplets, and these droplets stay airborne for longer than eight minutes, and sometimes as long as 14 minutes. https://t.co/LHANbTxwni",a study estimates that a single minute of loud speaking generates at least covid containing droplets and these droplets stay airborne for longer than eight minutes and sometimes as long as minutes
1330,real,"Is it just a cold, or do you have covid-19? By the end of the year, people may be able to test themselves for the coronavirus. https://t.co/nt9NsFsuL2",is it just a cold or do you have covid by the end of the year people may be able to test themselves for the coronavirus
1331,real,Artificial intelligence is helping researchers sort through coronavirus preprints and papers to separate scientific fact from fiction. https://t.co/0J7ZbUQVkw,artificial intelligence is helping researchers sort through coronavirus preprints and papers to separate scientific fact from fiction
1332,real,The coronavirus pandemic has made clear a festering problem: the US and its dominant tech industry are no longer very good at coming up with new ideas and technologies relevant to our most basic needs.  https://t.co/4FvU1MGbnt,the coronavirus pandemic has made clear a festering problem the us and its dominant tech industry are no longer very good at coming up with new ideas and technologies relevant to our most basic needs
1333,real,23andMe is searching for genetic clues to why some get sick from covid-19 and others don't even have symptoms. https://t.co/8dTDt0JP1W,andme is searching for genetic clues to why some get sick from covid and others don t even have symptoms
1334,real,Why simply waiting for herd immunity to covid-19 isn’t an option https://t.co/yWBlLvEk7p,why simply waiting for herd immunity to covid isn t an option
1335,real,The next phase of testing a vaccine against covid-19 will be the most costly and the hardest to speed up. https://t.co/GH4dGHsfU3 https://t.co/pymx154Ttg,the next phase of testing a vaccine against covid will be the most costly and the hardest to speed up
1336,real,"""What airborne transmission means, she says, is that 6 feet is not far enough to stand apart. It also means we should probably be wearing masks a lot more often."" https://t.co/QzlOYkMCrD",what airborne transmission means she says is that feet is not far enough to stand apart it also means we should probably be wearing masks a lot more often
1337,real,Here's how the coronavirus works. https://t.co/T6VSS30sZg,here s how the coronavirus works
1338,real,"Doctors are getting a more detailed look at some of the unexpected ways covid-19 hits the human body beyond the nasal cavity, throat, and lungs. https://t.co/UwzG6ryvQt",doctors are getting a more detailed look at some of the unexpected ways covid hits the human body beyond the nasal cavity throat and lungs
1339,fake,"We have further increased our death rate, #covid cases, incompetency. Now we have the highest number of death per 1 million population compared to other states in South Asia \n\nIndia’s deaths/1M population: 4\nBangladesh : 4\nSri Lanka : 0.5\nNepal: 0.3 \nPakistan deaths/1M pop:7 https://t.co/begF96Ex3U",we have further increased our death rate covid cases incompetency now we have the highest number of death per million population compared to other states in south asia n nindia s deaths m population nbangladesh nsri lanka nnepal npakistan deaths m pop
1340,real,Artificial intelligence is helping researchers sort through coronavirus preprints and papers to separate scientific fact from fiction. https://t.co/0J7ZbUQVkw,artificial intelligence is helping researchers sort through coronavirus preprints and papers to separate scientific fact from fiction
1341,real,"A study estimates that a single minute of loud speaking generates at least 1,000 covid-containing droplets, and these droplets stay airborne for longer than eight minutes, and sometimes as long as 14 minutes. https://t.co/LHANbTxwni",a study estimates that a single minute of loud speaking generates at least covid containing droplets and these droplets stay airborne for longer than eight minutes and sometimes as long as minutes
1342,real,"Doctors are getting a more detailed look at some of the unexpected ways covid-19 hits the human body beyond the nasal cavity, throat, and lungs. https://t.co/UwzG6ryvQt",doctors are getting a more detailed look at some of the unexpected ways covid hits the human body beyond the nasal cavity throat and lungs
1343,fake,"As you know our children’s hospitals are on the frontlines of the COVID-19 crisis, open 24/7/365 to provide high-quality, compassionate care that sick children - and adults need. But they can’t do it alone. To meet… https://t.co/qxsVknB9Ki",as you know our children s hospitals are on the frontlines of the covid crisis open to provide high quality compassionate care that sick children and adults need but they can t do it alone to meet
1344,real,The coronavirus pandemic has made clear a festering problem: the US and its dominant tech industry are no longer very good at coming up with new ideas and technologies relevant to our most basic needs.  https://t.co/4FvU1MGbnt,the coronavirus pandemic has made clear a festering problem the us and its dominant tech industry are no longer very good at coming up with new ideas and technologies relevant to our most basic needs
1345,real,"Doctors are getting a more detailed look at some of the unexpected ways covid-19 hits the human body beyond the nasal cavity, throat, and lungs. https://t.co/UwzG6ryvQt",doctors are getting a more detailed look at some of the unexpected ways covid hits the human body beyond the nasal cavity throat and lungs
1346,real,"A study estimates that a single minute of loud speaking generates at least 1,000 covid-containing droplets, and these droplets stay airborne for longer than eight minutes, and sometimes as long as 14 minutes. https://t.co/LHANbTxwni",a study estimates that a single minute of loud speaking generates at least covid containing droplets and these droplets stay airborne for longer than eight minutes and sometimes as long as minutes
1347,real,Why simply waiting for herd immunity to covid-19 isn’t an option https://t.co/yWBlLvEk7p,why simply waiting for herd immunity to covid isn t an option
1348,real,Pandemic conspiracy theorists are using an internet loophole to keep covid hoaxes alive—even after moderators and fact-checkers delete content. https://t.co/iFKfg3WARA,pandemic conspiracy theorists are using an internet loophole to keep covid hoaxes alive even after moderators and fact checkers delete content
1349,real,Here's how the coronavirus works. https://t.co/T6VSS30sZg,here s how the coronavirus works
1350,fake,"What's all this I'm hearing from Italy that COVID is a bacterium and not a virus. Treatable with aspirin. No vaccine will be required. WHO is lying again.\nThe liberal ""fact checkers"" are saying it's bullshit and suppressing the story.",what s all this i m hearing from italy that covid is a bacterium and not a virus treatable with aspirin no vaccine will be required who is lying again nthe liberal fact checkers are saying it s bullshit and suppressing the story
1351,real,"We spoke with @bhwords, the medical director of @ThrombosisUK and chair of the steering group for @thrombosisday. She says she has ""never seen such sticky blood"" as that of #COVID19 patients and explains why this is a serious concern.  #thrombosis https://t.co/Vj3pEWRcy1",we spoke with bhwords the medical director of thrombosisuk and chair of the steering group for thrombosisday she says she has never seen such sticky blood as that of covid patients and explains why this is a serious concern thrombosis
1352,real,23andMe is searching for genetic clues to why some get sick from covid-19 and others don't even have symptoms. https://t.co/KkN4anGovT,andme is searching for genetic clues to why some get sick from covid and others don t even have symptoms
1353,real,"A study estimates that a single minute of loud speaking generates at least 1,000 covid-containing droplets, and these droplets stay airborne for longer than eight minutes, and sometimes as long as 14 minutes. https://t.co/ZYWPObMyiI",a study estimates that a single minute of loud speaking generates at least covid containing droplets and these droplets stay airborne for longer than eight minutes and sometimes as long as minutes
1354,real,"During #COVID19, ministry of health staff 👩‍⚕️⚕️👨‍⚕️ have been partially or fully reassigned, &amp; screening programmes have been postponed in more than 50% of countries.\n \nMore details 👉 https://t.co/KoT9vdzbYG",during covid ministry of health staff have been partially or fully reassigned screening programmes have been postponed in more than of countries n nmore details
1355,real,"""Rehabilitation services have been disrupted in almost 2/3 of countries.\n\nThe #COVID19 response must therefore be inclusive of the health-care needs of people living with noncommunicable diseases""-@DrTedros \n\nhttps://t.co/7nFJ3ZyKAG",rehabilitation services have been disrupted in almost of countries n nthe covid response must therefore be inclusive of the health care needs of people living with noncommunicable diseases drtedros n n
1356,real,"🔝 @DrTedros: “All #COVID19 related action must take into consideration the health-care needs of #PLWNCDs.  This will result in a #C19 response and recovery that better serves everyone, more fully suppressing the virus, as well as #BuildingBackBetter” \nhttps://t.co/sxBAAs6uKo https://t.co/cJZPvVGN6S",drtedros all covid related action must take into consideration the health care needs of plwncds this will result in a c response and recovery that better serves everyone more fully suppressing the virus as well as buildingbackbetter n
1357,real,Why simply waiting for herd immunity to covid-19 isn’t an option https://t.co/8MP4jnbRy3,why simply waiting for herd immunity to covid isn t an option
1358,real,"Recent WHO survey shows disruption due to #COVID19 for \n \n❗️hypertension treatment,\n❗️treatment for diabetes,\n❗️cancer treatment,\n❗️cardiovascular emergencies &amp;\n❗️rehabilitation\n \n👉 https://t.co/KoT9vdzbYG https://t.co/cqrtR6VlCb",recent who survey shows disruption due to covid for n n hypertension treatment n treatment for diabetes n cancer treatment n cardiovascular emergencies n rehabilitation n n
1359,real,Here's how the coronavirus works. https://t.co/folKNigR0z,here s how the coronavirus works
1360,real,"PUBLISHED TODAY!!!! Rehabilitation services disrupted in 63% of countries, even though it is key to a healthy recovery from #COVID-19 @WHO @DrTedros @MikkelsenBente_ https://t.co/UzHhl07W46 @CochraneRehab @thewfot @WCPT1951 @ISPRM https://t.co/wds7oTRLqY",published today rehabilitation services disrupted in of countries even though it is key to a healthy recovery from covid who drtedros mikkelsenbente cochranerehab thewfot wcpt isprm
1361,real,Telemedicine📞 &amp; triaging method 🗂️ are being used in some countries to support the people at highest risk continue to receive treatment #COVID19\n \nMore details here 👉 https://t.co/KoT9vdzbYG https://t.co/9YFwYkdj5K,telemedicine triaging method are being used in some countries to support the people at highest risk continue to receive treatment covid n nmore details here
1362,real,"Doctors are getting a more detailed look at some of the unexpected ways covid-19 hits the human body beyond the nasal cavity, throat, and lungs. https://t.co/REJcm6qJoo",doctors are getting a more detailed look at some of the unexpected ways covid hits the human body beyond the nasal cavity throat and lungs
1363,real,23andMe is searching for genetic clues to why some get sick from covid-19 and others don't even have symptoms. https://t.co/KkN4anGovT,andme is searching for genetic clues to why some get sick from covid and others don t even have symptoms
1364,real,Why simply waiting for herd immunity to covid-19 isn’t an option https://t.co/8MP4jnbRy3,why simply waiting for herd immunity to covid isn t an option
1365,real,"🔴 “Rehabilitation services have been disrupted in almost two-thirds (63%) of countries 🗺, even though #rehabilitation is key 🔑 to a healthy recovery following severe illness from #COVID19” https://t.co/cT9LaCOrR2 https://t.co/JtalhSGjb9",rehabilitation services have been disrupted in almost two thirds of countries even though rehabilitation is key to a healthy recovery following severe illness from covid
1366,real,"The #COVIDー19 crisis significantly impacts #NCDs health services. More than half of countries have partially or completely disrupted services for hypertension and #diabetes treatment, 42% for #cancer treatment and 31% for cardiovascular emergencies. https://t.co/IV36qBiJSR https://t.co/2DAI8DML7u",the covid crisis significantly impacts ncds health services more than half of countries have partially or completely disrupted services for hypertension and diabetes treatment for cancer treatment and for cardiovascular emergencies
1367,real,The collateral damage from the lockdowns on public health is going to be immense:\n\nThe WHO reports that 94% of surveyed countries have healthcare systems that were partially or fully reassigned to support COVID-19.\n\nhttps://t.co/yjafOHEycE,the collateral damage from the lockdowns on public health is going to be immense n nthe who reports that of surveyed countries have healthcare systems that were partially or fully reassigned to support covid n n
1368,fake,"So, Boris Johnson plans to take “personal charge” of the coronavirus crisis. \n\nWe are in to the sixth month, tens of thousands are dead and many more will die. He will not be allowed to abandon his failures. \n\nJohnson’s decisions have caused deaths that did not have to happen.",so boris johnson plans to take personal charge of the coronavirus crisis n nwe are in to the sixth month tens of thousands are dead and many more will die he will not be allowed to abandon his failures n njohnson s decisions have caused deaths that did not have to happen
1369,real,COVID-19 significantly impacts health services for noncommunicable diseases \n\n#COVID19 #healthservices #noncommunicablediseases \nOther social media channels: https://t.co/Qs12PWtaqx\nhttps://t.co/nFLuBtFeXv,covid significantly impacts health services for noncommunicable diseases n n covid healthservices noncommunicablediseases nother social media channels n
1370,fake,"Please ask your ad placers to stop placing your brands on coronavirus conspiracy sites @ucas_online @HelloFreshUK @MercyShipsUK @bluecoffeebox.\n\nAt the moment, your ads are helping to fund lies about UV light, 5G, vitamin C and all kinds of rubbish. It’s easy to blacklist them 🙏 https://t.co/7tQGIaYaIF",please ask your ad placers to stop placing your brands on coronavirus conspiracy sites ucas online hellofreshuk mercyshipsuk bluecoffeebox n nat the moment your ads are helping to fund lies about uv light g vitamin c and all kinds of rubbish it s easy to blacklist them
1371,real,23andMe is searching for genetic clues to why some get sick from covid-19 and others don't even have symptoms. https://t.co/qrPGmGKtCq,andme is searching for genetic clues to why some get sick from covid and others don t even have symptoms
1372,real,Patients have started to receive the first antibody drug developed specifically to treat covid-19. https://t.co/6iyYvj0y4I,patients have started to receive the first antibody drug developed specifically to treat covid
1373,real,"""I've been in this game for decades, and I have never seen such sticky blood.""\n\nIn today's update, @bhwords explains why #COVID19 leads to blood clots and what we can do to help reduce the risk of #thrombosis during lockdown. https://t.co/Vj3pEWRcy1 https://t.co/OD0yX2M7pP",i ve been in this game for decades and i have never seen such sticky blood n nin today s update bhwords explains why covid leads to blood clots and what we can do to help reduce the risk of thrombosis during lockdown
1374,real,The next phase of testing a vaccine against covid-19 will be the most costly and the hardest to speed up. https://t.co/GH4dGHsfU3 https://t.co/gS9hNIqIhq,the next phase of testing a vaccine against covid will be the most costly and the hardest to speed up
1375,real,"Alarming news. New @WHO survey shows a staggering number of people globally have not been receiving care they need for diseases including cancer, hypertension &amp; diabetes since the pandemic began. Our goal is to save lives from ALL diseases, not just Covid. https://t.co/z66sWgoifh",alarming news new who survey shows a staggering number of people globally have not been receiving care they need for diseases including cancer hypertension diabetes since the pandemic began our goal is to save lives from all diseases not just covid
1376,real,"Doctors are getting a more detailed look at some of the unexpected ways covid-19 hits the human body beyond the nasal cavity, throat, and lungs. https://t.co/wrxquCLHDr",doctors are getting a more detailed look at some of the unexpected ways covid hits the human body beyond the nasal cavity throat and lungs
1377,real,Why simply waiting for herd immunity to covid-19 isn’t an option https://t.co/EsHKgXmfv8,why simply waiting for herd immunity to covid isn t an option
1378,fake,"Debunked: No, Italy hasn't discovered that Covid-19 is a bacterium rather than a virus https://t.co/mdNLtzRPMv",debunked no italy hasn t discovered that covid is a bacterium rather than a virus
1379,real,Patients have started to receive the first antibody drug developed specifically to treat covid-19. https://t.co/6iyYvj0y4I,patients have started to receive the first antibody drug developed specifically to treat covid
1380,real,"In an advance towards conquering covid-19, doctors in Michigan say an antibody drug may sharply cut the chance patients on a ventilator will die. https://t.co/lRHNu3cTaw",in an advance towards conquering covid doctors in michigan say an antibody drug may sharply cut the chance patients on a ventilator will die
1381,real,53% of countries surveyed by @WHO have seen disrupted services for hypertension treatment\n49% for treatment for diabetes and related complications\n42% for cancer treatment\n31% for cardiovascular emergencies\n\nIt's crucial that we preserve non-Covid care. https://t.co/z66sWg6GQH,of countries surveyed by who have seen disrupted services for hypertension treatment n for treatment for diabetes and related complications n for cancer treatment n for cardiovascular emergencies n nit s crucial that we preserve non covid care
1382,real,Why simply waiting for herd immunity to covid-19 isn’t an option https://t.co/WzthCiyVXt,why simply waiting for herd immunity to covid isn t an option
1383,real,Patients have started to receive the first antibody drug developed specifically to treat covid-19. https://t.co/ZMtBCVDAPM,patients have started to receive the first antibody drug developed specifically to treat covid
1384,real,"In an advance towards conquering covid-19, doctors in Michigan say an antibody drug may sharply cut the chance patients on a ventilator will die.\n\nBy combining this drug with remdesivir, doctors may be closing in on a cocktail able to cut the death rate. https://t.co/SkNuzP5O3Y",in an advance towards conquering covid doctors in michigan say an antibody drug may sharply cut the chance patients on a ventilator will die n nby combining this drug with remdesivir doctors may be closing in on a cocktail able to cut the death rate
1385,real,"In an advance towards conquering covid-19, doctors in Michigan say an antibody drug may sharply cut the chance patients on a ventilator will die.\n\nBy combining this drug with remdesivir, doctors may be closing in on a cocktail able to cut the death rate. https://t.co/SkNuzPnpsy",in an advance towards conquering covid doctors in michigan say an antibody drug may sharply cut the chance patients on a ventilator will die n nby combining this drug with remdesivir doctors may be closing in on a cocktail able to cut the death rate
1386,real,Artificial Intelligence is helping triage #coronavirus patients. The tools may be here to stay.\n\nhttps://t.co/Y7sYE1jD1o by @_KarenHao v/ @techreview\n#AI #BigData #Covid19 #HealthTech \nCc @KirkDBorne @schmarzo @SpirosMargaris @FrRonconi @ShiCooks @sebbourguignon @Paula_Piccard https://t.co/vDPSET88Ei,artificial intelligence is helping triage coronavirus patients the tools may be here to stay n n by karenhao v techreview n ai bigdata covid healthtech ncc kirkdborne schmarzo spirosmargaris frronconi shicooks sebbourguignon paula piccard
1387,real,A new study has shown that COVID-19 virus isolated from the stool of a sick patient can infect cells in a petri dish -- a step toward proving that this might be a new route of transmission for the infection with the coronavirus. https://t.co/WjbPUoOrNS https://t.co/HSXE9JEK7e,a new study has shown that covid virus isolated from the stool of a sick patient can infect cells in a petri dish a step toward proving that this might be a new route of transmission for the infection with the coronavirus
1388,real,Why simply waiting for herd immunity to covid-19 isn’t an option https://t.co/WzthCiyVXt,why simply waiting for herd immunity to covid isn t an option
1389,real,"Doctors are getting a more detailed look at some of the unexpected ways covid-19 hits the human body beyond the nasal cavity, throat, and lungs. https://t.co/iZlclbmWgG",doctors are getting a more detailed look at some of the unexpected ways covid hits the human body beyond the nasal cavity throat and lungs
1390,real,"In an advance towards conquering covid-19, doctors in Michigan say an antibody drug may sharply cut the chance patients on a ventilator will die.\n\nBy combining this drug with remdesivir, doctors may be closing in on a cocktail able to cut the death rate. https://t.co/GmJq7N9WKd",in an advance towards conquering covid doctors in michigan say an antibody drug may sharply cut the chance patients on a ventilator will die n nby combining this drug with remdesivir doctors may be closing in on a cocktail able to cut the death rate
1391,real,"In an advance towards conquering covid-19, doctors in Michigan say an antibody drug may sharply cut the chance patients on a ventilator will die.\n\nBy combining this drug with remdesivir, doctors may be closing in on a cocktail able to cut the death rate. https://t.co/N932m1NYjl",in an advance towards conquering covid doctors in michigan say an antibody drug may sharply cut the chance patients on a ventilator will die n nby combining this drug with remdesivir doctors may be closing in on a cocktail able to cut the death rate
1392,real,Patients have started to receive the first antibody drug developed specifically to treat covid-19. https://t.co/KXdIaZUhNi,patients have started to receive the first antibody drug developed specifically to treat covid
1393,real,Why simply waiting for herd immunity to covid-19 isn’t an option https://t.co/y3K86vtMc5,why simply waiting for herd immunity to covid isn t an option
1394,real,"In an advance towards conquering covid-19, doctors in Michigan say an antibody drug may sharply cut the chance patients on a ventilator will die.\n\nBy combining this drug with remdesivir, doctors may be closing in on a cocktail able to cut the death rate. https://t.co/N932m25zaT",in an advance towards conquering covid doctors in michigan say an antibody drug may sharply cut the chance patients on a ventilator will die n nby combining this drug with remdesivir doctors may be closing in on a cocktail able to cut the death rate
1395,real,"Since the start of the COVID-19 pandemic, it's become clear that many people with the infection lose their sense of smell and taste. And doctors are concerned that some will never get back to normal. More information: https://t.co/lioFpXRfes https://t.co/TmIT44uEL2",since the start of the covid pandemic it s become clear that many people with the infection lose their sense of smell and taste and doctors are concerned that some will never get back to normal more information
1396,real,"In an advance towards conquering covid-19, doctors in Michigan say an antibody drug may sharply cut the chance patients on a ventilator will die.\n\nBy combining this drug with remdesivir, doctors may be closing in on a cocktail able to cut the death rate. https://t.co/KMpD9WUq2f",in an advance towards conquering covid doctors in michigan say an antibody drug may sharply cut the chance patients on a ventilator will die n nby combining this drug with remdesivir doctors may be closing in on a cocktail able to cut the death rate
1397,real,"What’s the difference between isolation, quarantine and distancing? \n\n➡️ https://t.co/8S0Yi8CxmB  \n\n#StayHome #Coronavirus #COVID19 https://t.co/UuuTGDwvWh",what s the difference between isolation quarantine and distancing n n n n stayhome coronavirus covid
1398,real,Why simply waiting for herd immunity to covid-19 isn’t an option https://t.co/5Jjvh8k24s,why simply waiting for herd immunity to covid isn t an option
1399,real,Doctors are using #AI to triage covid-19 patients. The tools may be here to stay..\n@BViseeon @joelVEc1 @SirTouati  @baski_LA @pradeeprao_  @Fabriziobustama @mvollmer1\n @SiddharthKS    @techpearce2 @KanezaDiane\nhttps://t.co/1gBuqYuEwh https://t.co/oAxkA73sp8,doctors are using ai to triage covid patients the tools may be here to stay n bviseeon joelvec sirtouati baski la pradeeprao fabriziobustama mvollmer n siddharthks techpearce kanezadiane n
1400,real,Patients have started to receive the first antibody drug developed specifically to treat covid-19. https://t.co/gYQGm1Y8ap,patients have started to receive the first antibody drug developed specifically to treat covid
1401,fake,"Have you seen a message circulating on #Facebook claiming that a #coronavirus remedy was found in Italy? It says #Covid-19 is caused by a bacterium, not a virus, and can be treated with the common drug aspirin. \n\nThis is FALSE: https://t.co/1cExfVY517",have you seen a message circulating on facebook claiming that a coronavirus remedy was found in italy it says covid is caused by a bacterium not a virus and can be treated with the common drug aspirin n nthis is false
1402,real,Patients have started to receive the first antibody drug developed specifically to treat covid-19. https://t.co/5XDXTuUEHO,patients have started to receive the first antibody drug developed specifically to treat covid
1403,real,"Doctors are getting a more detailed look at some of the unexpected ways covid-19 hits the human body beyond the nasal cavity, throat, and lungs. https://t.co/oemXaF748F",doctors are getting a more detailed look at some of the unexpected ways covid hits the human body beyond the nasal cavity throat and lungs
1404,real,"In an advance towards conquering covid-19, doctors in Michigan say an antibody drug may sharply cut the chance patients on a ventilator will die.\n\nBy combining this drug with remdesivir, doctors may be closing in on a cocktail able to cut the death rate. https://t.co/KMpD9WUq2f",in an advance towards conquering covid doctors in michigan say an antibody drug may sharply cut the chance patients on a ventilator will die n nby combining this drug with remdesivir doctors may be closing in on a cocktail able to cut the death rate
1405,real,"No, coronavirus apps don’t need 60% adoption to be effective – MIT Technology Review #StopCovid  https://t.co/MpqbTUQQYh",no coronavirus apps don t need adoption to be effective mit technology review stopcovid
1406,real,Doctors are just starting to learn what recovery from COVID-19 looks like and whether it will cause long-term damage to its survivors -- both physically and mentally. https://t.co/0QYubeSL4A https://t.co/PUehPtzmgx,doctors are just starting to learn what recovery from covid looks like and whether it will cause long term damage to its survivors both physically and mentally
1407,real,"Hospitals have been using UV light for years to cut down on the spread of drug-resistant superbugs and to disinfect. But there is now interest in using the technology in spaces like schools, offices, and restaurants to help reduce coronavirus transmission. https://t.co/4zvF8t01yk https://t.co/Eo2E02vo6k",hospitals have been using uv light for years to cut down on the spread of drug resistant superbugs and to disinfect but there is now interest in using the technology in spaces like schools offices and restaurants to help reduce coronavirus transmission
1408,real,"Doctors are getting a more detailed look at some of the unexpected ways covid-19 hits the human body beyond the nasal cavity, throat, and lungs. https://t.co/oemXaF748F",doctors are getting a more detailed look at some of the unexpected ways covid hits the human body beyond the nasal cavity throat and lungs
1409,real,"In an advance towards conquering covid-19, doctors in Michigan say an antibody drug may sharply cut the chance patients on a ventilator will die.\n\nBy combining this drug with remdesivir, doctors may be closing in on a cocktail able to cut the death rate. https://t.co/KMpD9WUq2f",in an advance towards conquering covid doctors in michigan say an antibody drug may sharply cut the chance patients on a ventilator will die n nby combining this drug with remdesivir doctors may be closing in on a cocktail able to cut the death rate
1410,real,Patients have started to receive the first antibody drug developed specifically to treat covid-19. https://t.co/5XDXTuUEHO,patients have started to receive the first antibody drug developed specifically to treat covid
1411,real,Why simply waiting for herd immunity to covid-19 isn’t an option https://t.co/5Jjvh8k24s,why simply waiting for herd immunity to covid isn t an option
1412,real,A scientist who studies aerosols says everything she reads about COVID-19 points to a pathogen that travels through the air. https://t.co/Ku2pMZYd8x https://t.co/uXKX2gKgVN,a scientist who studies aerosols says everything she reads about covid points to a pathogen that travels through the air
1413,real,"@mnt continues to report on racial disparities in COVID-19, with comments from me and other experts in the field:\n\nhttps://t.co/Nfr4whR9ds",mnt continues to report on racial disparities in covid with comments from me and other experts in the field n n
1414,real,"In an advance towards conquering covid-19, doctors in Michigan say an antibody drug may sharply cut the chance patients on a ventilator will die.\n\nBy combining this drug with remdesivir, doctors may be closing in on a cocktail able to cut the death rate. https://t.co/KMpD9WUq2f",in an advance towards conquering covid doctors in michigan say an antibody drug may sharply cut the chance patients on a ventilator will die n nby combining this drug with remdesivir doctors may be closing in on a cocktail able to cut the death rate
1415,real,Patients have started to receive the first antibody drug developed specifically to treat covid-19. https://t.co/gYQGm1Y8ap,patients have started to receive the first antibody drug developed specifically to treat covid
1416,real,"[CONTENT FROM @Baidu_Inc] Covid-19 has awakened a need for autonomous vehicles to improve safety, deliver supplies, and advance new infrastructures. @ApolloPlatform https://t.co/KBHuc3SSzO",content from baidu inc covid has awakened a need for autonomous vehicles to improve safety deliver supplies and advance new infrastructures apolloplatform
1417,real,Why simply waiting for herd immunity to covid-19 isn’t an option https://t.co/5Jjvh8k24s,why simply waiting for herd immunity to covid isn t an option
1418,real,"Doctors are getting a more detailed look at some of the unexpected ways covid-19 hits the human body beyond the nasal cavity, throat, and lungs. https://t.co/oemXaF748F",doctors are getting a more detailed look at some of the unexpected ways covid hits the human body beyond the nasal cavity throat and lungs
1419,real,Patients have started to receive the first antibody drug developed specifically to treat covid-19. https://t.co/DWdYi8Ndrw,patients have started to receive the first antibody drug developed specifically to treat covid
1420,real,Why simply waiting for herd immunity to covid-19 isn’t an option https://t.co/ami2irM9ql,why simply waiting for herd immunity to covid isn t an option
1421,real,[CONTENT FROM @Baidu_Inc] Covid-19 is accelerating the development of autonomous vehicles and smart cities in China. @ApolloPlatform https://t.co/eJapZXAF6a,content from baidu inc covid is accelerating the development of autonomous vehicles and smart cities in china apolloplatform
1422,real,[SPONSORED] Jobs requiring a high level of human interaction will be first in line for AI augmentation or automation after Covid-19. Health care specialists could benefit faster as technology moves them out of harm’s way. https://t.co/zeHGPfdMQq (With @FaethemAI) https://t.co/3WWpCOv8oc,sponsored jobs requiring a high level of human interaction will be first in line for ai augmentation or automation after covid health care specialists could benefit faster as technology moves them out of harm s way with faethemai
1423,real,"“How the coronavirus transmits, where it strikes most severely, and what conditions most favor its spread are questions best understood locality by locality, community by community, not at the level of continents or even countries.”\nhttps://t.co/0yOBE6PPdz",how the coronavirus transmits where it strikes most severely and what conditions most favor its spread are questions best understood locality by locality community by community not at the level of continents or even countries n
1424,real,"In an advance towards conquering covid-19, doctors in Michigan say an antibody drug may sharply cut the chance patients on a ventilator will die.\n\nBy combining this drug with remdesivir, doctors may be closing in on a cocktail able to cut the death rate. https://t.co/tRFEPM4wEN",in an advance towards conquering covid doctors in michigan say an antibody drug may sharply cut the chance patients on a ventilator will die n nby combining this drug with remdesivir doctors may be closing in on a cocktail able to cut the death rate
1425,real,Why simply waiting for herd immunity to covid-19 isn’t an option https://t.co/ami2irM9ql,why simply waiting for herd immunity to covid isn t an option
1426,real,"Heart attacks, heart failure, stroke: COVID-19's dangerous cardiovascular complications: ER doctors highlight underappreciated risks. https://t.co/PgpoLqHK2O",heart attacks heart failure stroke covid s dangerous cardiovascular complications er doctors highlight underappreciated risks
1427,real,'All of the best evidence suggests that people without symptoms can and do readily spread coronavirus' \n@WHO walks back claim that asymptomatic transmission is rare after scientists sharply criticize agency https://t.co/1aCe2cci5C via @nytimes #Covid19 #GlobalHealth,all of the best evidence suggests that people without symptoms can and do readily spread coronavirus n who walks back claim that asymptomatic transmission is rare after scientists sharply criticize agency via nytimes covid globalhealth
1428,real,One oddity of the novel coronavirus is how easily people can get infected by someone without symptoms. But there's a difference between asymptomatic spread and pre-symptomatic spread. https://t.co/bVFGCGgA5l,one oddity of the novel coronavirus is how easily people can get infected by someone without symptoms but there s a difference between asymptomatic spread and pre symptomatic spread
1429,real,One oddity of the novel coronavirus is how easily people can get infected by someone without symptoms. But there's a difference between asymptomatic spread and pre-symptomatic spread. https://t.co/DMc3f4IPW7,one oddity of the novel coronavirus is how easily people can get infected by someone without symptoms but there s a difference between asymptomatic spread and pre symptomatic spread
1430,real,"Inside high-security labs, researchers are infecting lab-made human lung-sac cells with the coronavirus. One area where the research could pay off is in testing covid-19 drugs.  https://t.co/joqehEDIsT",inside high security labs researchers are infecting lab made human lung sac cells with the coronavirus one area where the research could pay off is in testing covid drugs
1431,real,"“How the coronavirus transmits, where it strikes most severely, and what conditions most favor its spread are questions best understood locality by locality, community by community, not at the level of continents or even countries.”\nhttps://t.co/7vUtWnaalU",how the coronavirus transmits where it strikes most severely and what conditions most favor its spread are questions best understood locality by locality community by community not at the level of continents or even countries n
1432,real,Coronavirus tracking apps don't need 60% adoption to be effective. https://t.co/rVE5qFNGss,coronavirus tracking apps don t need adoption to be effective
1433,fake,You can lower your risk of infection &amp; kill the virus that causes COVID-19 by following safe food handling &amp; cooking practices;\n1️⃣Use common cleaning &amp; disinfection methods to kill coronaviruses.\n2️⃣Wash your hands with soap &amp; running water for at least 20 seconds.\n#KomeshaCorona.,you can lower your risk of infection kill the virus that causes covid by following safe food handling cooking practices n use common cleaning disinfection methods to kill coronaviruses n wash your hands with soap running water for at least seconds n komeshacorona
1434,real,"""We don’t actually have that answer yet:"" a top WHO official says it’s not known how frequently people without symptoms of #COVID19 pass the disease on to others – a day after appearing to suggest that such spread is ""very rare."" #coronavirus https://t.co/0jN0NK6Wcf",we don t actually have that answer yet a top who official says it s not known how frequently people without symptoms of covid pass the disease on to others a day after appearing to suggest that such spread is very rare coronavirus
1435,real,Researchers are infecting lab-made human lung-sac cells with the coronavirus. One area where the research could pay off is in testing covid-19 drugs. https://t.co/4ha7X196Vc,researchers are infecting lab made human lung sac cells with the coronavirus one area where the research could pay off is in testing covid drugs
1436,real,"Although the neurological symptoms associated with #COVID19 have received much less attention than the physical symptoms, some studies suggest that they are common among people with severe forms of the illness.\nhttps://t.co/05Q8DRB0uM",although the neurological symptoms associated with covid have received much less attention than the physical symptoms some studies suggest that they are common among people with severe forms of the illness n
1437,real,"[SPONSORED] Jobs including cashiers, servers, and drivers - highly exposed to Covid-19 and also performing  socially essential services - could be automated more quickly as a result of the pandemic. https://t.co/zeHGPfdMQq (With @FaethemAI) https://t.co/IgrqknMdIf",sponsored jobs including cashiers servers and drivers highly exposed to covid and also performing socially essential services could be automated more quickly as a result of the pandemic with faethemai
1438,fake,CAPTAIN AMERICA PREDICTIVE PROGRAMMING?\nhttps://t.co/iD0L4fnaMS\n#coronavirus #COVID19 #COVID__19 #COVIDIOT #CaptainAmerica #SteveRogers #corona #predictiveprogramming #newworldorder #marvel https://t.co/BkvsRydOCu,captain america predictive programming n n coronavirus covid covid covidiot captainamerica steverogers corona predictiveprogramming newworldorder marvel
1439,real,[CONTENT FROM @Baidu_Inc] China is using autonomous vehicles in cities and hospitals across the country to combat Covid-19 and advance smart cities. @ApolloPlatform https://t.co/KBHuc3SSzO,content from baidu inc china is using autonomous vehicles in cities and hospitals across the country to combat covid and advance smart cities apolloplatform
1440,real,Researchers are infecting lab-made human lung-sac cells with the coronavirus. One area where the research could pay off is in testing covid-19 drugs. https://t.co/4ha7X196Vc,researchers are infecting lab made human lung sac cells with the coronavirus one area where the research could pay off is in testing covid drugs
1441,real,Why simply waiting for herd immunity to covid-19 isn’t an option https://t.co/waoIju8ljn,why simply waiting for herd immunity to covid isn t an option
1442,real,"[SPONSORED] 32 million US workers are highly exposed to pandemic risk, finds a new data set published in “Covid-19 and the workforce” (With @FaethmAI) https://t.co/zeHGPfdMQq",sponsored million us workers are highly exposed to pandemic risk finds a new data set published in covid and the workforce with faethmai
1443,real,Researchers are infecting lab-made human lung-sac cells with the coronavirus. One area where the research could pay off is in testing covid-19 drugs. https://t.co/WfW68igBGN,researchers are infecting lab made human lung sac cells with the coronavirus one area where the research could pay off is in testing covid drugs
1444,real,Researchers are infecting lab-made human lung-sac cells with the coronavirus. One area where the research could pay off is in testing covid-19 drugs. https://t.co/45KiQrjoVa,researchers are infecting lab made human lung sac cells with the coronavirus one area where the research could pay off is in testing covid drugs
1445,real,Blood donations have fallen drastically during the #COVID19 pandemic. We spoke with hematologist Dr. Joel Newman about why it's so important for people to continue to #giveblood ahead of #WorldBloodDonorDay on Sunday June 14. https://t.co/l1WDEE2zgQ https://t.co/cwNU6uHnMW,blood donations have fallen drastically during the covid pandemic we spoke with hematologist dr joel newman about why it s so important for people to continue to giveblood ahead of worldblooddonorday on sunday june
1446,fake,"A Facebook meme falsely claims a Colorado bill is “removing exemptions” for parents who don’t want to vaccinate their children in order to attend school. The bill adds new opt-out requirements, but does offer medical and nonmedical exemptions. https://t.co/Ud44kJKXQ9",a facebook meme falsely claims a colorado bill is removing exemptions for parents who don t want to vaccinate their children in order to attend school the bill adds new opt out requirements but does offer medical and nonmedical exemptions
1447,fake,Just a quick reminder.\nPanelo also claimed that eating bananas and gargling can prevent COVID-19. https://t.co/gMry1j4sEd,just a quick reminder npanelo also claimed that eating bananas and gargling can prevent covid
1448,real,Researchers are infecting lab-made human lung-sac cells with the coronavirus. One area where the research could pay off is in testing covid-19 drugs. https://t.co/45KiQr1NwA,researchers are infecting lab made human lung sac cells with the coronavirus one area where the research could pay off is in testing covid drugs
1449,real,"Doctors are getting a more detailed look at some of the unexpected ways covid-19 hits the human body beyond the nasal cavity, throat, and lungs. https://t.co/53dmqS5nOe",doctors are getting a more detailed look at some of the unexpected ways covid hits the human body beyond the nasal cavity throat and lungs
1450,real,Why simply waiting for herd immunity to covid-19 isn’t an option https://t.co/aFpfAQUeJA,why simply waiting for herd immunity to covid isn t an option
1451,real,Researchers are infecting lab-made human lung-sac cells with the coronavirus. One area where the research could pay off is in testing covid-19 drugs. https://t.co/mXsxceOz6F,researchers are infecting lab made human lung sac cells with the coronavirus one area where the research could pay off is in testing covid drugs
1452,real,"Since the start of the COVID-19 pandemic, it's become clear that many people with the infection lose their sense of smell and taste. And doctors are concerned that some will never get back to normal. What you need to know: https://t.co/yCdnSt1lNc https://t.co/hPpQ47IWEt",since the start of the covid pandemic it s become clear that many people with the infection lose their sense of smell and taste and doctors are concerned that some will never get back to normal what you need to know
1453,fake,"Dinnae get duped by the COVID con! \nIf you receive a text message from NHS track &amp; trace informing you that records show you require a test and a £50 payment is required for the test, it’s a scam!\n#SleekitRogueClampDoon \n#TrackAndTraceScam\n#OpPrinciple https://t.co/lgUCFFFzEq",dinnae get duped by the covid con nif you receive a text message from nhs track trace informing you that records show you require a test and a payment is required for the test it s a scam n sleekitrogueclampdoon n trackandtracescam n opprinciple
1454,fake,🤔“Autopsies are showing the cause of deaths caused by disseminated Intravascular coagulation (DIC) or Pathological Blood Coagulation! And NOT Viral or from SARS #Coronavirus COVID -19!”🧐 —Dr. Robert Young https://t.co/kgWuFidBjX,autopsies are showing the cause of deaths caused by disseminated intravascular coagulation dic or pathological blood coagulation and not viral or from sars coronavirus covid dr robert young
1455,real,Doctors in Michigan say an antibody drug may sharply cut the chance covid-19 patients on a ventilator will die. https://t.co/2ks33He7NP,doctors in michigan say an antibody drug may sharply cut the chance covid patients on a ventilator will die
1456,real,Why simply waiting for herd immunity to covid-19 isn’t an option https://t.co/aFpfAQUeJA,why simply waiting for herd immunity to covid isn t an option
1457,real,"Doctors are getting a more detailed look at some of the unexpected ways covid-19 hits the human body beyond the nasal cavity, throat, and lungs. https://t.co/53dmqS5nOe",doctors are getting a more detailed look at some of the unexpected ways covid hits the human body beyond the nasal cavity throat and lungs
1458,real,"[CONTENT FROM @Baidu_Inc] Covid-19 has awakened a need for autonomous vehicles to improve safety, deliver supplies, and advance new infrastructures. @ApolloPlatform https://t.co/KBHuc3SSzO",content from baidu inc covid has awakened a need for autonomous vehicles to improve safety deliver supplies and advance new infrastructures apolloplatform
1459,real,Researchers are infecting lab-made human lung-sac cells with the coronavirus. One area where the research could pay off is in testing covid-19 drugs. https://t.co/mXsxceOz6F,researchers are infecting lab made human lung sac cells with the coronavirus one area where the research could pay off is in testing covid drugs
1460,fake,"As businesses reopen around the state, the CDC is recommending people wear face masks when out in public to help prevent the spread of COVID-19. On the hunt for a local spot to get a mask? We've got you covered. 😷\n#LocalFirstAZ \nhttps://t.co/SCyWlumHzC",as businesses reopen around the state the cdc is recommending people wear face masks when out in public to help prevent the spread of covid on the hunt for a local spot to get a mask we ve got you covered n localfirstaz n
1461,real,"Hospitals have been using UV light for years to cut down on the spread of drug-resistant superbugs and to disinfect. But there is now interest in using the technology in spaces like schools, offices, and restaurants to help reduce coronavirus transmission. https://t.co/vzi8wOgkjG https://t.co/3BnxzaRDde",hospitals have been using uv light for years to cut down on the spread of drug resistant superbugs and to disinfect but there is now interest in using the technology in spaces like schools offices and restaurants to help reduce coronavirus transmission
1462,real,"CHINA plans to ""strike back"" in ""areas where the UK steps out of line"" as relations between Beijing and London deteriorate over Hong Kong and Huawei. Do you think the UK is strong enough to stand up to China? #UK #China #Beijing #coronavirus #HongKong #Huawei",china plans to strike back in areas where the uk steps out of line as relations between beijing and london deteriorate over hong kong and huawei do you think the uk is strong enough to stand up to china uk china beijing coronavirus hongkong huawei
1463,real,"The official @WHO rpt on a new #SARSCoV2 outbreak in Beijing indicates it's small https://t.co/BAYl4J86ug\nBut today it's up to 57 conf'ed cases, of the Euro-form of the virus &amp; is linked to Xinfadi Market, a huge wholesale center for all kinds of meat/seafood/produce.",the official who rpt on a new sarscov outbreak in beijing indicates it s small nbut today it s up to conf ed cases of the euro form of the virus is linked to xinfadi market a huge wholesale center for all kinds of meat seafood produce
1464,real,Coronavirus tracking apps don't need 60% adoption to be effective. https://t.co/Jf0XVulf9g,coronavirus tracking apps don t need adoption to be effective
1465,real,Here are some of the biggest ways the space industry is transforming itself during the covid-19 pandemic.  https://t.co/O31QVAVUDU,here are some of the biggest ways the space industry is transforming itself during the covid pandemic
1466,real,Researchers are infecting lab-made human lung-sac cells with the coronavirus. One area where the research could pay off is in testing covid-19 drugs. https://t.co/mXsxceOz6F,researchers are infecting lab made human lung sac cells with the coronavirus one area where the research could pay off is in testing covid drugs
1467,real,Why simply waiting for herd immunity to covid-19 isn’t an option https://t.co/aFpfAQUeJA,why simply waiting for herd immunity to covid isn t an option
1468,real,Researchers are infecting lab-made human lung-sac cells with the coronavirus. One area where the research could pay off is in testing covid-19 drugs. https://t.co/vakzpPcAxo,researchers are infecting lab made human lung sac cells with the coronavirus one area where the research could pay off is in testing covid drugs
1469,real,"If there's one tweet that sums up this Administration's profound betrayal of the American people in the war against Covid-19, this is it.\n\nChina invented #DontTestDontTell, but the US perfected it. https://t.co/rvbFum01PF",if there s one tweet that sums up this administration s profound betrayal of the american people in the war against covid this is it n nchina invented donttestdonttell but the us perfected it
1470,real,@AJEnglish Someone also needs to saturate the media with the fact that even asymptomatic or mildly symptomatic COVID patients are turning out to show signs of organ damage from this virus. https://t.co/3m96O5V7A5,ajenglish someone also needs to saturate the media with the fact that even asymptomatic or mildly symptomatic covid patients are turning out to show signs of organ damage from this virus
1471,real,Doctors in Michigan say an antibody drug may sharply cut the chance covid-19 patients on a ventilator will die. https://t.co/50eSpcTgRU,doctors in michigan say an antibody drug may sharply cut the chance covid patients on a ventilator will die
1472,real,A new study has concluded that convalescent plasma therapy for #COVID19 is safe and could speed up the recovery of severely ill patients. https://t.co/79wk5Hu6jv #MedTwitter,a new study has concluded that convalescent plasma therapy for covid is safe and could speed up the recovery of severely ill patients medtwitter
1473,real,What’s a #coronavirus superspreader?\n\nLots of outbreaks around the world have been linked to single events where a #superspreader likely infected dozens of people. \n\n#CoronavirusCrisis  #COVID19 \n\nhttps://t.co/yYY01pmCzP,what s a coronavirus superspreader n nlots of outbreaks around the world have been linked to single events where a superspreader likely infected dozens of people n n coronaviruscrisis covid n n
1474,real,Why simply waiting for herd immunity to covid-19 isn’t an option https://t.co/4d2DnQlFoL,why simply waiting for herd immunity to covid isn t an option
1475,real,Doctors in Michigan say an antibody drug may sharply cut the chance covid-19 patients on a ventilator will die. https://t.co/50eSpcTgRU,doctors in michigan say an antibody drug may sharply cut the chance covid patients on a ventilator will die
1476,real,Testing is available for everyone over the age of five with coronavirus symptoms. For more information on what to do if you have symptoms and how and where to get a test visit https://t.co/fmM1Isv1Dn\n#COVID19 #GetTested https://t.co/6yXXcrB1ie,testing is available for everyone over the age of five with coronavirus symptoms for more information on what to do if you have symptoms and how and where to get a test visit n covid gettested
1477,real,Researchers are infecting lab-made human lung-sac cells with the coronavirus. One area where the research could pay off is in testing covid-19 drugs. https://t.co/RwiNoCLT7L,researchers are infecting lab made human lung sac cells with the coronavirus one area where the research could pay off is in testing covid drugs
1478,fake,“People are dying from this virus who have never died before.”\n\nDonald J Trump\n\nsmh this is an actual quote,people are dying from this virus who have never died before n ndonald j trump n nsmh this is an actual quote
1479,fake,"FACT CHECK \n\nDid Trump say “People are dying from this virus who have never died before.”\n\nFACT: NO, He never said it",fact check n ndid trump say people are dying from this virus who have never died before n nfact no he never said it
1480,real,[CONTENT FROM @Baidu_Inc] Coronavirus is accelerating the development of autonomous vehicle technology. @ApolloPlatform https://t.co/KBHuc3SSzO,content from baidu inc coronavirus is accelerating the development of autonomous vehicle technology apolloplatform
1481,real,Why simply waiting for herd immunity to covid-19 isn’t an option https://t.co/GMtB8BrIws,why simply waiting for herd immunity to covid isn t an option
1482,real,"A cheap steroid called dexamethasone significantly cuts the chance of seriously ill covid-19 patients dying. Specifically, it reduced the risk of death for patients on ventilators by a third. https://t.co/QWCjBQ1m1o",a cheap steroid called dexamethasone significantly cuts the chance of seriously ill covid patients dying specifically it reduced the risk of death for patients on ventilators by a third
1483,real,"A low-cost steroid could reduce deaths in hospitalized coronavirus patients with the most severe complications by about a third, according to a new study. https://t.co/eJ1KcGTReF https://t.co/M7tPBmsmPC",a low cost steroid could reduce deaths in hospitalized coronavirus patients with the most severe complications by about a third according to a new study
1484,real,A cheap steroid called dexamethasone significantly cuts the chance of seriously ill covid-19 patients dying. https://t.co/JUStknURfi,a cheap steroid called dexamethasone significantly cuts the chance of seriously ill covid patients dying
1485,real,Why simply waiting for herd immunity to covid-19 isn’t an option https://t.co/GMtB8BrIws,why simply waiting for herd immunity to covid isn t an option
1486,real,"Young people don’t contract the coronavirus nearly as often as older people, a new study says, and they don’t show symptoms as often: https://t.co/gioLUJub7s https://t.co/zLEYM8TOqS",young people don t contract the coronavirus nearly as often as older people a new study says and they don t show symptoms as often
1487,real,"Dexamethasone, a low-cost steroid sometimes used for asthma, cancer and rheumatoid arthritis, could reduce deaths in hospitalized coronavirus patients with the most severe complications by about a third, according to new study results. https://t.co/2hXY38geAR https://t.co/VNlBw6bHix",dexamethasone a low cost steroid sometimes used for asthma cancer and rheumatoid arthritis could reduce deaths in hospitalized coronavirus patients with the most severe complications by about a third according to new study results
1488,real,There’s more evidence to suggest most covid-19 infections are transmitted by “superspreaders.” https://t.co/VHVhVfBfwK,there s more evidence to suggest most covid infections are transmitted by superspreaders
1489,real,There’s more evidence to suggest most covid-19 infections are transmitted by “superspreaders.” https://t.co/V1g4lbC70D,there s more evidence to suggest most covid infections are transmitted by superspreaders
1490,real,Why simply waiting for herd immunity to covid-19 isn’t an option https://t.co/J28S0iRREk,why simply waiting for herd immunity to covid isn t an option
1491,real,A cheap steroid called dexamethasone significantly cuts the chance of seriously ill covid-19 patients dying. https://t.co/pSxtC2AhNq,a cheap steroid called dexamethasone significantly cuts the chance of seriously ill covid patients dying
1492,real,WHO welcomes preliminary results about dexamethasone use in treating critically ill COVID-19 patients https://t.co/qivHIfbDbZ,who welcomes preliminary results about dexamethasone use in treating critically ill covid patients
1493,real,The city of Beijing has once again closed all schools and is encouraging people to work from home as new coronavirus cases continue to emerge. https://t.co/4rjcpvEDsq https://t.co/jFubuBjIfz,the city of beijing has once again closed all schools and is encouraging people to work from home as new coronavirus cases continue to emerge
1494,real,"While the world waits for a safe and effective vaccine against COVID-19, scientists are opening up a new line of attack. They are testing antiviral antibodies that aim to block the virus from infecting our cells.\nLearn more: https://t.co/D8z9XYb4SR https://t.co/EVM4sKfLPL",while the world waits for a safe and effective vaccine against covid scientists are opening up a new line of attack they are testing antiviral antibodies that aim to block the virus from infecting our cells nlearn more
1495,real,"The Navajo Nation helped us win  World War II and Trump treats them like complete garbage. And us! We are the most powerful nation on earth, with resources beyond, and he will not spend it on We the People to protect us against COVID-19 because he’s a twisted, racist criminal.",the navajo nation helped us win world war ii and trump treats them like complete garbage and us we are the most powerful nation on earth with resources beyond and he will not spend it on we the people to protect us against covid because he s a twisted racist criminal
1496,real,Researchers are infecting lab-made human lung-sac cells with the coronavirus. One area where the research could pay off is in testing covid-19 drugs. https://t.co/oJprVIM0CF,researchers are infecting lab made human lung sac cells with the coronavirus one area where the research could pay off is in testing covid drugs
1497,real,"Texas, one of the first states to ease social distancing rules, has become a new COVID hotspot as officials deal with rising cases: https://t.co/3wrQIf8JUN https://t.co/smux9WETu7",texas one of the first states to ease social distancing rules has become a new covid hotspot as officials deal with rising cases
1498,real,"Black coronavirus patients in Atlanta are much more likely to be hospitalized than white patients, a CDC report says, providing further proof that the COVID-19 pandemic affects blacks more harshly. https://t.co/Yo7ZSCvGTn https://t.co/KMRUi1ysuE",black coronavirus patients in atlanta are much more likely to be hospitalized than white patients a cdc report says providing further proof that the covid pandemic affects blacks more harshly
1499,real,There’s more evidence to suggest most covid-19 infections are transmitted by “superspreaders.” https://t.co/V1g4lbC70D,there s more evidence to suggest most covid infections are transmitted by superspreaders
1500,real,A new study has shown that COVID-19 virus isolated from the stool of a sick patient can infect cells in a petri dish -- a step toward proving a new route of transmission for the infection. What to know: https://t.co/lhiqsQHzfg https://t.co/JpQv0i9WQh,a new study has shown that covid virus isolated from the stool of a sick patient can infect cells in a petri dish a step toward proving a new route of transmission for the infection what to know
1501,real,"Following initial clinical trial results from the United Kingdom on dexamethasone, @WHO is looking forward to the full data analysis, and is updating clinical guidance on how and when the drug should be used for COVID-19.\nFor more information:➡️https://t.co/jllRB2eFkD https://t.co/RZUc3pO5rk",following initial clinical trial results from the united kingdom on dexamethasone who is looking forward to the full data analysis and is updating clinical guidance on how and when the drug should be used for covid nfor more information
1502,real,"As meat processing plants closed from COVID-19 outbreaks, the industry took to calling on the government to keep meat operations running. But recent reports reveal that while companies were sounding an alarm, they exported 129,000 tons of pork to China. https://t.co/enIKnCduBl https://t.co/7R4FHleChN",as meat processing plants closed from covid outbreaks the industry took to calling on the government to keep meat operations running but recent reports reveal that while companies were sounding an alarm they exported tons of pork to china
1503,real,"Projections from a computer model show Florida has ""all the makings of the next large epicenter” of coronavirus transmission, according to a blog post from the Children's Hospital of Philadelphia and the University of Pennsylvania. https://t.co/mwy3f2dVCl https://t.co/fDprtGXQLV",projections from a computer model show florida has all the makings of the next large epicenter of coronavirus transmission according to a blog post from the children s hospital of philadelphia and the university of pennsylvania
1504,real,@raj41353104 @GeetaNatha @Sunitagupta__ @krishnpria @jeetensingh @ShivshankarS @DS__Rajput @harshkkapoor @namoArunima @barotchetan99 @DJ007P Made in China #WuhanCoronavirus update \nPlease do read \nAntibodies Tested as Possible COVID Treatment https://t.co/2Dov39uwDO  \ncc. @drharshvardhan @DrHVoffice,raj geetanatha sunitagupta krishnpria jeetensingh shivshankars ds rajput harshkkapoor namoarunima barotchetan dj p made in china wuhancoronavirus update nplease do read nantibodies tested as possible covid treatment ncc drharshvardhan drhvoffice
1505,real,There’s more evidence to suggest most covid-19 infections are transmitted by “superspreaders.” https://t.co/V1g4lbC70D,there s more evidence to suggest most covid infections are transmitted by superspreaders
1506,real,Researchers are infecting lab-made human lung-sac cells with the coronavirus. One area where the research could pay off is in testing covid-19 drugs. https://t.co/oJprVIM0CF,researchers are infecting lab made human lung sac cells with the coronavirus one area where the research could pay off is in testing covid drugs
1507,real,A cheap steroid called dexamethasone significantly cuts the chance of seriously ill covid-19 patients dying. https://t.co/pSxtC2AhNq,a cheap steroid called dexamethasone significantly cuts the chance of seriously ill covid patients dying
1508,real,"Doctors are getting a more detailed look at some of the unexpected ways covid-19 hits the human body beyond the nasal cavity, throat, and lungs. https://t.co/Tx3LgNzwpo",doctors are getting a more detailed look at some of the unexpected ways covid hits the human body beyond the nasal cavity throat and lungs
1509,real,Why simply waiting for herd immunity to covid-19 isn’t an option https://t.co/J28S0iRREk,why simply waiting for herd immunity to covid isn t an option
1510,real,How does the coronavirus alert level system work? https://t.co/9VZMNbnKdc,how does the coronavirus alert level system work
1511,real,"Doctors are getting a more detailed look at some of the unexpected ways covid-19 hits the human body beyond the nasal cavity, throat, and lungs. https://t.co/zG8zai6UKm",doctors are getting a more detailed look at some of the unexpected ways covid hits the human body beyond the nasal cavity throat and lungs
1512,real,Why simply waiting for herd immunity to covid-19 isn’t an option https://t.co/KDwWeXeBf2,why simply waiting for herd immunity to covid isn t an option
1513,real,A cheap steroid called dexamethasone significantly cuts the chance of seriously ill covid-19 patients dying. https://t.co/D3Lm1G9vxn,a cheap steroid called dexamethasone significantly cuts the chance of seriously ill covid patients dying
1514,real,There’s more evidence to suggest most covid-19 infections are transmitted by “superspreaders.” https://t.co/EFl7yM4VQI,there s more evidence to suggest most covid infections are transmitted by superspreaders
1515,real,"While the world waits for a safe and effective vaccine against COVID-19, scientists are opening up a new line of attack -- testing antiviral antibodies that aim to block the virus from infecting our cells. https://t.co/1ksqBD84pE https://t.co/RjxPstSWLy",while the world waits for a safe and effective vaccine against covid scientists are opening up a new line of attack testing antiviral antibodies that aim to block the virus from infecting our cells
1516,real,"Doctors are getting a more detailed look at some of the unexpected ways covid-19 hits the human body beyond the nasal cavity, throat, and lungs. https://t.co/AcpMGmVMNQ",doctors are getting a more detailed look at some of the unexpected ways covid hits the human body beyond the nasal cavity throat and lungs
1517,real,Researchers are infecting lab-made human lung-sac cells with the coronavirus. One area where the research could pay off is in testing covid-19 drugs. https://t.co/7kmyLKizTN,researchers are infecting lab made human lung sac cells with the coronavirus one area where the research could pay off is in testing covid drugs
1518,real,There’s more evidence to suggest most covid-19 infections are transmitted by “superspreaders.” https://t.co/Ix0VXiD4yO,there s more evidence to suggest most covid infections are transmitted by superspreaders
1519,real,How much immunity to covid-19 are we talking about? How long does immunity last? What factors affect immunity? And what does this mean for developing a vaccine? These are the questions we need to answer as we inch closer to a vaccine and herd immunity. https://t.co/yKjZnPoXO5,how much immunity to covid are we talking about how long does immunity last what factors affect immunity and what does this mean for developing a vaccine these are the questions we need to answer as we inch closer to a vaccine and herd immunity
1520,real,Why simply waiting for herd immunity to covid-19 isn’t an option https://t.co/P7smzwU9vB,why simply waiting for herd immunity to covid isn t an option
1521,real,A cheap steroid called dexamethasone significantly cuts the chance of seriously ill covid-19 patients dying. https://t.co/UwvSgOVjs9,a cheap steroid called dexamethasone significantly cuts the chance of seriously ill covid patients dying
1522,real,A cheap steroid called dexamethasone significantly cuts the chance of seriously ill covid-19 patients dying. https://t.co/A9aMiTk1dK,a cheap steroid called dexamethasone significantly cuts the chance of seriously ill covid patients dying
1523,real,"The worldwide COVID-19 pandemic is accelerating, with a one-day global record of 150,000 new coronavirus cases reported this week, World Health Organization Director-General Dr Tedros Adhanom Ghebreyesus said Friday. https://t.co/Tz6w55yaWx https://t.co/9bqZ5Ku1UU",the worldwide covid pandemic is accelerating with a one day global record of new coronavirus cases reported this week world health organization director general dr tedros adhanom ghebreyesus said friday
1524,real,"As we inch closer to a vaccine and herd immunity, we need to resolve a few mysteries surrounding how the immune system responds to the coronavirus after infection. https://t.co/yKjZnPoXO5",as we inch closer to a vaccine and herd immunity we need to resolve a few mysteries surrounding how the immune system responds to the coronavirus after infection
1525,real,Several states have mandated the use of masks and face coverings while in public to prevent the spread of COVID-19. Cities in Florida and Arizona joined California and Michigan this week in introducing new requirements. https://t.co/IDo29kdazd https://t.co/J6b0uFdKwD,several states have mandated the use of masks and face coverings while in public to prevent the spread of covid cities in florida and arizona joined california and michigan this week in introducing new requirements
1526,real,"After the number of coronavirus cases decreased nationally in May and early June, the percentage of people testing positive for COVID-19 is on the rise again in several states, the CDC announced in a weekly report on Friday. https://t.co/4ygl0dx9rf https://t.co/RwoJygOMqh",after the number of coronavirus cases decreased nationally in may and early june the percentage of people testing positive for covid is on the rise again in several states the cdc announced in a weekly report on friday
1527,fake,"Thread, on loony COVID19 conspiracy theories and Captain America. (TLDR: it turns out the “corona virus” in the photo is a spaghetti ad.) https://t.co/R9IMOA0pT1",thread on loony covid conspiracy theories and captain america tldr it turns out the corona virus in the photo is a spaghetti ad
1528,real,Researchers are infecting lab-made human lung-sac cells with the coronavirus. One area where the research could pay off is in testing covid-19 drugs. https://t.co/7kmyLKizTN,researchers are infecting lab made human lung sac cells with the coronavirus one area where the research could pay off is in testing covid drugs
1529,real,A cheap steroid called dexamethasone significantly cuts the chance of seriously ill covid-19 patients dying. https://t.co/A9aMiTk1dK,a cheap steroid called dexamethasone significantly cuts the chance of seriously ill covid patients dying
1530,real,There’s more evidence to suggest most covid-19 infections are transmitted by “superspreaders.” https://t.co/Ix0VXiD4yO,there s more evidence to suggest most covid infections are transmitted by superspreaders
1531,real,"As we inch closer to a vaccine and herd immunity, we need to resolve a few mysteries surrounding how the immune system responds to the coronavirus after infection. https://t.co/yKjZnPoXO5",as we inch closer to a vaccine and herd immunity we need to resolve a few mysteries surrounding how the immune system responds to the coronavirus after infection
1532,real,A cheap steroid called dexamethasone significantly cuts the chance of seriously ill covid-19 patients dying. https://t.co/UwvSgOVjs9,a cheap steroid called dexamethasone significantly cuts the chance of seriously ill covid patients dying
1533,real,Why simply waiting for herd immunity to covid-19 isn’t an option https://t.co/P7smzwU9vB,why simply waiting for herd immunity to covid isn t an option
1534,real,"Doctors are getting a more detailed look at some of the unexpected ways covid-19 hits the human body beyond the nasal cavity, throat, and lungs. https://t.co/AcpMGmVMNQ",doctors are getting a more detailed look at some of the unexpected ways covid hits the human body beyond the nasal cavity throat and lungs
1535,real,"With the number of coronavirus cases trending higher again in several states, the U.S. will likely face a long stretch of new cases, hospitalizations and deaths rather than a first and second wave, a prominent epidemiologist said Sunday. https://t.co/ULNHdJXfdK https://t.co/YLs4KBBNkA",with the number of coronavirus cases trending higher again in several states the u s will likely face a long stretch of new cases hospitalizations and deaths rather than a first and second wave a prominent epidemiologist said sunday
1536,real,"My edit piece in today’s ET: 10 things to do to make us win the war against #Covid_19.  3T strategy of testing, tracing &amp; treatment with technology &amp; data analytics, quarantine &amp; public adherence to distancing &amp; masks holds the key. https://t.co/OOfYct3xhe https://t.co/F5WXYsKkhs",my edit piece in today s et things to do to make us win the war against covid t strategy of testing tracing treatment with technology data analytics quarantine public adherence to distancing masks holds the key
1537,real,There’s more evidence to suggest most covid-19 infections are transmitted by “superspreaders.” https://t.co/Ix0VXiD4yO,there s more evidence to suggest most covid infections are transmitted by superspreaders
1538,real,New: more evidence that most #COVID19 infections are transmitted by a select few individuals called “superspreaders” in an 80/20 fashion. Where 20% likely spread 80% of cases. \n\nhttps://t.co/LPSlIjWnUr,new more evidence that most covid infections are transmitted by a select few individuals called superspreaders in an fashion where likely spread of cases n n
1539,real,Researchers are infecting lab-made human lung-sac cells with the coronavirus. One area where the research could pay off is in testing covid-19 drugs. https://t.co/7kmyLKAaLl,researchers are infecting lab made human lung sac cells with the coronavirus one area where the research could pay off is in testing covid drugs
1540,real,Why simply waiting for herd immunity to covid-19 isn’t an option https://t.co/P7smzxbKn9,why simply waiting for herd immunity to covid isn t an option
1541,real,A cheap steroid called dexamethasone significantly cuts the chance of seriously ill covid-19 patients dying. https://t.co/UwvSgODI3z,a cheap steroid called dexamethasone significantly cuts the chance of seriously ill covid patients dying
1542,real,How much immunity to covid-19 are we talking about? How long does immunity last? What factors affect immunity? And what does this mean for developing a vaccine? These are the questions we need to answer as we inch closer to a vaccine and herd immunity. https://t.co/yKjZnP7mpv,how much immunity to covid are we talking about how long does immunity last what factors affect immunity and what does this mean for developing a vaccine these are the questions we need to answer as we inch closer to a vaccine and herd immunity
1543,real,"As we inch closer to a vaccine and herd immunity, we need to resolve a few mysteries surrounding how the immune system responds to the coronavirus after infection. https://t.co/yKjZnP7mpv",as we inch closer to a vaccine and herd immunity we need to resolve a few mysteries surrounding how the immune system responds to the coronavirus after infection
1544,real,Why simply waiting for herd immunity to covid-19 isn’t an option https://t.co/RAzpgU1Jpk,why simply waiting for herd immunity to covid isn t an option
1545,real,Researchers are infecting lab-made human lung-sac cells with the coronavirus. One area where the research could pay off is in testing covid-19 drugs. https://t.co/DgEA1B90uP,researchers are infecting lab made human lung sac cells with the coronavirus one area where the research could pay off is in testing covid drugs
1546,real,There’s more evidence to suggest most covid-19 infections are transmitted by “superspreaders.” https://t.co/q03nr8twwc,there s more evidence to suggest most covid infections are transmitted by superspreaders
1547,real,A cheap steroid called dexamethasone significantly cuts the chance of seriously ill covid-19 patients dying. https://t.co/y4i6pSGFft,a cheap steroid called dexamethasone significantly cuts the chance of seriously ill covid patients dying
1548,real,"The initial COVID-19 test kits created by the CDC failed because of a contaminated component, according to a review by the Department of Health and Human Services. https://t.co/7erm7oxvQQ https://t.co/0lwClhFpes",the initial covid test kits created by the cdc failed because of a contaminated component according to a review by the department of health and human services
1549,real,"“How the coronavirus transmits, where it strikes most severely, and what conditions most favor its spread are questions best understood locality by locality, community by community, not at the level of continents or even countries.”\nhttps://t.co/PRgut7AksY",how the coronavirus transmits where it strikes most severely and what conditions most favor its spread are questions best understood locality by locality community by community not at the level of continents or even countries n
1550,real,"Airlines have set their own policies for face masks to prevent the spread of COVID-19, and now airports are asking Congress for national guidelines, according to The Hill. https://t.co/tx5t4OIa3c https://t.co/bHIkPArKzp",airlines have set their own policies for face masks to prevent the spread of covid and now airports are asking congress for national guidelines according to the hill
1551,real,"As we inch closer to a vaccine and herd immunity, we need to resolve a few mysteries surrounding how the immune system responds to the coronavirus after infection. https://t.co/Vlwwh5xDS4",as we inch closer to a vaccine and herd immunity we need to resolve a few mysteries surrounding how the immune system responds to the coronavirus after infection
1552,real,"America's problems in the face of covid-19 go deeper than the Trump administration’s inaction. A once-healthy innovation ecosystem in the US, capable of identifying and creating technologies essential to the country’s welfare, has been eroding for decades. https://t.co/MS46u7eHnu",america s problems in the face of covid go deeper than the trump administration s inaction a once healthy innovation ecosystem in the us capable of identifying and creating technologies essential to the country s welfare has been eroding for decades
1553,fake,"To all the JHS and SHS final year students remember you are the future leaders of the country that is why we can't let CoronaVirus stop you from getting education. just eat healthy, take vitamin C, wear nose mask and observe all other protocols and you will be safe",to all the jhs and shs final year students remember you are the future leaders of the country that is why we can t let coronavirus stop you from getting education just eat healthy take vitamin c wear nose mask and observe all other protocols and you will be safe
1554,real,"@a_sabo12 @JibrinIbrahim17 @YZYau @ChiromaHope @teemerh_beekay @MubarakEkute @Mairo_Ado @ICTAdvocates @kamalkano @IsaKamilu @isyaku12 @CDDWestAfrica_H @ooomiiiii I do not think anybody needs any other lesson, after what we have learned from the raging COVID-19 pandemic, to know that, going forward, health has to be the top priority in terms of investment decisions of government at all levels, and all of us as Nigerians.",a sabo jibrinibrahim yzyau chiromahope teemerh beekay mubarakekute mairo ado ictadvocates kamalkano isakamilu isyaku cddwestafrica h ooomiiiii i do not think anybody needs any other lesson after what we have learned from the raging covid pandemic to know that going forward health has to be the top priority in terms of investment decisions of government at all levels and all of us as nigerians
1555,real,Why simply waiting for herd immunity to covid-19 isn’t an option https://t.co/ER6hFX8WNr,why simply waiting for herd immunity to covid isn t an option
1556,real,A cheap steroid called dexamethasone significantly cuts the chance of seriously ill covid-19 patients dying. https://t.co/m3Q8g4rYXQ,a cheap steroid called dexamethasone significantly cuts the chance of seriously ill covid patients dying
1557,real,"Today is Olympic Day!\n\nWHO, @Olympics  and @UN join forces to fight #COVID19 and encourage individuals &amp; communities around the world to be #HealthyTogether 💪\n\nMore details 👉 https://t.co/z4OcKZ3aoA https://t.co/rkALQrdiaK",today is olympic day n nwho olympics and un join forces to fight covid and encourage individuals communities around the world to be healthytogether n nmore details
1558,real,"@Olympics, @UN and WHO will work together with Olympians 🏋️‍♀️⛹️🤾‍♀️🏌️🏊‍♀️🚴‍♀️ to spread important public health information through digital platforms.\n\nMore details 👉 https://t.co/z4OcKZ3aoA https://t.co/cmVhv9tRC1",olympics un and who will work together with olympians to spread important public health information through digital platforms n nmore details
1559,real,"Contrary to what you’ve heard, shutting down the country is also the quickest way to get it started back up again. https://t.co/1cMpzdhEIZ",contrary to what you ve heard shutting down the country is also the quickest way to get it started back up again
1560,real,Sport and physical activity are for health and well-being!\n\nOlympic athletes around 🌏🌍🌎 will help promote physical and mental health by showcasing exercises to stay healthy during #COVID19.\n\nMore details 👉 https://t.co/z4OcKYLzx2 https://t.co/syRqPrDKyr,sport and physical activity are for health and well being n nolympic athletes around will help promote physical and mental health by showcasing exercises to stay healthy during covid n nmore details
1561,real,There’s more evidence to suggest most covid-19 infections are transmitted by “superspreaders.” https://t.co/EV55dI1hSi,there s more evidence to suggest most covid infections are transmitted by superspreaders
1562,real,"America's problems in the face of covid-19 go deeper than the Trump administration’s inaction. A once-healthy innovation ecosystem in the US, capable of identifying and creating technologies essential to the country’s welfare, has been eroding for decades. https://t.co/Xw2Wi1Yjbo",america s problems in the face of covid go deeper than the trump administration s inaction a once healthy innovation ecosystem in the us capable of identifying and creating technologies essential to the country s welfare has been eroding for decades
1563,real,On the occasion of #OlympicDay we are pleased to partner with the @Olympics in advocating for people to #StayActive!\nEveryone can do their part in the #COVID19 pandemic by being active and eating a healthy diet so that they can fight the virus. Together!\nhttps://t.co/L8yZWi4h5T,on the occasion of olympicday we are pleased to partner with the olympics in advocating for people to stayactive neveryone can do their part in the covid pandemic by being active and eating a healthy diet so that they can fight the virus together n
1564,real,"As we inch closer to a vaccine and herd immunity, we need to resolve a few mysteries surrounding how the immune system responds to the coronavirus after infection. https://t.co/Gos1kTgBMh",as we inch closer to a vaccine and herd immunity we need to resolve a few mysteries surrounding how the immune system responds to the coronavirus after infection
1565,real,"Travelers from the U.S. may be banned from European Union countries starting July 1, according The New York Times. https://t.co/qKGKoyiWfu https://t.co/oilIVpCSBF",travelers from the u s may be banned from european union countries starting july according the new york times
1566,real,There’s more evidence to suggest most covid-19 infections are transmitted by “superspreaders.” https://t.co/EV55dI1hSi,there s more evidence to suggest most covid infections are transmitted by superspreaders
1567,real,"America's problems in the face of covid-19 go deeper than the Trump administration’s inaction. A once-healthy innovation ecosystem in the US, capable of identifying and creating technologies essential to the country’s welfare, has been eroding for decades. https://t.co/Xw2Wi1Yjbo",america s problems in the face of covid go deeper than the trump administration s inaction a once healthy innovation ecosystem in the us capable of identifying and creating technologies essential to the country s welfare has been eroding for decades
1568,real,"“How the coronavirus transmits, where it strikes most severely, and what conditions most favor its spread are questions best understood locality by locality, community by community, not at the level of continents or even countries.”\nhttps://t.co/Shi6g3XVJa",how the coronavirus transmits where it strikes most severely and what conditions most favor its spread are questions best understood locality by locality community by community not at the level of continents or even countries n
1569,real,There’s more evidence to suggest most covid-19 infections are transmitted by “superspreaders.” https://t.co/PpTaKMhVTG,there s more evidence to suggest most covid infections are transmitted by superspreaders
1570,real,"A few weeks ago, virtually every state began easing coronavirus restrictions and opening up their economies. But alarming spikes in COVID-19 cases are being reported across the U.S., with many states reporting record highs in the daily count of new cases. https://t.co/JYZcyIvY2l https://t.co/l2sFC2wZiY",a few weeks ago virtually every state began easing coronavirus restrictions and opening up their economies but alarming spikes in covid cases are being reported across the u s with many states reporting record highs in the daily count of new cases
1571,real,"People whose jobs get taken over by robots might become robot wranglers, says @hiskov in this @techreview by @ErikaHayasaki: https://t.co/xrOkiSrBsb \n#robotics #COVID19 \n@ucsd_cse",people whose jobs get taken over by robots might become robot wranglers says hiskov in this techreview by erikahayasaki n robotics covid n ucsd cse
1572,real,"The coronavirus pandemic could lead to 300,000 to 500,000 fewer births than expected in the U.S. next year, according to a a new report from the Brookings Institution. https://t.co/a2psw21NXl https://t.co/BEbvtWDTdm",the coronavirus pandemic could lead to to fewer births than expected in the u s next year according to a a new report from the brookings institution
1573,real,"More than 8,000 people have signed a petition asking Florida officials to delay the planned July reopening of parts of Disney World, especially after Florida set several single-day records in new COVID-19 cases during the past week. https://t.co/pFx1yXQlB4 https://t.co/VhtIs24TuA",more than people have signed a petition asking florida officials to delay the planned july reopening of parts of disney world especially after florida set several single day records in new covid cases during the past week
1574,fake,"Africa’s first participation in a COVID-19 vaccine trial started Wednesday as nervous volunteers received injections, while officials said the continent of 1.3 billion people cannot be left behind. https://t.co/1EXEfBCVyk",africa s first participation in a covid vaccine trial started wednesday as nervous volunteers received injections while officials said the continent of billion people cannot be left behind
1575,real,"According to a new modeling study, if enough people wore face masks, even homemade coverings, it would slow the transmission of #COVID19 and prevent further waves of infection.\nhttps://t.co/q6ynTNjwkc\n#facemask #WearADamnMask #WearAMaskSaveALife",according to a new modeling study if enough people wore face masks even homemade coverings it would slow the transmission of covid and prevent further waves of infection n n facemask wearadamnmask wearamasksavealife
1576,real,"America's problems in the face of covid-19 go deeper than the Trump administration’s inaction. A once-healthy innovation ecosystem in the US, capable of identifying and creating technologies essential to the country’s welfare, has been eroding for decades. https://t.co/xvRhn2iulo",america s problems in the face of covid go deeper than the trump administration s inaction a once healthy innovation ecosystem in the us capable of identifying and creating technologies essential to the country s welfare has been eroding for decades
1577,real,"To celebrate Olympic Day, @WHO, @Olympics  and @UN joined forces to fight #COVID19 and encouraged individuals &amp; communities around the world to be #HealthyTogether \n\n👉 https://t.co/fwMoAi4IwW\n#BeActive✨ #Sport4SDGs ⚽️⛳️🪀🏀🏸🥊🏉🏑🤿🥅🏓🥎 https://t.co/LRGc8dhEQC",to celebrate olympic day who olympics and un joined forces to fight covid and encouraged individuals communities around the world to be healthytogether n n n beactive sport sdgs
1578,real,There’s more evidence to suggest most covid-19 infections are transmitted by “superspreaders.” https://t.co/PpTaKMhVTG,there s more evidence to suggest most covid infections are transmitted by superspreaders
1579,real,"Herd immunity might be achieved when only 43% of a population becomes immune to the coronavirus, mathematicians report -- much less than the typical threshold for herd immunity. https://t.co/uC6uNPxFTk https://t.co/Jc3mdYJBxb",herd immunity might be achieved when only of a population becomes immune to the coronavirus mathematicians report much less than the typical threshold for herd immunity
1580,real,There’s more evidence to suggest most covid-19 infections are transmitted by “superspreaders.” https://t.co/Rb17FDTROR,there s more evidence to suggest most covid infections are transmitted by superspreaders
1581,real,Blood test data analyzed by the CDC suggest that there have been 10 times as many coronavirus infections in the U.S. than have been included in official counts. What you need to know: https://t.co/Nc6mDOcbxL https://t.co/IRD6jEqN5d,blood test data analyzed by the cdc suggest that there have been times as many coronavirus infections in the u s than have been included in official counts what you need to know
1582,real,"""Right now I am unfortunately not optimistic at all given what we have seen in terms of lack of national strategy. By now we actually know... what it takes to contain Covid-19... I still can't believe we're talking about this now"" - @DrLeanaWen w/ @NicolleDWallace https://t.co/eXZ9naMwET",right now i am unfortunately not optimistic at all given what we have seen in terms of lack of national strategy by now we actually know what it takes to contain covid i still can t believe we re talking about this now drleanawen w nicolledwallace
1583,real,"An updated coronavirus model forecasts that 179,106 people in the U.S. will die from COVID-19 by Oct. 1 unless more people wear face coverings. https://t.co/S4HftUbgfv https://t.co/VFEuAcpedK",an updated coronavirus model forecasts that people in the u s will die from covid by oct unless more people wear face coverings
1584,real,"Data from people’s personal cell phones shows that Americans are moving around at almost the same levels as before the pandemic, according to researchers at the Harvard T.H. Chan School of Public Health. https://t.co/dTDujBoOK0 https://t.co/eKSWv6CokU",data from people s personal cell phones shows that americans are moving around at almost the same levels as before the pandemic according to researchers at the harvard t h chan school of public health
1585,fake,Word I’m getting on new serious turn in the COVID renesvous; notes from source are below. Italy says to have discovered COVID (or the deadly part of it) is not a virus but a bacterium that causes severe blood clots &amp; restricts oxygen transmission ..@Jkylebass @SantiagoAuFund 😳,word i m getting on new serious turn in the covid renesvous notes from source are below italy says to have discovered covid or the deadly part of it is not a virus but a bacterium that causes severe blood clots restricts oxygen transmission jkylebass santiagoaufund
1586,real,There’s more evidence to suggest most covid-19 infections are transmitted by “superspreaders.” https://t.co/Rb17FDTROR,there s more evidence to suggest most covid infections are transmitted by superspreaders
1587,real,"How does consumer spending rising by 8.2% in May help the record amount of Americans who are out of work, or the thousands of people who are getting infected by the Coronavirus?\n\nThe cake's made of shit, but the frosting's still good I guess.",how does consumer spending rising by in may help the record amount of americans who are out of work or the thousands of people who are getting infected by the coronavirus n nthe cake s made of shit but the frosting s still good i guess
1588,real,There’s more evidence to suggest most covid-19 infections are transmitted by “superspreaders.” https://t.co/Y3vNXAMFy5,there s more evidence to suggest most covid infections are transmitted by superspreaders
1589,real,"As we inch closer to a vaccine and herd immunity, we need to resolve a few mysteries surrounding how the immune system responds to the coronavirus after infection. https://t.co/yQkWrppnUg",as we inch closer to a vaccine and herd immunity we need to resolve a few mysteries surrounding how the immune system responds to the coronavirus after infection
1590,real,We've added new countries to this coronavirus app database. See whether your country's automated contact tracing app is invasive or not. https://t.co/kyxPawRVdU,we ve added new countries to this coronavirus app database see whether your country s automated contact tracing app is invasive or not
1591,real,"As we inch closer to a vaccine and herd immunity, we need to resolve a few mysteries surrounding how the immune system responds to the coronavirus after infection. https://t.co/Pr0ZU2JIp5",as we inch closer to a vaccine and herd immunity we need to resolve a few mysteries surrounding how the immune system responds to the coronavirus after infection
1592,fake,"When you donate blood in the Houston area, they will now test for COVID-19 antibodies for free https://t.co/u2roEHn2q4 https://t.co/DXF4cPDJIP",when you donate blood in the houston area they will now test for covid antibodies for free
1593,real,"America's problems in the face of covid-19 go deeper than the Trump administration’s inaction. A once-healthy innovation ecosystem in the US, capable of identifying and creating technologies essential to the country’s welfare, has been eroding for decades. https://t.co/puVHZzOxCa",america s problems in the face of covid go deeper than the trump administration s inaction a once healthy innovation ecosystem in the us capable of identifying and creating technologies essential to the country s welfare has been eroding for decades
1594,real,"As we inch closer to a vaccine and herd immunity, we need to resolve a few mysteries surrounding how the immune system responds to the coronavirus after infection. https://t.co/KL0vvQoz9z",as we inch closer to a vaccine and herd immunity we need to resolve a few mysteries surrounding how the immune system responds to the coronavirus after infection
1595,real,"America's problems in the face of covid-19 go deeper than the Trump administration’s inaction. A once-healthy innovation ecosystem in the US, capable of identifying and creating technologies essential to the country’s welfare, has been eroding for decades. https://t.co/X5qs7nI0p8",america s problems in the face of covid go deeper than the trump administration s inaction a once healthy innovation ecosystem in the us capable of identifying and creating technologies essential to the country s welfare has been eroding for decades
1596,real,"America's problems in the face of covid-19 go deeper than the Trump administration’s inaction. A once-healthy innovation ecosystem in the US, capable of identifying and creating technologies essential to the country’s welfare, has been eroding for decades. https://t.co/NOnALn0hAd",america s problems in the face of covid go deeper than the trump administration s inaction a once healthy innovation ecosystem in the us capable of identifying and creating technologies essential to the country s welfare has been eroding for decades
1597,real,There’s more evidence to suggest most covid-19 infections are transmitted by “superspreaders.” https://t.co/l6Nh9DXdyX,there s more evidence to suggest most covid infections are transmitted by superspreaders
1598,fake,"More on Meatpackers &amp; COVID—""They take better care of the chickens than they do their employees..It was less than 4 days after my uncle tested positive that a Tyson supervisor called, saying 'you're expected to return to work—He can't even get out of bed""  https://t.co/6heN13WwGh",more on meatpackers covid they take better care of the chickens than they do their employees it was less than days after my uncle tested positive that a tyson supervisor called saying you re expected to return to work he can t even get out of bed
1599,fake,"South Africa's coronavirus vaccine trial, the first such test on the continent, with its 2,000 volunteers planned to include some living with HIV.\nhttps://t.co/4XquR82c2t",south africa s coronavirus vaccine trial the first such test on the continent with its volunteers planned to include some living with hiv n
1600,fake,Half of Fox News Viewers believe that Bill Gates wants to use a coronavirus vaccine to implant microchips into Americans in order to track them. 0% of those seem aware that their phones can already do that. https://t.co/Cd6K0gF16n,half of fox news viewers believe that bill gates wants to use a coronavirus vaccine to implant microchips into americans in order to track them of those seem aware that their phones can already do that
1601,real,The claim: Doctors warn COVID-19 may trigger diabetes in otherwise healthy people \nhttps://t.co/gBMIEJEGiH,the claim doctors warn covid may trigger diabetes in otherwise healthy people n
1602,real,Texas Gov. Greg Abbott says his decision allowing bars to reopen during early phases of his economic recovery plan contributed to the alarming surge of coronavirus cases in the state. https://t.co/dJebCMLkcn https://t.co/eBFCDvVHyV,texas gov greg abbott says his decision allowing bars to reopen during early phases of his economic recovery plan contributed to the alarming surge of coronavirus cases in the state
1603,fake,"South Africa will begin a #coronavirus #vaccine trial on Wednesday, the first such test on the continent, with its 2,000 volunteers planned to include some living with HIV. The vaccine is developed by the University of Oxford in Britain. (Photo: AP) https://t.co/uwr8DUJTZk",south africa will begin a coronavirus vaccine trial on wednesday the first such test on the continent with its volunteers planned to include some living with hiv the vaccine is developed by the university of oxford in britain photo ap
1604,real,"Americans are increasingly taking protective actions against the coronavirus and becoming less likely to engage in routine activities such as going to church or flying on an airplane, a new poll shows. https://t.co/Y5fMzplNX0 https://t.co/9vm9AAeAQR",americans are increasingly taking protective actions against the coronavirus and becoming less likely to engage in routine activities such as going to church or flying on an airplane a new poll shows
1605,real,"As states in the South and West, such as Arizona, Texas, and Florida set daily records for new coronavirus cases, rural towns are recording higher numbers as well, according to the Associated Press. https://t.co/GXBP7rkoT7 https://t.co/wtHcgVlC82",as states in the south and west such as arizona texas and florida set daily records for new coronavirus cases rural towns are recording higher numbers as well according to the associated press
1606,real,"Brazil signed a $127 million agreement to produce an experimental COVID-19 vaccine developed by AstraZeneca, according to Reuters. https://t.co/snvxGS6ucu https://t.co/4jzDXcU9Zo",brazil signed a million agreement to produce an experimental covid vaccine developed by astrazeneca according to reuters
1607,real,"America's problems in the face of covid-19 go deeper than the Trump administration’s inaction. A once-healthy innovation ecosystem in the US, capable of identifying and creating technologies essential to the country’s welfare, has been eroding for decades. https://t.co/NOnALn0hAd",america s problems in the face of covid go deeper than the trump administration s inaction a once healthy innovation ecosystem in the us capable of identifying and creating technologies essential to the country s welfare has been eroding for decades
1608,real,"Contrary to what you’ve heard, shutting down the country is also the quickest way to get it started back up again. https://t.co/Olscyv2zTC",contrary to what you ve heard shutting down the country is also the quickest way to get it started back up again
1609,real,"The vice president drops appearances a day after boasting the U.S. is ""flattening the curve"" in COVID-19 cases. https://t.co/lpPPwJBW49",the vice president drops appearances a day after boasting the u s is flattening the curve in covid cases
1610,real,"As we inch closer to a vaccine and herd immunity, we need to resolve a few mysteries surrounding how the immune system responds to the coronavirus after infection. https://t.co/KL0vvQoz9z",as we inch closer to a vaccine and herd immunity we need to resolve a few mysteries surrounding how the immune system responds to the coronavirus after infection
1611,real,"The vice president drops appearances a day after boasting the U.S. is ""flattening the curve"" in COVID-19 cases. https://t.co/WoSdrlZMej",the vice president drops appearances a day after boasting the u s is flattening the curve in covid cases
1612,fake,"Tell me about your favourite lab fails/mistakes! I have a fresh one: threw my precious experimental plates in the trash instead of the incubator and only realized the next day (think ""banana vs. peel""). #normalizefailure #AcademicChatter https://t.co/4cEJbZNtuO",tell me about your favourite lab fails mistakes i have a fresh one threw my precious experimental plates in the trash instead of the incubator and only realized the next day think banana vs peel normalizefailure academicchatter
1613,real,Trump has the stupid idea that we should stop fighting COVID and save the economy.  Joe knows that you can't save the economy until you stop COVID.  That's why I'm voting for Joe.,trump has the stupid idea that we should stop fighting covid and save the economy joe knows that you can t save the economy until you stop covid that s why i m voting for joe
1614,real,There’s more evidence to suggest most covid-19 infections are transmitted by “superspreaders.” https://t.co/l6Nh9DXdyX,there s more evidence to suggest most covid infections are transmitted by superspreaders
1615,real,"America's problems in the face of covid-19 go deeper than the Trump administration’s inaction. A once-healthy innovation ecosystem in the US, capable of identifying and creating technologies essential to the country’s welfare, has been eroding for decades. https://t.co/NOnALn0hAd",america s problems in the face of covid go deeper than the trump administration s inaction a once healthy innovation ecosystem in the us capable of identifying and creating technologies essential to the country s welfare has been eroding for decades
1616,real,Want to know how contact tracing for #COVID19 works? Check out our video below. Testing is available for everyone over the age of five with #coronavirus symptoms. For more information on what to do if you have symptoms and how and where to get a test visit https://t.co/fmM1Isv1Dn https://t.co/icGrOWSDtu,want to know how contact tracing for covid works check out our video below testing is available for everyone over the age of five with coronavirus symptoms for more information on what to do if you have symptoms and how and where to get a test visit
1617,fake,"Can people who are positive for Covid, but secretly taking convalescent plasma to stay feeling well, still shed the virus onto others? Asking for...some guys who keep getting exposed but never seem to get sick and like to lie a lot.",can people who are positive for covid but secretly taking convalescent plasma to stay feeling well still shed the virus onto others asking for some guys who keep getting exposed but never seem to get sick and like to lie a lot
1618,real,"Some patients with severe cases of COVID-19 have also had brain complications, but researchers aren’t sure whether the disease directly causes them, according to a study published Thursday in The Lancet Psychiatry. https://t.co/dU1pl79J0I https://t.co/NTVuOnsiGk",some patients with severe cases of covid have also had brain complications but researchers aren t sure whether the disease directly causes them according to a study published thursday in the lancet psychiatry
1619,real,"As we inch closer to a vaccine and herd immunity, we need to resolve a few mysteries surrounding how the immune system responds to the coronavirus after infection. https://t.co/KL0vvQoz9z",as we inch closer to a vaccine and herd immunity we need to resolve a few mysteries surrounding how the immune system responds to the coronavirus after infection
1620,fake,You can’t call yourself a #BlackLivesMatter ally if you don’t 1) wear masks in public and 2) avoid gatherings outside of protests. BIPOC are 5x more likely to contract COVID-19 thanks to systemic health inequities. Protecting Black lives means stopping the spread. (Source: CDC) https://t.co/ttlbwLC7Vb,you can t call yourself a blacklivesmatter ally if you don t wear masks in public and avoid gatherings outside of protests bipoc are x more likely to contract covid thanks to systemic health inequities protecting black lives means stopping the spread source cdc
1621,real,"America's problems in the face of covid-19 go deeper than the Trump administration’s inaction. A once-healthy innovation ecosystem in the US, capable of identifying and creating technologies essential to the country’s welfare, has been eroding for decades. https://t.co/X5qs7nI0p8",america s problems in the face of covid go deeper than the trump administration s inaction a once healthy innovation ecosystem in the us capable of identifying and creating technologies essential to the country s welfare has been eroding for decades
1622,real,"Adding-I think we've all been pretty upfront about the evolving nature of COVID-19 recs. We're literally building the bridge as we walk across it. Also, we should *want* guidance to evolve as that means we're learning more &amp; improving. Ultimately we have to lean into the ebb/flow https://t.co/KwXRdnkCUA",adding i think we ve all been pretty upfront about the evolving nature of covid recs we re literally building the bridge as we walk across it also we should want guidance to evolve as that means we re learning more improving ultimately we have to lean into the ebb flow
1623,fake,"""Gandhi Hospital: COVID-19 patients with mild to no symptoms are given a multivitamin and vitamin C and D tablets for a week, HCQ tablets for five days ...  also given to all family members of the patient as a precautionary measure."" https://t.co/5iSIzzxg4A",gandhi hospital covid patients with mild to no symptoms are given a multivitamin and vitamin c and d tablets for a week hcq tablets for five days also given to all family members of the patient as a precautionary measure
1624,real,"In my lifetime, we’ve lost wars in Vietnam, Afghanistan, &amp; Iraq. And we’re losing the war against #Covid_19. All losses were due to lying leaders, stupidity, hubris, &amp; putting crass politics ahead of reason &amp; people’s needs. And all have cost us dearly in lives &amp; treasure.",in my lifetime we ve lost wars in vietnam afghanistan iraq and we re losing the war against covid all losses were due to lying leaders stupidity hubris putting crass politics ahead of reason people s needs and all have cost us dearly in lives treasure
1625,real,There’s more evidence to suggest most covid-19 infections are transmitted by “superspreaders.” https://t.co/l6Nh9DXdyX,there s more evidence to suggest most covid infections are transmitted by superspreaders
1626,fake,"Remdesivir -  $3,120.\nHydroxychloroquine - $14.95.\nZinc - $9.99.\nVitamin C - $14.99.\nVitamin D3 - $10.99. \n\nI’m glad I don’t need prescription drugs to boost my immune system or recover from COVID-19. Not to mention Rx side effects. The choice for Coronavirus remedies is clear.",remdesivir nhydroxychloroquine nzinc nvitamin c nvitamin d n ni m glad i don t need prescription drugs to boost my immune system or recover from covid not to mention rx side effects the choice for coronavirus remedies is clear
1627,real,#BacktoWork China's top economic planner has decided to extend the policy of cutting electricity prices by 5 percent until year-end to help businesses overcome difficulties caused by the novel #coronavirus outbreak. #China #COVID_19,backtowork china s top economic planner has decided to extend the policy of cutting electricity prices by percent until year end to help businesses overcome difficulties caused by the novel coronavirus outbreak china covid
1628,real,"As restrictions are lifted, don’t succumb to ""quarantine fatigue”. We must STAY VIGILANT and not lose the progress we have made in flattening the curve and reducing the spread of COVID-19. #KillTheVirus #WinningMatters https://t.co/MKo7Fuvngh",as restrictions are lifted don t succumb to quarantine fatigue we must stay vigilant and not lose the progress we have made in flattening the curve and reducing the spread of covid killthevirus winningmatters
1629,real,"America's problems in the face of covid-19 go deeper than the Trump administration’s inaction. A once-healthy innovation ecosystem in the US, capable of identifying and creating technologies essential to the country’s welfare, has been eroding for decades. https://t.co/NOnALn0hAd",america s problems in the face of covid go deeper than the trump administration s inaction a once healthy innovation ecosystem in the us capable of identifying and creating technologies essential to the country s welfare has been eroding for decades
1630,real,"As we inch closer to a vaccine and herd immunity, we need to resolve a few mysteries surrounding how the immune system responds to the coronavirus after infection. https://t.co/KL0vvQoz9z",as we inch closer to a vaccine and herd immunity we need to resolve a few mysteries surrounding how the immune system responds to the coronavirus after infection
1631,real,"America's problems in the face of covid-19 go deeper than the Trump administration’s inaction. A once-healthy innovation ecosystem in the US, capable of identifying and creating technologies essential to the country’s welfare, has been eroding for decades. https://t.co/X5qs7nI0p8",america s problems in the face of covid go deeper than the trump administration s inaction a once healthy innovation ecosystem in the us capable of identifying and creating technologies essential to the country s welfare has been eroding for decades
1632,real,"Covid-19 threatens cleaning crews in warehouses, grocery stores, and schools. A team from @MIT_CSAIL helped design a robotic system to disinfect surfaces and neutralize the airborne virus. It’s now deployed at the Greater Boston Food Bank. https://t.co/VurXQR82o0 https://t.co/jz8WAw3rja",covid threatens cleaning crews in warehouses grocery stores and schools a team from mit csail helped design a robotic system to disinfect surfaces and neutralize the airborne virus it s now deployed at the greater boston food bank
1633,real,Why simply waiting for herd immunity to covid-19 isn’t an option https://t.co/kH4y0PNYCR,why simply waiting for herd immunity to covid isn t an option
1634,real,"Contrary to what you’ve heard, shutting down the country is also the quickest way to get it started back up again. (from April) https://t.co/GU5XyGoE5n",contrary to what you ve heard shutting down the country is also the quickest way to get it started back up again from april
1635,real,"#UPDATE Iran on Monday reported 162 more deaths from the novel #coronavirus, the highest single-day toll since the country's outbreak began in February https://t.co/7oRaRxNsYm",update iran on monday reported more deaths from the novel coronavirus the highest single day toll since the country s outbreak began in february
1636,real,"America's problems in the face of covid-19 go deeper than the Trump administration’s inaction. A once-healthy innovation ecosystem in the US, capable of identifying and creating technologies essential to the country’s welfare, has been eroding for decades. https://t.co/EQxB8ILCKK",america s problems in the face of covid go deeper than the trump administration s inaction a once healthy innovation ecosystem in the us capable of identifying and creating technologies essential to the country s welfare has been eroding for decades
1637,real,"Compared to other countries, Canada has done better than some in flattening the curve of the COVID-19 pandemic  (such as the US, the UK and Italy), but not as well as others (such as South Korea and Japan). https://t.co/6DfcZqQd9q",compared to other countries canada has done better than some in flattening the curve of the covid pandemic such as the us the uk and italy but not as well as others such as south korea and japan
1638,real,"Airports are opening, schools are resuming gradually, inter state lockdown eased, economy opening, football resumed... It's a good time to be alive. We are winning the war against covid-19 gradually. \n\nThat said, please don't forget that coronavirus is still with us. Stay Safe!",airports are opening schools are resuming gradually inter state lockdown eased economy opening football resumed it s a good time to be alive we are winning the war against covid gradually n nthat said please don t forget that coronavirus is still with us stay safe
1639,real,There’s more evidence to suggest most covid-19 infections are transmitted by “superspreaders.” https://t.co/t1SUsGebve,there s more evidence to suggest most covid infections are transmitted by superspreaders
1640,real,"From helping to save lives in hospitals, to walking dogs, to showing properties for real estate agents, robots are taking over tasks during the pandemic. That could accelerate the robot takeover of human jobs. https://t.co/OcbWi4ptBs",from helping to save lives in hospitals to walking dogs to showing properties for real estate agents robots are taking over tasks during the pandemic that could accelerate the robot takeover of human jobs
1641,fake,Businesses within Miami city limits will face mandatory multiday closures for violating emergency measures meant to slow the spread of COVID-19. https://t.co/tOiXU4exkM,businesses within miami city limits will face mandatory multiday closures for violating emergency measures meant to slow the spread of covid
1642,fake,"The globalists are planning to keep you worried about Corona virus until flu season comes. \n\n(Flu season naturally kills about 40,000 Americans a year - crazy how no one mentions this)\n\nThey will use these flu deaths - label them as “COVID-19”, &amp; scare you all into submission.",the globalists are planning to keep you worried about corona virus until flu season comes n n flu season naturally kills about americans a year crazy how no one mentions this n nthey will use these flu deaths label them as covid scare you all into submission
1643,real,There’s more evidence to suggest most covid-19 infections are transmitted by “superspreaders.” https://t.co/t1SUsGebve,there s more evidence to suggest most covid infections are transmitted by superspreaders
1644,real,"""In an age of artificial intelligence, genomic medicine, and self-driving cars, our most effective response to the outbreak has been mass quarantines, a public health technique borrowed from the Middle Ages"" #digitalhealth #covid19 \n\nhttps://t.co/ZoUznNfU36",in an age of artificial intelligence genomic medicine and self driving cars our most effective response to the outbreak has been mass quarantines a public health technique borrowed from the middle ages digitalhealth covid n n
1645,real,"Robots are being used during the pandemic to spray disinfectants, walk dogs, and show properties for real estate agents. But where they may be doing the most to save lives is in hospitals.  https://t.co/tNyr4lC4FX",robots are being used during the pandemic to spray disinfectants walk dogs and show properties for real estate agents but where they may be doing the most to save lives is in hospitals
1646,real,More than 62600 people in 341 cities in all 31 provinces in #Iran have died from the novel #coronavirus since the outbreak began in February according to a Monday statement from the #PMOI #MEK https://t.co/0EUTvDeq7l \n#IRGCTerrorWithoutBorders #Iranian  #FreeIran2020 @USAdarFarsi https://t.co/Am6B8PTZ1n,more than people in cities in all provinces in iran have died from the novel coronavirus since the outbreak began in february according to a monday statement from the pmoi mek n irgcterrorwithoutborders iranian freeiran usadarfarsi
1647,real,There’s more evidence to suggest most covid-19 infections are transmitted by “superspreaders.” https://t.co/t1SUsGvMmM,there s more evidence to suggest most covid infections are transmitted by superspreaders
1648,real,There’s more evidence to suggest most covid-19 infections are transmitted by “superspreaders.” https://t.co/d2XY2vqKci,there s more evidence to suggest most covid infections are transmitted by superspreaders
1649,real,"The European Union will open its borders to travelers from 15 nations starting July 1, but not to visitors from the United States, Russia, and Brazil. More information: https://t.co/XX4IHHAMOK https://t.co/7XbsfMgVRf",the european union will open its borders to travelers from nations starting july but not to visitors from the united states russia and brazil more information
1650,fake,"On her days off, Kayleigh attends Florida town hall meetings to explain that masks are the Devil’s Work and Bill Gates is trying to implant a 5G microchip vaccine under your skin that turns you into a pedophile. https://t.co/NZjtnQI0XK",on her days off kayleigh attends florida town hall meetings to explain that masks are the devil s work and bill gates is trying to implant a g microchip vaccine under your skin that turns you into a pedophile
1651,real,"The U.S. has reported more than 40,000 new coronavirus cases per day recently, and that could surge to 100,000, one of the nation's top infectious diseases experts told Congress. https://t.co/kiU47IK9KE https://t.co/gPObvpZ9Ps",the u s has reported more than new coronavirus cases per day recently and that could surge to one of the nation s top infectious diseases experts told congress
1652,real,"Visitors who travel to New York, New Jersey, or Connecticut will be required to quarantine for 14 days if they arrive from eight additional states: California, Georgia, Idaho, Iowa, Louisiana, Mississippi, Nevada, and Tennessee. https://t.co/DvcBWFGXLy https://t.co/m5zZg7qd6H",visitors who travel to new york new jersey or connecticut will be required to quarantine for days if they arrive from eight additional states california georgia idaho iowa louisiana mississippi nevada and tennessee
1653,real,"Robots are being used during the pandemic to spray disinfectants, walk dogs, and show properties for real estate agents. But where they may be doing the most to save lives is in hospitals.  https://t.co/WYPz6mopBc",robots are being used during the pandemic to spray disinfectants walk dogs and show properties for real estate agents but where they may be doing the most to save lives is in hospitals
1654,real,My opponent won his primary with almost 80% of the vote. He has a $1m lead. Every dollar counts! Please share and chip in $25 to help me be able to reach people in our district digital and print ads. https://t.co/A5KKxgr9pu https://t.co/ilkVSCmAoO,my opponent won his primary with almost of the vote he has a m lead every dollar counts please share and chip in to help me be able to reach people in our district digital and print ads
1655,real,"Mr. Kitao of SBI is going to get these corridors liquid. Period. Just took a $30 million dollar stake in one of the oldest operating market-makers in the digital asset space, B2C2. He's on FIRE.  https://t.co/PRWob04C8b",mr kitao of sbi is going to get these corridors liquid period just took a million dollar stake in one of the oldest operating market makers in the digital asset space b c he s on fire
1656,real,"After careful consideration, we have decided the time is right to restart our work on #NHSComplaints from today (1 July). We are now accepting new health complaints and progressing existing ones. Read our latest #Coronavirus #COVID19 update for more info: https://t.co/8QfkoJgYuU https://t.co/8D2A8IyvX3",after careful consideration we have decided the time is right to restart our work on nhscomplaints from today july we are now accepting new health complaints and progressing existing ones read our latest coronavirus covid update for more info
1657,real,"An update overnight from the govt for refugees, prison leavers, people with a disability or health condition, couples and families ... 12.15am: Removed the wording ‘You will not get a sanction if you cannot keep to your Claimant Commitment because of coronavirus (COVID-19)’ https://t.co/qgzTzcAzkP",an update overnight from the govt for refugees prison leavers people with a disability or health condition couples and families am removed the wording you will not get a sanction if you cannot keep to your claimant commitment because of coronavirus covid
1658,fake,Sins/Bad deeds are like credit cards....\n\nEnjoy now - Pay later - karma \n\nAnd NO ......dipping in a river or discussing in a box does not help on a yearly basis and neither gives u the right to sin again.....\n\nJai shree Ram.,sins bad deeds are like credit cards n nenjoy now pay later karma n nand no dipping in a river or discussing in a box does not help on a yearly basis and neither gives u the right to sin again n njai shree ram
1659,fake,"I'm tired of jerry-rigging responses after the crisis hits.  In past 2 years I've led responses to unprecedented outbreaks of Hep A, Eastern Equine Encephalitis, vaping related illness, and now COVID-19. U.S. must invest LONGTERM in #publichealth https://t.co/HezBU4kpaa",i m tired of jerry rigging responses after the crisis hits in past years i ve led responses to unprecedented outbreaks of hep a eastern equine encephalitis vaping related illness and now covid u s must invest longterm in publichealth
1660,fake,The CDC recommends that everyone wear cloth face masks regardless of whether or not they feel sick. There is evidence that people with COVID-19 can spread the disease even if they don't have symptoms. \n[image description] graphic of person wearing a face mask https://t.co/pkQdD1pf4Z,the cdc recommends that everyone wear cloth face masks regardless of whether or not they feel sick there is evidence that people with covid can spread the disease even if they don t have symptoms n image description graphic of person wearing a face mask
1661,fake,"Mayor of Atlanta, Georgia, Keisha Lance Bottoms, who's reportedly on Joe Biden's vice president short list, announces she has tested positive for coronavirus. https://t.co/KXzll38xen",mayor of atlanta georgia keisha lance bottoms who s reportedly on joe biden s vice president short list announces she has tested positive for coronavirus
1662,fake,Atlanta Mayor Keisha Lance Bottoms who is a rumored contender to be Joe Biden’s running mate has tested positive for coronavirus.\n\nhttps://t.co/L3Ss44gP41 via @politicususa,atlanta mayor keisha lance bottoms who is a rumored contender to be joe biden s running mate has tested positive for coronavirus n n via politicususa
1663,fake,"BREAKING: Atlanta Mayor Keisha Lance Bottoms, a top candidate to be presumptive Democratic presidential nominee Joe Biden's running mate, said that she has tested positive for coronavirus https://t.co/OESF9OAgnF",breaking atlanta mayor keisha lance bottoms a top candidate to be presumptive democratic presidential nominee joe biden s running mate said that she has tested positive for coronavirus
1664,fake,"Trump Factoid:\n\nThe 20th March 2020 COVID-19 Press Briefing:\n\nReporter: “What can you say to Americans who are watching you right now that are scared?”\n\nTrump: “I say that’s a nasty question and you’re a terrible reporter!”\n\nDidn’t have an answer then, doesn’t have an answer now!",trump factoid n nthe th march covid press briefing n nreporter what can you say to americans who are watching you right now that are scared n ntrump i say that s a nasty question and you re a terrible reporter n ndidn t have an answer then doesn t have an answer now
1665,real,Do you have physical distancing measures in place to prevent the spread of #COVID-19 at workstations? Use this new OiRA tool to find out: https://t.co/6JYmvZGEkH https://t.co/sHif0NVOTu,do you have physical distancing measures in place to prevent the spread of covid at workstations use this new oira tool to find out
1666,fake,"Mark Grenon, the self-described archbishop of a fraudulent “non-religious church,” marketed the potentially lethal “Miracle Mineral Solution” as a groundbreaking coronavirus cure and directed his customers to ingest it by mouth has been arrested by the DOJ\nhttps://t.co/u7nAbZSKFZ",mark grenon the self described archbishop of a fraudulent non religious church marketed the potentially lethal miracle mineral solution as a groundbreaking coronavirus cure and directed his customers to ingest it by mouth has been arrested by the doj n
1667,fake,"When lockdown fanatics are confronted with the huge and growing collateral damage from lockdown, they never engage: they just respond with an exaggerated number of deaths from Covid.  As if the other 90% of deaths this year don't matter. Fear has made them stupid.",when lockdown fanatics are confronted with the huge and growing collateral damage from lockdown they never engage they just respond with an exaggerated number of deaths from covid as if the other of deaths this year don t matter fear has made them stupid
1668,fake,"@snoopytrader77 @realDonaldTrump Snoopy, the claimed COVID deaths of 136,000+ in the US are likely severely exaggerated (a phony number!) due to CDC guidelines and pressure on hospitals + financial incentives to list COVID19 as the cause of death ""more often than not"". I discussed this ""ad nauseam"" in the past! https://t.co/TYEKAIY4yr",snoopytrader realdonaldtrump snoopy the claimed covid deaths of in the us are likely severely exaggerated a phony number due to cdc guidelines and pressure on hospitals financial incentives to list covid as the cause of death more often than not i discussed this ad nauseam in the past
1669,fake,If you didn’t think there was a link between dangerous antivaxx bullshit and coronavirus skeptics... well the Venn Diagram is a circle. \n\n“Miracle mineral solution” is industrial bleach and has no medical or therapeutic indication. \n\nIt’s fucking poison. https://t.co/gyI4mP2GNV,if you didn t think there was a link between dangerous antivaxx bullshit and coronavirus skeptics well the venn diagram is a circle n n miracle mineral solution is industrial bleach and has no medical or therapeutic indication n nit s fucking poison
1670,fake,"Robert F. Kennedy Jr., son of Robert and nephew of JFK said that the NIAD, Dr. Fauci's agency, and Gates Foundation will collect 50% of all royalties from a potential coronavirus vaccine. \n\n👉🏿RFK Jr says Dr. Fauci will profit from COVID-19 vaccine https://t.co/DsXmy94I6w",robert f kennedy jr son of robert and nephew of jfk said that the niad dr fauci s agency and gates foundation will collect of all royalties from a potential coronavirus vaccine n n rfk jr says dr fauci will profit from covid vaccine
1671,fake,"A tuberculosis vaccine, commonly given in countries with high rates of TB, may help reduce the risk of death from COVID-19, researchers suggest. https://t.co/mgbggeozrF https://t.co/suLPDsa0V1",a tuberculosis vaccine commonly given in countries with high rates of tb may help reduce the risk of death from covid researchers suggest
1672,fake,"Anwar, MPs Question Malaysia’s Covid-19 Testing Rate And Accuracy \n\n@anwaribrahim says Malaysia's testing rate is too low.\n- Malaysia: 0.18 tests per 1,000 population\n- Australia: 1.98 tests per 1,000 population\n- Canada: 1.03 tests per 1,000 population\n\nhttps://t.co/03ldPhhZ7o",anwar mps question malaysia s covid testing rate and accuracy n n anwaribrahim says malaysia s testing rate is too low n malaysia tests per population n australia tests per population n canada tests per population n n
1673,fake,"If Arkansas can do it, we can in #Tennessee. The CDC reported today that if we all wear masks when out in public, we can get COVID-19 under control within 1-2 months. Such a small thing can make a BUG difference. We need a mask mandate. Save lives, save our economy- #MaskUpNow https://t.co/KACHmFdefq",if arkansas can do it we can in tennessee the cdc reported today that if we all wear masks when out in public we can get covid under control within months such a small thing can make a bug difference we need a mask mandate save lives save our economy maskupnow
1674,fake,A statistical flaw has meant that the number of #COVID-related deaths documented by @PHE_uk has been exaggerated. https://t.co/th0nA6iK7T https://t.co/OPZtkJmoZu,a statistical flaw has meant that the number of covid related deaths documented by phe uk has been exaggerated
1675,fake,Bolivia’s senate has approve chlorine dioxide as treatment for coronavirus. They refer to it as a “miracle mineral solution”.,bolivia s senate has approve chlorine dioxide as treatment for coronavirus they refer to it as a miracle mineral solution
1676,fake,"He was in a motorcycle accident, and died. But, then again, it could have been COVID-19...says the doctor.\n\nAnd this is why so many don't trust the numbers of #coronavirus deaths. https://t.co/E04N5RvkXo",he was in a motorcycle accident and died but then again it could have been covid says the doctor n nand this is why so many don t trust the numbers of coronavirus deaths
1677,fake,"Face masks a potential hazard in spreading Covid-19, virologist warns https://t.co/YvDOy1HN58",face masks a potential hazard in spreading covid virologist warns
1678,fake,In #Egypt 9 medics detained after complaining about lack of PPE or government’s handling of coronavirus says  @amnesty. 112 doctors died from COVID-19. Health officials sent voice notes to doctors saying those who won’t work are “deserting soldiers” &amp; may face military trial,in egypt medics detained after complaining about lack of ppe or government s handling of coronavirus says amnesty doctors died from covid health officials sent voice notes to doctors saying those who won t work are deserting soldiers may face military trial
1679,fake,Get away from it all...,get away from it all
1680,real,Put these on your travel list!,put these on your travel list
1681,fake,"""In the arrests captured on video so far, no imminent threat to federal property can be seen...based on the lie that military force is needed to keep the peace.  Imposing martial law for national security is a tool of dictators:""\nhttps://t.co/x4t3mXfEqZ",in the arrests captured on video so far no imminent threat to federal property can be seen based on the lie that military force is needed to keep the peace imposing martial law for national security is a tool of dictators n
1682,fake,"To the rally fanatic Gen Z, if you contract Covid 19, will there be a Teddy Casiño, an Angel Locsin or a Kakie Pangilinan who will shoulder your medical expenses for you just because you rallied for them/their cause? \n\nA simpler question would be, do they even know you?",to the rally fanatic gen z if you contract covid will there be a teddy casi o an angel locsin or a kakie pangilinan who will shoulder your medical expenses for you just because you rallied for them their cause n na simpler question would be do they even know you
1683,fake,Headlines today..Trump's Occupation of American Cities Has Begun\nTop health officials have changed their minds about masks--But for good reason\nTexas County warns COVID-19 positive residents to stay home or face prosecution \nFloridas largest teachers union sues state over...,headlines today trump s occupation of american cities has begun ntop health officials have changed their minds about masks but for good reason ntexas county warns covid positive residents to stay home or face prosecution nfloridas largest teachers union sues state over
1684,fake,"At the first White House coronavirus press briefing since April, President Trump mentioned two potential vaccines. Here's where they stand. https://t.co/XAwbqa01jf",at the first white house coronavirus press briefing since april president trump mentioned two potential vaccines here s where they stand
1685,fake,"“There are many ways to show support. Iba 'yung takot sa COVID, iba 'yung ayaw lang talaga.”\n\nThrough an Instagram Story, Angel Locsin explained that speaking up does not mean going out to join rallies. https://t.co/mpITARWNmL",there are many ways to show support iba yung takot sa covid iba yung ayaw lang talaga n nthrough an instagram story angel locsin explained that speaking up does not mean going out to join rallies
1686,real,Personal hygiene measures are the simplest way of preventing the spread of #COVID-19. Use the OiRA #COVID-19 tool to make sure your workplace is prepared: https://t.co/6JYmvZGEkH https://t.co/T0kmY4Nop4,personal hygiene measures are the simplest way of preventing the spread of covid use the oira covid tool to make sure your workplace is prepared
1687,fake,"We are deeply saddened to learn of the passing of Dr Syed Waqqar Ali, a Dublin-based doctor who died from Covid-19 after treating patients with the disease.\n\nhttps://t.co/HVPrbowVE0 #coronavirus",we are deeply saddened to learn of the passing of dr syed waqqar ali a dublin based doctor who died from covid after treating patients with the disease n n coronavirus
1688,fake,"The classic, too small, too poor and too stupid. Everyone else in Europe has got through Covid-19 so far from Estonia to Germany to Slovenia and Lichtenstein and on to Italy. But Scotland would have failed without Mother England. https://t.co/dKxV1ihiRW",the classic too small too poor and too stupid everyone else in europe has got through covid so far from estonia to germany to slovenia and lichtenstein and on to italy but scotland would have failed without mother england
1689,fake,"Angel Locsin we saw you in Ondoy, Yolanda, Marawi, Mindanao Earthquake, Taal Eruption, COVID 19 and recent Mother Ignacia fearless as a voice of 11,000 and more people you never get tired you are REAL LIFE DARNA!\n\nMaraming Salamat! Mahal ka namin! #LabanKapamilya 💪🏻 ❤💚💙 https://t.co/41k9QrtmMV",angel locsin we saw you in ondoy yolanda marawi mindanao earthquake taal eruption covid and recent mother ignacia fearless as a voice of and more people you never get tired you are real life darna n nmaraming salamat mahal ka namin labankapamilya
1690,fake,#Breaking #BreakingNews \n#Masks are a Direct Violation of the Nuremberg Code of #CrimesAgainstHumanity\nForced #Vaccines are also a Direct Violation of the Nuremberg Code of #CrimesAgainstHumanity \n#Fauci &amp; #BillGates &amp; #WHO are trying lift &amp; Break the Nuremberg code Deliberately https://t.co/ym3DfsozqK,breaking breakingnews n masks are a direct violation of the nuremberg code of crimesagainsthumanity nforced vaccines are also a direct violation of the nuremberg code of crimesagainsthumanity n fauci billgates who are trying lift break the nuremberg code deliberately
1691,fake,#BREAKING #BreakingNews \n-#WHO Technical lead says NO TRANSMISSION by Asymptomatic cases to others can be found.\n-This after the study where they tried 455 TIMES to infect someone else with an asymptomatic carrier &amp; failed to infect ANY of them.\n-No cases of children transmitting https://t.co/kBeH1JiSBg,breaking breakingnews n who technical lead says no transmission by asymptomatic cases to others can be found n this after the study where they tried times to infect someone else with an asymptomatic carrier failed to infect any of them n no cases of children transmitting
1692,fake,Doctors stunned by Italian island that has somehow been spared the ravages of Covid-19 https://t.co/hjylURR4ey,doctors stunned by italian island that has somehow been spared the ravages of covid
1693,fake,"In MP doctor dying of #COVID__19 \n\nIn MP's Khandwa, 27 people committed suicide in one month due to exams stress.\n\nBhopal hospital dumps coronavirus patient's body on road.\n\nMadhya Pradesh: Denied Ambulance,  Men Rushed to Hospital on Two-wheeler Died.\n#NetagiriByVIPgiri 👇 https://t.co/BP2zWwDpHZ",in mp doctor dying of covid n nin mp s khandwa people committed suicide in one month due to exams stress n nbhopal hospital dumps coronavirus patient s body on road n nmadhya pradesh denied ambulance men rushed to hospital on two wheeler died n netagiribyvipgiri
1694,fake,"Name: Corona\n\nSurname: Virus\n\nAge: 19\n\nPet Name: COVID\n\nMother's Name: China\n\nEx Boyfriend: Italy, Spain, Russia\n\nCurrent Boyfriend: India",name corona n nsurname virus n nage n npet name covid n nmother s name china n nex boyfriend italy spain russia n ncurrent boyfriend india
1695,fake,"Do face masks work against COVID-19? @drscottjensen believes they at least help. But he warns that there are major ""unintended consequences"" if we force EVERYONE to wear a mask. https://t.co/Vp56v97GaJ",do face masks work against covid drscottjensen believes they at least help but he warns that there are major unintended consequences if we force everyone to wear a mask
1696,fake,"An image on social media falsely purports to show a tweet from Donald Trump in 2009, saying he “would never let thousands of Americans die from a pandemic while in office.” There is no evidence Trump ever posted that tweet. https://t.co/RRitsTbw8U",an image on social media falsely purports to show a tweet from donald trump in saying he would never let thousands of americans die from a pandemic while in office there is no evidence trump ever posted that tweet
1697,fake,"Angel Locsin tells gov’t: COVID is the enemy, not health workers https://t.co/b7aR9HURxU",angel locsin tells gov t covid is the enemy not health workers
1698,fake,"Angel Locsin reminded the government that COVID-19, not health workers, is the enemy after President Rodrigo Duterte criticized them for publicly speaking about their plight. https://t.co/wcFTMAeK1q https://t.co/kVdx9alqNl",angel locsin reminded the government that covid not health workers is the enemy after president rodrigo duterte criticized them for publicly speaking about their plight
1699,fake,"4)Fired the a member of the IDPH staff who was trying to get accurate COVID info to the press\n5)Attempted to charge journalists $10,000+ for public records.\n6)Went against CDC guidance to demand Iowa schools reopen.\n7)Tells people to wear masks but doesn't wear one herself.",fired the a member of the idph staff who was trying to get accurate covid info to the press n attempted to charge journalists for public records n went against cdc guidance to demand iowa schools reopen n tells people to wear masks but doesn t wear one herself
1700,fake,"Two UK Universities say #COVID deaths grossly exaggerated.\n""Actual deaths due to COVID are some 54% or 63% lower than implied by the standard excess deaths measure, and reported excess deaths likely include a significant number of non-COVID deaths.""\nhttps://t.co/KHJ5MPxs8w",two uk universities say covid deaths grossly exaggerated n actual deaths due to covid are some or lower than implied by the standard excess deaths measure and reported excess deaths likely include a significant number of non covid deaths n
1701,fake,The coronavirus pandemic overshadowed Pres. Trump's visit to Ohio Thursday -- intended to focus on manufacturing -- when the state's governor tested positive for COVID-19.\n \nThe president also veered off-script with an attack on rival Joe Biden’s faith.\n \n@PaulaReidCBS reports https://t.co/t6wBHIKYwN,the coronavirus pandemic overshadowed pres trump s visit to ohio thursday intended to focus on manufacturing when the state s governor tested positive for covid n nthe president also veered off script with an attack on rival joe biden s faith n n paulareidcbs reports
1702,fake,"@Breaking911 Has anyone considered that,maybe, these positive result could be FLU SHOT PEOPLE ? \nSince the flu shot has Covid/SARS in them.\nCurious how many people receiving P test results, also had flu shot???",breaking has anyone considered that maybe these positive result could be flu shot people nsince the flu shot has covid sars in them ncurious how many people receiving p test results also had flu shot
1703,fake,"""Covid po ang kalaban. Hindi mamamayan.”\n\nKapamilya actress Angel Locsin (@143redangel) criticized President Rodrigo Duterte's statement on health workers, after the chief executive took a swipe against medical frontliners.\n\nRead full story here:  https://t.co/dfvbA02ovm https://t.co/Cpqj8X6HKB",covid po ang kalaban hindi mamamayan n nkapamilya actress angel locsin redangel criticized president rodrigo duterte s statement on health workers after the chief executive took a swipe against medical frontliners n nread full story here
1704,fake,"@DeAnna4Congress I’m a veterinarian, so very pro vaccine. \nCovid vax is the first DNA vax licensed for use in humans. Long-term side effects not known. I don’t think mandatory vax can be enforced (unless Dems steal election). DNA vax have been used in animals for 15 years, NEVER before in humans.",deanna congress i m a veterinarian so very pro vaccine ncovid vax is the first dna vax licensed for use in humans long term side effects not known i don t think mandatory vax can be enforced unless dems steal election dna vax have been used in animals for years never before in humans
1705,fake,"At least 196 doctors across India have died from coronavirus, IMA said, urging the Centre to extend to the private sector the Rs 50-lakh special Covid-19 insurance available to government healthcare staff.\n@ScienceTales\n\nhttps://t.co/n6LHrAwK1j",at least doctors across india have died from coronavirus ima said urging the centre to extend to the private sector the rs lakh special covid insurance available to government healthcare staff n sciencetales n n
1706,fake,"While South Carolinians died from COVID and S.C. became a hot spot, Gov &amp; staff spurned science — Governor’s office misled public about DHEC doctor’s coronavirus stance, she says https://t.co/8wPKLKVjIP",while south carolinians died from covid and s c became a hot spot gov staff spurned science governor s office misled public about dhec doctor s coronavirus stance she says
1707,fake,"Four Iranian doctors died of coronavirus in a single day. Over 150 doctors, nurses, and hospital workers have reportedly died from cOVID-19. Some 5,000 health workers have been infected. https://t.co/fmXEWyx8Lq",four iranian doctors died of coronavirus in a single day over doctors nurses and hospital workers have reportedly died from covid some health workers have been infected
1708,fake,It’s ridiculous to think that Bill Gates needs to inject you with a microchip to track your movements and control your thoughts.\n\nSteve Jobs and Mark Zuckerberg already convinced you to carry around the tracking and mind control device willingly.,it s ridiculous to think that bill gates needs to inject you with a microchip to track your movements and control your thoughts n nsteve jobs and mark zuckerberg already convinced you to carry around the tracking and mind control device willingly
1709,fake,".@KellyannePolls says Pres Trump will have another press briefing later today to talk about the status of vaccine development for Coronavirus. On @FoxNews, she says he's being briefed on the vaccines today.",kellyannepolls says pres trump will have another press briefing later today to talk about the status of vaccine development for coronavirus on foxnews she says he s being briefed on the vaccines today
1710,fake,"Florida men, father and son duo were caught in Colombia after pushing a toxic bleach “Miracle Mineral Solution” coronavirus cure. \nhttps://t.co/zMBxzPm9kq",florida men father and son duo were caught in colombia after pushing a toxic bleach miracle mineral solution coronavirus cure n
1711,fake,"Six months ago, we didn’t know how well masks prevent the spread of #COVID-19. Now, new research illustrates not only how masks stop viral particles from spreading but also which masks are most effective. via @washingtonpost  \nhttps://t.co/BQQl7jFamQ",six months ago we didn t know how well masks prevent the spread of covid now new research illustrates not only how masks stop viral particles from spreading but also which masks are most effective via washingtonpost n
1712,fake,Do we think martial law is imminent within the next couple of months?,do we think martial law is imminent within the next couple of months
1713,fake,"But how did they calculate this?\n\nThey had a number for how many people died of Covid-19 in China (mostly Wuhan) as of Feb 11th (1,023 deaths). \n\nThat's the numerator in the IFR calculation.\n\nWhat they needed was an estimate for the total number of people had who been infected. https://t.co/iBdYgNtqvR",but how did they calculate this n nthey had a number for how many people died of covid in china mostly wuhan as of feb th deaths n nthat s the numerator in the ifr calculation n nwhat they needed was an estimate for the total number of people had who been infected
1714,fake,"@MLevitt_NP2013 I would add that FL, TX, and AZ might be considered like Sweden. No lockdown and Covid now in sharp decline. We will see, but their final results likely similar to Sweden.",mlevitt np i would add that fl tx and az might be considered like sweden no lockdown and covid now in sharp decline we will see but their final results likely similar to sweden
1715,fake,"Places with a population between 15 and 25 million, ranked by number of Covid-19 deaths so far this month:\n\nSri Lanka 0\nNiger 0\nTaiwan 0\nCameroon 10\nNetherlands 20\nAustralia 178\nChile 862\nFlorida 2,502",places with a population between and million ranked by number of covid deaths so far this month n nsri lanka nniger ntaiwan ncameroon nnetherlands naustralia nchile nflorida
1716,fake,A full cabinet meeting is being held tomorrow to discuss Nphet’s latest recommendations.\n\nThis was not a scheduled meeting. \n\nNew Covid Restrictions are coming.,a full cabinet meeting is being held tomorrow to discuss nphet s latest recommendations n nthis was not a scheduled meeting n nnew covid restrictions are coming
1717,fake,A popular conspiracy theory around COVID-19 claims that it is caused by bacterium and not virus. It also says patients can get cured in a day and none of them requires ICU admission or ventilation. Both claims are false. #AltNewsSciCheck | @Dr_Sharfaroz \n\nhttps://t.co/4iLXjDoyI1,a popular conspiracy theory around covid claims that it is caused by bacterium and not virus it also says patients can get cured in a day and none of them requires icu admission or ventilation both claims are false altnewsscicheck dr sharfaroz n n
1718,fake,A popular conspiracy theory around COVID-19 claims that it is caused by bacterium and not virus. It also says patients can get cured in a day and none of them requires ICU admission or ventilation. Both claims are false. #AltNewsSciCheck | @Dr_Sharfaroz \n\nhttps://t.co/lImq4u7h9j,a popular conspiracy theory around covid claims that it is caused by bacterium and not virus it also says patients can get cured in a day and none of them requires icu admission or ventilation both claims are false altnewsscicheck dr sharfaroz n n
1719,fake,An absurd conspiracy theory claims that COVID-19 is caused by bacterium (not virus) and that patients can be cured in a day. Both claims are FALSE. #AltNewsSciCheck | @Dr_Sharfaroz https://t.co/gNT7NwBWd9,an absurd conspiracy theory claims that covid is caused by bacterium not virus and that patients can be cured in a day both claims are false altnewsscicheck dr sharfaroz
1720,fake,'How do you sleep at night?: Anderson Cooper rips MyPillow CEO Mike Lindell on COVID 'cure' claim | Via USA Today https://t.co/wpAoMFB274,how do you sleep at night anderson cooper rips mypillow ceo mike lindell on covid cure claim via usa today
1721,fake,'How do you sleep at night?: Anderson Cooper rips MyPillow CEO Mike Lindell on COVID 'cure' claim || Via: USA Today https://t.co/wpAoMFB274,how do you sleep at night anderson cooper rips mypillow ceo mike lindell on covid cure claim via usa today
1722,fake,BREAKING NEWS - IRELAND TO BAN DRIVING\n\nIreland Minister for Health Stephen Donnelly @DonnellyStephen confirms the “risks” of dying from Coronavirus #COVID_19 is same risk you take when driving.\n\n#NPHET in Emergency meeting to decide the fate of Trampolines. https://t.co/XR2n4WIqxd,breaking news ireland to ban driving n nireland minister for health stephen donnelly donnellystephen confirms the risks of dying from coronavirus covid is same risk you take when driving n n nphet in emergency meeting to decide the fate of trampolines
1723,fake,'How do you sleep at night?: Anderson Cooper rips MyPillow CEO Mike Lindell on COVID 'cure' claim | Via: USA Today https://t.co/wpAoMFB274,how do you sleep at night anderson cooper rips mypillow ceo mike lindell on covid cure claim via usa today
1724,fake,"Already by June 2020, doctors in Italy (Genoa) were advising that the #Covid19 virus had ""enormously weakened"".\n\n""COVID-19 is losing its potency and no longer clinically exists in Italy, a senior Italian doctor has claimed - Dr Alberto Zangrillo.""\n\nhttps://t.co/sGaQPpNoIp https://t.co/IXbxXlQVY1",already by june doctors in italy genoa were advising that the covid virus had enormously weakened n n covid is losing its potency and no longer clinically exists in italy a senior italian doctor has claimed dr alberto zangrillo n n
1725,fake,"And here's another - 455 contacts exposed to an asymptomatic carrier. Result - ZERO transmission of the  SARS-CoV-2 infection.\n\nThe ""silent spreader"" con dies a slow, painful death.\n\nhttps://t.co/jc3buYjCGP",and here s another contacts exposed to an asymptomatic carrier result zero transmission of the sars cov infection n nthe silent spreader con dies a slow painful death n n
1726,fake,https://t.co/xXvaO6aOjm,
1727,fake,I’m ok with a mandatory covid vaccine as long as it includes Bill Gates’ microchip. That way he can remotely will stupid people into punching their own face.,i m ok with a mandatory covid vaccine as long as it includes bill gates microchip that way he can remotely will stupid people into punching their own face
1728,fake,"A Brave Italian Doctor's Warning To ALL People\nDon't Get Tested, Refuse The Vax - 'Covid' Is The\nName Of The Plan Of Worldwide Mass Depopulation\n\nhttps://t.co/YV9PFnIjIy",a brave italian doctor s warning to all people ndon t get tested refuse the vax covid is the nname of the plan of worldwide mass depopulation n n
1729,fake,"Kindly follow @factcheck_ghana to read their latest reports on COVID-19, politics and more.\n\n#FactcheckGhana",kindly follow factcheck ghana to read their latest reports on covid politics and more n n factcheckghana
1730,fake,"JUST IN: @JoeBiden &amp; @KamalaHarris to be tested regularly for #COVID19, campaign says. Staff interacting with them will be tested regularly and the campaign vows it “will make public if either the Vice President or Senator Harris ever has a confirmed, positive case of COVID-19.”",just in joebiden kamalaharris to be tested regularly for covid campaign says staff interacting with them will be tested regularly and the campaign vows it will make public if either the vice president or senator harris ever has a confirmed positive case of covid
1731,fake,"This Italian, sage, doctor has a critical message about covid-19 which, with each passing day, is being confirmed with more and more evidence, particularly the WEF/McGill study/report released and which I tweeted recently. Listen:\n\nhttps://t.co/uRE0fXjL1w",this italian sage doctor has a critical message about covid which with each passing day is being confirmed with more and more evidence particularly the wef mcgill study report released and which i tweeted recently listen n n
1732,fake,"Saying Trump took COVID-19 seriously and responded swiftly and effectively is revisionist history. \n\nTrump consistently downplayed the severity of the coronavirus outbreak while touting solutions without evidence, like chloroquine and hydroxychloroquine. \n\nhttps://t.co/bsgARvqbpD",saying trump took covid seriously and responded swiftly and effectively is revisionist history n ntrump consistently downplayed the severity of the coronavirus outbreak while touting solutions without evidence like chloroquine and hydroxychloroquine n n
1733,fake,"An experimental COVID-19 vaccine being developed by the University of Oxford and AstraZeneca could be put before regulators this year if scientists are able to gather enough data, the director of the Oxford Vaccine Group said https://t.co/AuWXgOFAnj",an experimental covid vaccine being developed by the university of oxford and astrazeneca could be put before regulators this year if scientists are able to gather enough data the director of the oxford vaccine group said
1734,fake,"Hydroxychloroquine was not effective in treating Covid-19 in Dutch hospitals during the coronavirus crisis, according to a study by Amsterdam scientists led by internist-infectiologist Edgar Peters of Amsterdam UMC. https://t.co/E8g1niNrMt",hydroxychloroquine was not effective in treating covid in dutch hospitals during the coronavirus crisis according to a study by amsterdam scientists led by internist infectiologist edgar peters of amsterdam umc
1735,fake,"Also, Bolsonaro's oldest son -- Senator @FlavioBolsonaro, the figure at the heart of the rapidly growing corruption scandal involving ties to the most savage para-military gangs -- tested positive for Covid-19 today. The scandal:\n\nhttps://t.co/e2RZo85LsC",also bolsonaro s oldest son senator flaviobolsonaro the figure at the heart of the rapidly growing corruption scandal involving ties to the most savage para military gangs tested positive for covid today the scandal n n
1736,fake,Breaking: Va. senator tests positive for COVID-19 during special session on COVID-19 https://t.co/wWaXoyzbR0,breaking va senator tests positive for covid during special session on covid
1737,fake,"BREAKING: Virginia State Senator Bryce Reeves (R) Tests Positive for COVID-19, Demonstrating Why Virginia House Dems Were Right to Insist On Meeting Virtually https://t.co/k37nRIu5Vx via @bluevirginia",breaking virginia state senator bryce reeves r tests positive for covid demonstrating why virginia house dems were right to insist on meeting virtually via bluevirginia
1738,fake,"**MUST WATCH**\nBrave Italian Doctor WARNING to all people..Do Not get Tested, Do Not take the Vaccine..”Covid” is the name of the plan of Worldwide Mass Depopulation..(part 1) https://t.co/hhFqQd9GuJ",must watch nbrave italian doctor warning to all people do not get tested do not take the vaccine covid is the name of the plan of worldwide mass depopulation part
1739,fake,"FDA commissioner @SteveFDA spoke to @business at length about the controversial press conference with Trump, political pressure the agency faces, a vaccine for the coronavirus, and more: \nhttps://t.co/SFT46m4nRO",fda commissioner stevefda spoke to business at length about the controversial press conference with trump political pressure the agency faces a vaccine for the coronavirus and more n
1740,fake,I’ve heard this rumor too many times this morning:  Senator Galgiani HAS NOT tested positive for COVID-19.,i ve heard this rumor too many times this morning senator galgiani has not tested positive for covid
1741,fake,"(1/2) Senator Brian Jones today, upon his return to Sacramento this week for the end of Session, received news that he has tested positive for COVID-19. He will be taking additional tests to recheck the results and to rule out possibility of a false-positive result.",senator brian jones today upon his return to sacramento this week for the end of session received news that he has tested positive for covid he will be taking additional tests to recheck the results and to rule out possibility of a false positive result
1742,fake,"Yes, I am. Thanks for the screen shot\n\nAND, since most people die WITH the Covid Flu not FROM it, the pneumonia deaths are actually higher than this as many states count as Covid deaths anyone who died and ever tested positive ... or even had symptoms. https://t.co/8kJaPWiilJ",yes i am thanks for the screen shot n nand since most people die with the covid flu not from it the pneumonia deaths are actually higher than this as many states count as covid deaths anyone who died and ever tested positive or even had symptoms
1743,fake,"Italian doctor, Dr. Roberto Petrella, tells the truth about the CV VAXX.  COVID 19 means the ""Certificate of Identification of Vaccination w/ Artificial Intelligence. ""19"" is the year it was created. Bottom line: DON'T BE TESTED!  Part 1 of 3. 2&amp;3 in the comments. https://t.co/jLvgXgd29y",italian doctor dr roberto petrella tells the truth about the cv vaxx covid means the certificate of identification of vaccination w artificial intelligence is the year it was created bottom line don t be tested part of in the comments
1744,fake,"After a 'healthy' 11-year-old died, doctors found coronavirus in her heart—revealing new dangers from Covid-19 | Advisory Board Daily Briefing: https://t.co/FiGvcltWcE",after a healthy year old died doctors found coronavirus in her heart revealing new dangers from covid advisory board daily briefing
1745,fake,"QAnon really is everywhere now. Had a good friend (highly educated, based in Silicon Valley) tell me sex trafficking is everywhere and Bill Gates is going to implant microchips in our Covid vaccines recently. This isn’t fringe anymore. https://t.co/BCZL4gr7WG",qanon really is everywhere now had a good friend highly educated based in silicon valley tell me sex trafficking is everywhere and bill gates is going to implant microchips in our covid vaccines recently this isn t fringe anymore
1746,fake,"hydroxychloroquine + zinc + azithromycin = cure\n\nAND—I'll say it—It MAY ""cure"" a whole hell of a lot more than COVID. I'm reading things that blow my mind.\n\nHere are some VERY interesting keywords w/ which to pair:\n\nsmart dust\n5G\nHuawei\ncorona virus patents\ncancer\n1918 flu\n\nDig..",hydroxychloroquine zinc azithromycin cure n nand i ll say it it may cure a whole hell of a lot more than covid i m reading things that blow my mind n nhere are some very interesting keywords w which to pair n nsmart dust n g nhuawei ncorona virus patents ncancer n flu n ndig
1747,fake,"August 28\n\nWith the unusual report at 10 am, I checked on what's happening 6 hours later:\n\nFrom 10 am to 4 pm, Iowa has had 4 more deaths from COVID-19 and 322 new cases on 1,577 tests for a ""positive"" rate of 20.4%.\n\nIt's a public health emergency. Please help stop the spread!",august n nwith the unusual report at am i checked on what s happening hours later n nfrom am to pm iowa has had more deaths from covid and new cases on tests for a positive rate of n nit s a public health emergency please help stop the spread
1748,fake,"Team up or fly solo, master extraordinary abilities, and defend the Earth from escalating threats. Marvel's Avengers is available now on PS4, Xbox One, PC, and Stadia!",team up or fly solo master extraordinary abilities and defend the earth from escalating threats marvel s avengers is available now on ps xbox one pc and stadia
1749,fake,"@BY1959 Paul wasn’t concerned about other Senators health when he went swimming in the pool at the Senate gym, and had been tested for COVID-19, and subsequently found positive. The Senator is a coward and faux doctor.",by paul wasn t concerned about other senators health when he went swimming in the pool at the senate gym and had been tested for covid and subsequently found positive the senator is a coward and faux doctor
1750,fake,"Italy’s increase in coronavirus infections for a 4th consecutive week, as many cases daily as recorded in May. The average age of COVID-19 patients is 29, following a summer during which Italians and foreign tourists were allowed to move around freely\nhttps://t.co/ocVdXT2szY",italy s increase in coronavirus infections for a th consecutive week as many cases daily as recorded in may the average age of covid patients is following a summer during which italians and foreign tourists were allowed to move around freely n
1751,fake,"Protests happening today in central London, as well as in other cities across the world, opposing lockdown and masks - and promoting coronavirus conspiracy theories👇\n\nThat includes that Covid-19 is a hoax, Bill Gates will microchip everyone with vaccines and QAnon! https://t.co/5uCoxnQHWS",protests happening today in central london as well as in other cities across the world opposing lockdown and masks and promoting coronavirus conspiracy theories n nthat includes that covid is a hoax bill gates will microchip everyone with vaccines and qanon
1752,fake,"Rand Paul is a medical doctor who after testing positive for COVID went to the gym at the Capital and sat in the senate. No mask, no concern for his fellow senators. He was far more dangerous than any of the demonstrators that my have nudged them.",rand paul is a medical doctor who after testing positive for covid went to the gym at the capital and sat in the senate no mask no concern for his fellow senators he was far more dangerous than any of the demonstrators that my have nudged them
1753,fake,"#UPDATE: The Bahamas recorded 37 additional coronavirus cases &amp; 13 recoveries yesterday.\n\nAug 28th The Bahamas COVID by the Numbers\nConfirmed: 2,057 (+37)\nTests done: 10,917\nRecovered: 755 (+13)\nDeaths: 40 https://t.co/3ZB0TimjQR",update the bahamas recorded additional coronavirus cases recoveries yesterday n naug th the bahamas covid by the numbers nconfirmed ntests done nrecovered ndeaths
1754,fake,"JUST IN: The Bahamas recorded 78 additional coronavirus cases, 27 recoveries &amp; 3 additional deaths in today's update\n\nAug 29th The Bahamas COVID by the Numbers\nConfirmed: 2,131 (+78)\nTests done: 11,037\nRecovered: 782 (+27)\nDeaths: 43 (+3) https://t.co/V3zpv7cNIm",just in the bahamas recorded additional coronavirus cases recoveries additional deaths in today s update n naug th the bahamas covid by the numbers nconfirmed ntests done nrecovered ndeaths
1755,fake,"Oops: It Looks Like the Vast Majority of Positive COVID Results Should Have Been Negative https://t.co/lCVSYNfslk THE HITS JUST KEEP ON COMING... BUT YOUR 6-MONTH HAS TO GET A FLU SHOT IN MA, THAT'S WHAT THE ""EXPERTS"" HAVE DECREED.",oops it looks like the vast majority of positive covid results should have been negative the hits just keep on coming but your month has to get a flu shot in ma that s what the experts have decreed
1756,fake,David Icke believes he's the son of God and the world is run by an inter-dimensional race of shape-shifting lizards called Archons.\nPiers Corbyn believes Covid-19 is caused by radiation from 5G masts and there's a secret plan to microchip people with vaccines. https://t.co/QQW8J85PzM,david icke believes he s the son of god and the world is run by an inter dimensional race of shape shifting lizards called archons npiers corbyn believes covid is caused by radiation from g masts and there s a secret plan to microchip people with vaccines
1757,fake,"why is the 1918 pandemic called the Spanish flu?\n\nexcept for Spain, after the initial outbreak in Kansas, the American and European press gaslit public like Covid hoaxer @ClayTravis\n\nb/c of that suppression (4 waves!) traveling Americans infected the world population. 20M+ died.",why is the pandemic called the spanish flu n nexcept for spain after the initial outbreak in kansas the american and european press gaslit public like covid hoaxer claytravis n nb c of that suppression waves traveling americans infected the world population m died
1758,fake,"We have learned today that the COVID deaths have been wildly exaggerated. 94% of the COVID deaths were caused by some other health issue. COVID is a very mild virus, and the policy reaction has been horrible.\n\nThe number of new cases is irrelevant. https://t.co/PSkgAEdk7K",we have learned today that the covid deaths have been wildly exaggerated of the covid deaths were caused by some other health issue covid is a very mild virus and the policy reaction has been horrible n nthe number of new cases is irrelevant
1759,fake,"MONDAY, THERE'S A REASON NO ONE LIKES YOU!!\nNEVER. EVER!\n\nHome Minister Amit Shah discharged from AIIMS. He was admitted for post-Covid care.\n\nhttps://t.co/lPoN8SCs97",monday there s a reason no one likes you nnever ever n nhome minister amit shah discharged from aiims he was admitted for post covid care n n
1760,fake,Home Minister Amit Shah discharged from AIIMS. He was admitted there for post-Covid care,home minister amit shah discharged from aiims he was admitted there for post covid care
1761,fake,"Union Home Minister Amit Shah, who was admitted for post-COVID care, discharged from AIIMS Delhi: Sources",union home minister amit shah who was admitted for post covid care discharged from aiims delhi sources
1762,fake,Union Home Minister Amit Shah discharged from AIIMS after post-COVID care\n\nhttps://t.co/9ZPPoMPR6d\n\n#Amitshah,union home minister amit shah discharged from aiims after post covid care n n n n amitshah
1763,fake,"Home minister #AmitShah discharged from AIIMS \n\nOn August 2, Shah, 55, had said on Twitter that he had tested positive for Covid-19. He had undergone treatment at Medanta Hospital and was discharged after he tested negative for the disease.\n\nhttps://t.co/rY9uUn7CYs",home minister amitshah discharged from aiims n non august shah had said on twitter that he had tested positive for covid he had undergone treatment at medanta hospital and was discharged after he tested negative for the disease n n
1764,fake,"Home Minister #AmitShah discharged from AIIMS, New Delhi. HM admitted at AIIMS on 18th August for post-#COVID Care.",home minister amitshah discharged from aiims new delhi hm admitted at aiims on th august for post covid care
1765,fake,Home Minister @AmitShah discharged from #AIIMS; he was admitted for post #COVID care https://t.co/61dNw9cOdm,home minister amitshah discharged from aiims he was admitted for post covid care
1766,fake,"Union Home Minister #AmitShah, was admitted for post #COVID care, he discharged today morning.\n\nNow #Mota_bhai to all Anti national people who opposed #CAA #NRC -\nEK EK K KAAGAJ PERSONALLY DEKHUNGA, KAAGAJ READY RAKHO..🔥\n\n#AmitShah https://t.co/ewrNcPIsT7",union home minister amitshah was admitted for post covid care he discharged today morning n nnow mota bhai to all anti national people who opposed caa nrc nek ek k kaagaj personally dekhunga kaagaj ready rakho n n amitshah
1767,fake,Almost Every Single Person who had the flu shot last winter tested positive for covid-19\nDon't believe me? Research it.,almost every single person who had the flu shot last winter tested positive for covid ndon t believe me research it
1768,fake,I am happy to know that our leader and Union Home Minister Shri Amit Shah ji who was admitted to AIIMS for post-Covid care has been discharged after full recovery. Welcome back and best wishes for continued good health and resuming duties. \n\n@AmitShah,i am happy to know that our leader and union home minister shri amit shah ji who was admitted to aiims for post covid care has been discharged after full recovery welcome back and best wishes for continued good health and resuming duties n n amitshah
1769,fake,"Scientists see downsides to top COVID-19 vaccines from Russia, China\n\n""High-profile COVID-19 vaccines developed in Russia &amp; China are based on a common cold virus that many people have been exposed to, potentially limiting their effectiveness."" \n\n#GTCBlue \nhttps://t.co/Fh3xVETRDV",scientists see downsides to top covid vaccines from russia china n n high profile covid vaccines developed in russia china are based on a common cold virus that many people have been exposed to potentially limiting their effectiveness n n gtcblue n
1770,fake,"The incidence of Covid-19 in Ireland is higher than it is in Sweden for the first time in the pandemic, new figures show.\n\nIreland recorded 30.6 cases of the virus per 100,000 population over the last 14 days.\n\n#coronavirus \n\nhttps://t.co/C8arkADR8Z",the incidence of covid in ireland is higher than it is in sweden for the first time in the pandemic new figures show n nireland recorded cases of the virus per population over the last days n n coronavirus n n
1771,fake,Happy to know that our leader and Union Home Minister Shri @AmitShah ji who was admitted to AIIMS for post-Covid care has been discharged after full recovery.,happy to know that our leader and union home minister shri amitshah ji who was admitted to aiims for post covid care has been discharged after full recovery
1772,fake,"So we're gonna really let Joe Biden do an in person debate with Trump who never wears a mask wherever he goes &amp; has been in places were others have either tested positive, become ill or even died from coronavirus? Trump &amp; his administration lies like a rug. They would not tell us",so we re gonna really let joe biden do an in person debate with trump who never wears a mask wherever he goes has been in places were others have either tested positive become ill or even died from coronavirus trump his administration lies like a rug they would not tell us
1773,fake,"The Spanish Flu killed some 675,000 Americans.\n\n“This week the CDC quietly updated Covid numbers to admit that only 6% of all the 153,504 deaths recorded actually died from Covid\n\nThat's 9,210 deaths.\nhttps://t.co/IxSeuFtu2A https://t.co/ASRxqKb5jU https://t.co/0yHUFAeAzd",the spanish flu killed some americans n n this week the cdc quietly updated covid numbers to admit that only of all the deaths recorded actually died from covid n nthat s deaths n
1774,fake,"Daily coronavirus thread: \n👉The US has recorded more than 6m confirmed cases of Covid-19, though outbreaks in the sunbelt are subsiding\n👉Zoom reported a 355% increase in revenues from the year before \n👉Schools in England are reopening this week https://t.co/Pbw1o1IceG",daily coronavirus thread n the us has recorded more than m confirmed cases of covid though outbreaks in the sunbelt are subsiding n zoom reported a increase in revenues from the year before n schools in england are reopening this week
1775,fake,"After I chronicled my COVID-19 experience on my website, I was interviewed my Ms. Olasumbo Modupe of Lagos State Television(LTV). The interview will be aired today on LTV (DSTV channel 256) at 5.30pm. I'll also put up a YouTube link later. Please tune in. Thank you!",after i chronicled my covid experience on my website i was interviewed my ms olasumbo modupe of lagos state television ltv the interview will be aired today on ltv dstv channel at pm i ll also put up a youtube link later please tune in thank you
1776,fake,“Apple and Google have unveiled a new Exposure Notifications Express system that allows public health authorities to support COVID-19 contact tracing without developing and maintaining their own application.” https://t.co/Q4zckgbZp9,apple and google have unveiled a new exposure notifications express system that allows public health authorities to support covid contact tracing without developing and maintaining their own application
1777,fake,Coronavirus: This Wuhan woman is suing China - and wants an apology after her father died of COVID-19 | World News | Sky News https://t.co/0wlJ6PAzmc,coronavirus this wuhan woman is suing china and wants an apology after her father died of covid world news sky news
1778,fake,"In collaboration with @Apple and @Google, Maryland will be one of the first states to deploy Exposure Notifications Express, a new tool to help slow the spread of COVID-19. This new technology will be optional for users.",in collaboration with apple and google maryland will be one of the first states to deploy exposure notifications express a new tool to help slow the spread of covid this new technology will be optional for users
1779,fake,"Just a reminder that only about 5000 people actually died from Covid-19 in America, whom were mostly the elderly.\n\nThe common flu kills 40,000 Americans every year.\n\nYet society allowed all governments to infringe on your rights, ruin your businesses &amp; destroy the economy.\n\nSigh.",just a reminder that only about people actually died from covid in america whom were mostly the elderly n nthe common flu kills americans every year n nyet society allowed all governments to infringe on your rights ruin your businesses destroy the economy n nsigh
1780,fake,"FACT: Coronavirus tests detect the presence of COVID-19’s genetic signature.\n\nThis means you won’t test positive if it’s just a cold, any other flu strain or because you’ve had a flu vaccine. \n\nAvoid unverified sources. Check everything you read online or get sent on WhatsApp. https://t.co/kU5w3iG7OG",fact coronavirus tests detect the presence of covid s genetic signature n nthis means you won t test positive if it s just a cold any other flu strain or because you ve had a flu vaccine n navoid unverified sources check everything you read online or get sent on whatsapp
1781,real,It is time to #ReturnToWork after summer holidays - make sure your comeback is safe and healthy by following @EU_OSHA and @EU_Social #OSH guidelines to limit exposure to #COVID19 at your workplace. https://t.co/f5OURxbdmo  #StopthePandemic @EU_ELA @eurofound @ECDC_EU https://t.co/MPTd42WVUP,it is time to returntowork after summer holidays make sure your comeback is safe and healthy by following eu osha and eu social osh guidelines to limit exposure to covid at your workplace stopthepandemic eu ela eurofound ecdc eu
1782,real,"@realDonaldTrump During the 2009 swine flu outbreak, Biden made reckless comments unsupported by science &amp; the experts.\n\nThe Obama Admin had to clean up his mess &amp; apologize for his ineptitude. \n\nhttps://t.co/vOeBy8urlB",realdonaldtrump during the swine flu outbreak biden made reckless comments unsupported by science the experts n nthe obama admin had to clean up his mess apologize for his ineptitude n n
1783,fake,"Recently we’ve also had some misinterpret some CDC data related to deaths from COVID-19. Without a doubt, we know coronavirus has caused more than 400 deaths in Utah and over 177,000 in the United States.",recently we ve also had some misinterpret some cdc data related to deaths from covid without a doubt we know coronavirus has caused more than deaths in utah and over in the united states
1784,fake,It's always interesting that people who go on holiday to covid hotspots seem more angry about having to quarantine when they come back than actually getting the virus themselves.,it s always interesting that people who go on holiday to covid hotspots seem more angry about having to quarantine when they come back than actually getting the virus themselves
1785,fake,@AdamMilstein @JoeBiden @RepAOC @SpeakerPelosi @BernieSanders @KamalaHarris Democrats can’t win if the economy bounces back. The tag team of Dr Fauci and CNN caused stocks to tank overnight. Talk of a delay in the coronavirus vaccination. \n\nWe have many fine scientists with alternative opinions on covid. Yet we’re forced to honor the tiny Dr Fauci. https://t.co/Fp29CMuNpA,adammilstein joebiden repaoc speakerpelosi berniesanders kamalaharris democrats can t win if the economy bounces back the tag team of dr fauci and cnn caused stocks to tank overnight talk of a delay in the coronavirus vaccination n nwe have many fine scientists with alternative opinions on covid yet we re forced to honor the tiny dr fauci
1786,fake,"This is Falcons FB Keith Smith’s cousin, Michael Neazer, who died of COVID-19 days after learning his wife was pregnant. https://t.co/6QN7h2KshC",this is falcons fb keith smith s cousin michael neazer who died of covid days after learning his wife was pregnant
1787,fake,"@DrHiIary Status of COVID-19 updated 17 June 2020\nAs of 19 March 2020, COVID-19 is no longer considered to be a high consequence infectious disease (HCID) in the UK.\n\nhttps://t.co/WZpR3Mj2oa",drhiiary status of covid updated june nas of march covid is no longer considered to be a high consequence infectious disease hcid in the uk n n
1788,fake,"Pregnant and recently pregnant women are less likely to manifest covid-19 related symptoms of fever and myalgia than non-pregnant women of similar age and are potentially more likely to need intensive care treatment, find @thangaratinam and colleagues https://t.co/Ye8rQUJIij",pregnant and recently pregnant women are less likely to manifest covid related symptoms of fever and myalgia than non pregnant women of similar age and are potentially more likely to need intensive care treatment find thangaratinam and colleagues
1789,fake,"#AspirationalDistrict Washim in Maharashtra established Fever Clinics for early detection of COVID, with a special focus for senior citizens, pregnant women &amp; patients with co-morbidities. This early action was critical in keeping the spread of infection &amp; mortality rates low.",aspirationaldistrict washim in maharashtra established fever clinics for early detection of covid with a special focus for senior citizens pregnant women patients with co morbidities this early action was critical in keeping the spread of infection mortality rates low
1790,fake,"Trump just said if you subtract the COVID death toll in NY (32,567) from rest of the COVID deaths (154,151) it “wouldn’t be so bad”. So what Trump’s saying is the people who died in New York do not count and the people who died outside of New York, no big deal. #VoteEarly https://t.co/sdYCd2X5xj",trump just said if you subtract the covid death toll in ny from rest of the covid deaths it wouldn t be so bad so what trump s saying is the people who died in new york do not count and the people who died outside of new york no big deal voteearly
1791,fake,"BREXIT NEWS UK coronavirus live: close to 2,000 new Covid cases recorded - highest daily total since May https://t.co/FceByw48pB",brexit news uk coronavirus live close to new covid cases recorded highest daily total since may
1792,fake,"It's September, America has been through successive terrible waves of COVID-19, California has been battered horrendously, and still Andrew Cuomo's New York has the worst death toll BY FAR with 32,000+ fatalities. Awful.",it s september america has been through successive terrible waves of covid california has been battered horrendously and still andrew cuomo s new york has the worst death toll by far with fatalities awful
1793,fake,".@JoeBiden in Wilmington: ""You can’t have a full economic comeback, when almost 1,000 Americans die each day from COVID, when the death toll is about to reach 200,000, when more than six million Americans have been infected.""",joebiden in wilmington you can t have a full economic comeback when almost americans die each day from covid when the death toll is about to reach when more than six million americans have been infected
1794,fake,"@ConnieG1025 #Biden will be READY DAY ONE!👇🏿👇🏼\n#TrumpHasNoPlan\n410K will die by Jan-21!\nThe American people deserve an urgent, robust, &amp; professional response to the growing public health &amp; economic crisis caused by the coronavirus (COVID-19) outbreak\n#wtpBLUE\n@dworkin\nhttps://t.co/dtPjUniMya",connieg biden will be ready day one n trumphasnoplan n k will die by jan nthe american people deserve an urgent robust professional response to the growing public health economic crisis caused by the coronavirus covid outbreak n wtpblue n dworkin n
1795,fake,"@realDonaldTrump I prefer a President who doesn't LIE\n\nI prefer a President who WEARS a MASK\n\nI prefer a President who ISN'T OKAY with a PROJECTED DEATH TOLL of 410,000 Americans by Year's END!\n\nI prefer a President who ISN'T Too LAZY, VAIN, IGNORANT &amp; STUBBORN to Confront the COVID-19 Pandemic https://t.co/T51t7ZHFRz",realdonaldtrump i prefer a president who doesn t lie n ni prefer a president who wears a mask n ni prefer a president who isn t okay with a projected death toll of americans by year s end n ni prefer a president who isn t too lazy vain ignorant stubborn to confront the covid pandemic
1796,fake,Damage done to Canada's economy was long before COVID-19. Only fools don't know how dangerous you are @JustinTrudeau You're one sick vile subhuman. You have shut down HOC to do as much damage as you can. Stop campaigning on our tax money you treasonous bastard  @PierrePoilievre https://t.co/sN0JQA1YRH,damage done to canada s economy was long before covid only fools don t know how dangerous you are justintrudeau you re one sick vile subhuman you have shut down hoc to do as much damage as you can stop campaigning on our tax money you treasonous bastard pierrepoilievre
1797,fake,"@realDonaldTrump I prefer a President who doesn't LIE\n\nI prefer a President who WEARS a MASK\n\nI prefer a President who ISN'T OKAY with a PROJECTED DEATH TOLL of 410,000 Americans by Year's END!\n\nI prefer a President who ISN'T Too LAZY, VAIN, IGNORANT &amp; STUBBORN to Confront the COVID-19 Pandemic https://t.co/RVIhqd6BLz",realdonaldtrump i prefer a president who doesn t lie n ni prefer a president who wears a mask n ni prefer a president who isn t okay with a projected death toll of americans by year s end n ni prefer a president who isn t too lazy vain ignorant stubborn to confront the covid pandemic
1798,fake,"Is the second wave coming? Active COVID-19 cases in Canada surge over 6,000.\n\nExperts say the numbers are concerning: https://t.co/hXm9aKnaGa https://t.co/FkvFCeUb2x",is the second wave coming active covid cases in canada surge over n nexperts say the numbers are concerning
1799,fake,"UK coronavirus death toll has risen by 12 and 1,940 Covid-19 cases were recorded in the past 24 hours, according to government, here's how it compares to a week ago: \n\nMore here: https://t.co/3man1toq5U https://t.co/ZxNlzgtsnB",uk coronavirus death toll has risen by and covid cases were recorded in the past hours according to government here s how it compares to a week ago n nmore here
1800,fake,Can we help get some signatures here for @Stray_Inc and @MatthewGreenNDP?\n\nThis is demanding social justice for all people in Canada and not just the able bodied.\n\nThe bills didn't get cheaper with COVID-19 and price gouging has run rampant.\n\n#cdnpoli\n\nhttps://t.co/e8eWYKU1MK,can we help get some signatures here for stray inc and matthewgreenndp n nthis is demanding social justice for all people in canada and not just the able bodied n nthe bills didn t get cheaper with covid and price gouging has run rampant n n cdnpoli n n
1801,fake,"UK coronavirus live: close to 2,000 new Covid cases recorded - highest daily total since May – as it happened https://t.co/SZteT6uRQs",uk coronavirus live close to new covid cases recorded highest daily total since may as it happened
1802,fake,It's actually huge piece of news that the lockdown U.S. just exceeded no-lockdown Sweden in Covid-19 deaths per million. @AlexBerenson @MartinKulldorff @stacey_rudin @toadmeister @PhilWMagness @dsdamato https://t.co/FLKKSuNtIn,it s actually huge piece of news that the lockdown u s just exceeded no lockdown sweden in covid deaths per million alexberenson martinkulldorff stacey rudin toadmeister philwmagness dsdamato
1803,fake,"DYK 650+ sailors were involved in training initiatives across the country this summer. Despite the COVID-19 environment, #NAVRES was active across Canada, teaching our members #HowToSailor\n#BZ to all whose creative planning allowed us to #Navy on. https://t.co/Lbb8tBLzAB",dyk sailors were involved in training initiatives across the country this summer despite the covid environment navres was active across canada teaching our members howtosailor n bz to all whose creative planning allowed us to navy on
1804,fake,This whole lockdown and covid shiiit would have been one big hell for me if not for marijuana.\n\nThank God for giving us the best medication ever. 🌿🙏,this whole lockdown and covid shiiit would have been one big hell for me if not for marijuana n nthank god for giving us the best medication ever
1805,fake,"Wear a mask, wash your hands often, &amp; social distance to #SlowTheSpread of #COVID19. It's hard to not see friends &amp; family &amp; celebrate important life moments like we used to, but following these basic &amp; crucial steps can get us back to where we used to be. https://t.co/zE6W7XOxOi https://t.co/gEZM1YEaSj",wear a mask wash your hands often social distance to slowthespread of covid it s hard to not see friends family celebrate important life moments like we used to but following these basic crucial steps can get us back to where we used to be
1806,fake,"Get rid of your dangerous, anti-science masked exercise rule for a start.\n\nHere's the WHO myth-busters to dispel whatever misinformation you've been fed.\nhttps://t.co/A0AGpgUxNV https://t.co/At0FC5v2yg https://t.co/q8I5LNl1Dm",get rid of your dangerous anti science masked exercise rule for a start n nhere s the who myth busters to dispel whatever misinformation you ve been fed n
1807,fake,"If anyone tells you this is success, fire them. #pandemic https://t.co/ky2EkNf4tU https://t.co/a8JxPQt8Yi",if anyone tells you this is success fire them pandemic
