tweet_id,client
1800,0
1492,0
1557,0
1068,0
1114,0
1761,0
1130,0
1552,0
24,0
8,0
44,0
432,0
1558,0
157,0
720,0
1427,0
1109,0
1423,0
333,0
1719,0
178,0
855,0
67,0
1577,0
1560,0
1280,0
1076,0
327,0
1536,0
359,0
978,0
1733,1
1433,1
1428,1
1192,1
1191,1
1143,1
1115,1
602,1
769,1
1303,1
1095,1
940,1
1049,1
1501,1
1503,1
943,1
942,1
1355,1
1067,1
953,1
894,1
1557,1
837,1
1724,1
1422,1
1311,2
37,2
1637,2
1753,2
1754,2
894,2
1095,2
328,2
334,2
1423,2
1581,2
1463,2
1538,2
1358,2
348,2
705,2
1560,2
34,2
1558,2
538,2
530,3
1536,3
1789,3
1577,3
623,3
1113,3
1437,3
1041,4
288,4
1045,4
1188,4
1560,4
1361,4
1557,4
1049,4
953,4
1043,4
1044,4
1046,4
1048,4
837,4
940,4
944,4
978,4
1191,4
1558,4
1192,4
1193,4
830,4
1051,4
1054,4
1038,4
1050,4
1358,4
1372,4
1536,4
1302,4
176,4
183,4
1303,4
1300,4
1355,4
1306,4
1115,4
333,4
530,4
1560,5
1557,5
1574,5
918,5
1174,5
1558,5
1107,5
978,5
103,5
953,5
236,5
1046,5
1048,5
1354,5
1355,5
1300,5
1303,5
1063,5
1051,5
830,5
837,5
1582,5
1699,5
1377,5
1450,5
1191,5
1358,5
1274,5
714,5
107,5
892,5
292,5
1396,5
1563,5
239,5
235,5
194,5
159,5
1162,5
108,5
1658,6
603,6
978,6
1038,6
759,6
1557,6
1558,6
1191,6
1418,6
942,6
943,6
1193,6
931,6
964,6
627,6
1289,6
1560,6
830,6
944,6
1761,6
627,7
385,7
14,7
1760,7
1771,7
62,7
359,7
1623,7
1039,7
116,8
359,8
1470,8
385,8
358,8
627,8
1735,8
752,8
442,8
374,8
1460,8
1144,8
707,8
1052,8
66,8
67,8
1047,8
19,8
535,9
1761,9
1729,9
457,9
385,9
460,9
1436,9
1726,9
918,9
1303,9
1717,9
44,9
285,9
641,9
693,9
698,9
330,9
385,10
359,10
1777,10
644,10
1670,10
1768,11
1763,11
1300,11
1761,11
1760,11
290,11
790,11
106,11
1763,12
1764,12
1762,12
428,12
28,12
730,12
1311,12
9,12
10,12
8,12
24,12
26,12
1264,12
994,12
550,12
195,12
14,12
333,12
1723,12
753,12
1768,12
427,12
928,12
753,13
1623,13
1668,13
35,13
1724,13
1248,13
1802,13
928,13
634,13
601,13
1052,13
1714,13
3,13
1269,13
10,14
1674,14
9,14
378,14
5,14
1776,14
829,14
7,14
374,14
157,14
31,15
1463,15
1568,15
27,15
40,15
222,15
1002,15
1212,15
1417,15
235,15
1423,15
30,15
518,15
28,15
646,15
1050,15
1051,15
1121,15
918,15
1549,15
38,15
338,15
350,15
837,15
37,15
35,15
1073,15
1707,15
108,15
621,15
369,15
1431,15
654,15
1678,15
729,15
796,15
1523,15
1509,15
1418,15
1409,15
1389,15
1341,15
1332,15
975,15
948,15
886,15
847,15
798,15
774,15
440,15
100,15
1492,15
256,15
1593,15
1518,15
1520,15
1193,15
41,15
131,15
1381,15
830,15
1074,16
1380,16
1701,16
1411,16
1518,16
1744,16
1774,16
1398,16
1597,16
157,16
1017,16
864,16
662,16
1709,16
1174,16
1141,16
215,16
589,16
26,16
599,16
1497,16
1523,16
724,16
507,16
553,16
153,16
1732,16
273,16
275,16
1582,16
299,16
1611,16
107,16
56,16
1581,16
919,16
638,16
374,16
216,16
1355,16
794,16
393,16
365,16
67,16
641,16
1271,16
697,16
1043,16
1044,16
1045,16
0,16
333,16
8,16
899,17
943,17
944,17
1038,17
281,17
1130,17
1718,17
1719,17
838,17
839,17
398,17
1375,17
942,17
44,17
681,17
338,17
941,17
172,17
1039,17
1041,17
578,17
721,17
940,17
1516,17
38,18
1415,18
416,18
1735,18
1114,18
167,18
1678,18
6,18
1549,18
1423,18
330,19
918,19
8,19
44,19
777,19
555,19
474,19
517,19
816,19
958,19
1199,19
1545,19
1594,19
1629,19
1079,19
1635,19
687,19
175,19
953,19
965,19
955,19
936,20
777,20
918,20
330,20
44,20
641,20
933,20
693,20
1635,20
1084,20
1127,20
1062,20
285,20
193,20
697,20
35,20
509,20
1601,21
66,21
1603,21
92,21
44,21
1627,21
1300,21
330,21
362,21
302,21
127,21
374,21
319,21
137,21
1733,21
170,21
918,21
1644,21
117,21
472,21
932,21
954,21
1375,21
1336,21
1586,21
707,21
669,21
1590,21
1305,21
55,21
72,21
1412,21
334,21
1047,21
335,21
474,21
620,21
646,21
932,22
1012,22
918,22
330,22
15,23
858,23
819,23
752,23
338,23
906,23
902,23
92,23
1014,23
1629,23
300,23
358,23
361,23
539,23
557,23
622,23
845,23
500,23
335,23
334,23
459,23
477,23
817,23
178,23
903,23
590,23
1185,23
763,23
1684,23
1231,23
611,23
1194,23
899,23
1195,23
460,23
676,23
15,24
361,24
902,24
840,24
1429,24
858,24
358,24
906,24
31,24
836,24
634,24
670,24
1300,24
811,24
553,24
766,24
819,24
477,24
1404,24
1074,24
1014,24
1503,24
375,24
272,24
752,24
1000,24
1353,24
993,24
1528,24
547,24
927,24
845,24
1521,24
1548,24
1572,24
1150,24
843,24
1718,24
718,24
518,24
123,24
79,24
1604,24
1297,24
300,24
173,24
358,25
1114,25
477,25
1646,25
83,25
149,25
1307,25
845,25
1092,25
300,25
835,25
1014,25
752,25
1611,25
67,25
333,25
906,25
326,25
361,25
347,25
1630,25
166,25
197,25
722,25
1018,25
1675,25
858,25
15,25
663,25
612,26
652,26
579,26
1401,26
1014,26
23,26
1085,26
300,26
819,26
405,26
541,26
246,26
283,26
557,26
845,26
1669,26
1739,26
15,26
752,26
1404,26
777,26
1306,26
301,26
698,26
906,26
731,26
1569,26
1538,26
1296,26
1214,26
827,26
281,26
1358,26
796,26
641,26
361,26
417,26
477,26
358,26
1330,26
1340,26
813,26
727,26
662,26
1379,26
1408,26
1594,26
1213,26
584,26
706,26
1402,26
973,26
643,26
1419,26
429,26
799,27
24,27
1427,27
1277,27
21,27
418,27
944,27
115,27
333,27
998,27
29,27
830,27
32,27
837,27
394,27
89,27
25,27
1502,27
647,27
981,27
31,27
34,27
675,27
1397,27
634,27
279,27
978,27
1046,27
338,27
1050,27
1104,27
1039,27
12,27
1038,27
1054,27
953,27
533,27
744,27
838,27
10,27
60,27
28,27
1048,27
30,27
1197,27
1300,27
105,27
9,27
183,28
182,28
108,28
115,28
216,28
77,28
59,28
761,28
175,28
239,28
1157,28
1121,28
46,28
1366,28
1056,28
337,28
1190,28
978,28
1011,28
42,28
1188,28
830,28
394,28
646,28
55,28
1038,28
1563,28
71,28
1271,28
492,28
65,28
599,28
107,28
1500,28
1395,28
319,28
304,28
288,28
236,28
187,28
159,28
135,28
136,28
117,28
112,28
176,28
1159,28
998,28
28,28
1659,28
940,28
976,28
1412,28
1583,28
1397,28
1618,28
328,29
1351,29
41,29
920,29
1373,29
944,29
40,29
1463,29
1072,29
1631,29
1152,29
1553,29
29,29
24,29
28,29
720,29
9,29
10,29
829,29
26,29
1062,29
34,29
187,29
89,29
1328,29
1327,29
918,29
445,29
20,29
8,29
338,29
1744,29
837,29
830,29
1056,29
1516,29
1648,29
551,29
1553,30
953,30
26,30
176,30
66,31
338,31
1553,31
67,31
339,31
35,31
1038,31
37,31
1104,31
978,31
1300,31
1744,31
28,31
1563,31
487,31
26,31
24,31
835,31
1355,31
23,31
830,31
839,31
30,31
31,31
176,31
156,31
104,31
101,31
837,32
1104,32
1054,32
1366,32
1538,32
1356,32
1190,32
26,32
1360,32
1256,32
34,32
1311,32
1361,32
838,32
839,32
1618,32
1114,32
1109,32
1115,32
1117,32
1329,32
1088,32
943,32
940,32
377,33
1669,33
1365,33
8,33
785,33
1188,33
338,33
333,33
1360,33
145,33
245,33
599,33
24,33
9,33
617,33
67,33
1043,33
444,33
757,33
66,33
26,34
25,34
337,34
1222,34
1302,34
1366,34
830,34
829,34
837,34
1099,34
1102,34
1308,34
9,34
848,34
599,34
836,34
838,34
839,34
953,34
1375,34
1518,34
943,34
1414,34
1310,34
1157,34
1006,34
1047,34
1138,34
978,34
1306,34
525,34
1104,34
602,34
1307,34
334,34
1355,34
1356,34
445,34
1361,34
10,34
1354,34
372,34
1114,34
1054,34
754,34
969,34
1188,34
1046,34
1563,34
8,34
67,34
1358,34
944,34
1443,34
1184,34
52,34
1303,34
1050,34
47,34
608,34
1412,34
1190,34
338,34
1304,34
1305,34
1311,34
319,34
1159,34
894,35
830,35
1159,35
1210,35
837,35
950,35
35,35
1193,35
1114,35
949,35
768,35
34,35
1115,35
1039,35
1190,35
1191,35
1192,35
333,35
838,35
839,35
1557,35
978,35
1188,35
299,35
136,35
336,35
28,35
175,35
335,35
10,35
334,35
45,36
1241,36
837,36
107,36
839,36
838,36
830,36
55,36
333,36
1049,36
940,36
67,36
46,36
836,36
164,36
214,36
338,36
319,36
175,36
1300,36
187,36
103,36
1304,36
1303,36
334,36
1474,36
1302,36
1307,36
59,36
374,36
632,36
835,36
1338,36
894,36
236,36
1349,36
335,36
1045,36
646,36
1039,36
1041,36
1044,36
1050,36
1054,36
727,36
1051,36
35,36
30,36
1358,36
1190,36
1355,36
71,36
1361,36
222,36
223,36
239,36
52,36
60,36
105,36
134,36
235,36
156,36
846,36
1191,36
1214,36
24,36
28,36
179,36
1109,36
371,36
26,36
1048,36
1188,36
1192,37
28,37
1558,37
1041,37
1361,37
1188,37
1266,37
1355,37
830,37
1300,37
1560,37
837,37
602,37
31,37
30,37
35,37
318,37
1114,37
1358,37
1754,37
1307,37
1039,37
1054,37
839,37
944,37
66,37
838,37
1048,37
835,37
836,37
1115,37
37,37
168,37
1306,37
1303,37
334,37
335,37
1305,37
487,37
1304,37
1302,37
953,37
1193,37
940,37
1191,37
1046,37
1045,37
1044,37
1043,37
32,37
943,37
942,37
941,37
1354,37
1051,37
1050,37
1049,37
1190,37
978,37
896,37
1188,38
8,38
1303,38
1302,38
1190,38
1563,38
1039,38
1300,38
1041,38
67,38
338,38
1068,38
978,38
35,38
134,38
1049,38
24,38
599,38
333,38
9,38
1050,38
1048,38
1038,38
1054,38
26,38
10,38
1051,38
940,38
1355,38
941,38
1043,38
1307,38
1354,38
1358,38
1044,38
1361,38
78,38
28,38
352,38
943,38
1045,38
8,39
26,39
10,39
9,39
1563,39
1188,39
944,39
67,39
24,39
953,39
599,39
1355,39
35,39
338,39
334,39
335,39
1043,39
1044,39
1045,39
1311,39
72,39
37,39
32,39
30,39
333,39
176,39
26,40
1045,40
8,40
1044,40
9,40
10,40
333,40
1043,40
599,40
338,40
1355,40
1361,40
1188,40
67,40
24,40
1563,40
28,40
32,40
31,40
1307,40
1306,40
1305,40
1304,40
1302,40
8,41
1355,41
35,41
10,41
24,41
67,41
26,41
599,41
28,41
501,41
1045,41
333,41
115,41
1649,41
9,41
1043,41
1188,41
941,41
1563,41
338,41
486,41
187,41
333,42
26,42
944,42
8,42
1563,42
1304,42
1188,42
25,42
9,42
1045,42
338,42
24,42
109,42
941,42
67,42
35,42
942,42
943,42
953,42
1114,42
1115,42
1302,42
1303,42
1305,42
1300,42
1306,42
1355,42
1193,42
599,42
1051,42
1307,42
10,42
1159,42
28,42
1038,42
968,42
599,43
67,43
35,43
24,43
1563,43
1358,43
26,43
8,43
1188,43
9,43
28,43
338,43
333,43
1217,43
10,43
1379,43
1440,43
1045,43
1361,43
1456,43
1193,43
656,43
1443,43
618,43
37,43
55,43
724,43
779,43
1124,43
1184,43
613,43
1488,43
445,43
335,43
334,43
179,43
571,43
103,43
59,43
1355,43
1354,43
599,44
338,44
1039,44
9,44
24,44
67,44
333,44
335,44
8,44
1606,44
1188,44
26,44
148,44
1044,44
414,44
782,44
10,44
926,44
1171,44
28,44
101,44
35,44
1355,44
137,44
409,44
28,45
333,45
599,45
35,45
1163,45
1271,45
1188,45
1190,45
26,45
24,45
338,45
1355,45
8,45
1193,45
1114,45
1043,45
1563,45
838,45
1360,45
67,45
286,45
1307,45
1558,45
1788,45
1560,45
9,45
1671,45
10,45
66,45
837,45
31,45
1044,45
1159,45
1463,46
20,46
348,46
1776,46
24,46
364,46
162,46
850,46
225,46
163,46
1213,46
1310,46
1101,46
8,46
30,46
1013,46
31,46
67,46
720,46
338,46
1361,47
1382,47
1300,47
1358,47
1114,47
718,47
1054,47
1115,47
1038,47
1191,47
1192,47
1193,47
1190,47
1046,47
862,47
1307,47
1304,47
1523,47
1305,47
1306,47
1605,47
1303,47
1354,47
944,47
1526,47
1525,47
1165,47
1451,47
157,47
101,47
2,47
958,47
1486,47
885,47
941,47
42,47
632,47
31,47
943,47
501,47
505,47
1380,47
959,47
742,47
123,47
940,47
953,47
335,47
37,47
103,47
942,47
792,47
1461,47
1560,47
1232,47
1441,47
574,47
506,47
647,47
479,47
1231,47
453,47
422,47
1387,47
1502,47
1477,47
334,47
307,47
926,47
215,47
1573,47
878,47
783,47
651,47
631,47
1581,47
789,48
30,48
1193,48
1054,48
1038,48
1219,48
1304,48
31,48
1048,48
1046,48
32,48
1051,48
940,48
487,48
1300,48
953,48
335,48
334,48
944,48
943,48
942,48
941,48
1192,48
1190,48
1049,48
1302,48
1361,48
1039,48
1306,48
37,48
1305,48
1041,48
1115,48
1354,48
1050,48
646,48
30,49
953,49
1190,49
1054,49
333,49
1300,49
1048,49
1192,49
334,49
1038,49
1303,49
335,49
1051,49
1050,49
32,49
31,49
1483,49
940,49
1307,49
1302,49
1041,49
943,49
1361,49
1193,49
1046,49
1114,49
1191,49
1358,49
1354,49
942,49
1306,49
944,49
1039,49
1305,49
1115,49
1049,49
941,49
18,49
30,50
941,50
1190,50
940,50
1645,50
942,50
951,50
1050,50
1361,50
1038,50
1309,50
953,50
136,50
31,50
1300,50
1191,50
1192,50
1358,50
1354,50
1046,50
1302,50
1304,50
1054,50
1305,50
1306,50
1051,50
1041,50
335,50
1303,50
1048,50
1307,50
1049,50
334,50
1264,50
674,50
923,50
810,50
1427,51
334,51
1192,51
1191,51
1361,51
1358,51
1413,51
1304,51
1193,51
31,51
335,51
32,51
941,51
940,51
1050,51
37,51
1307,51
573,51
92,51
1300,51
1115,51
742,51
148,51
574,51
788,51
1046,51
1305,51
1190,51
1051,51
1054,51
1038,51
955,51
1233,51
953,51
1354,51
1041,51
1049,51
115,52
863,52
1049,52
882,52
1190,52
112,52
1191,52
166,52
1307,52
1038,52
944,52
1381,52
955,52
89,52
782,52
335,52
1166,52
334,52
1304,52
1300,52
1782,52
1051,52
1306,52
1449,52
1398,52
1394,52
1375,52
1363,52
374,52
506,52
1054,52
1302,52
1358,52
1050,52
1114,52
1556,52
1524,52
1385,52
1315,52
1194,52
943,52
830,52
30,52
1354,52
853,52
1303,52
487,52
801,52
1192,52
1305,52
776,52
755,52
551,52
26,52
940,52
896,52
143,52
190,52
1193,52
941,52
31,52
1115,52
161,52
1373,52
953,52
217,52
56,52
942,52
236,52
1034,52
1375,53
1381,53
205,53
1789,53
1188,53
488,53
1361,53
1355,53
1190,53
1303,54
32,54
1300,54
31,54
30,54
492,54
1560,54
1115,54
1135,54
1307,54
1302,54
1361,54
803,54
1039,54
1358,54
953,54
37,54
1114,54
1190,54
940,54
1054,54
1192,54
944,54
942,54
1073,54
1472,54
1445,54
941,54
943,54
1308,54
1191,54
1038,54
1304,54
1049,54
1041,54
1305,54
1351,54
1061,54
1354,54
1373,54
1051,54
2,54
1193,54
1048,54
570,54
1050,54
1044,55
940,55
942,55
1049,55
1051,55
1046,55
1192,55
1050,55
1048,55
1045,55
941,55
1302,55
1041,55
1054,55
1193,55
943,55
1114,55
1358,55
1043,55
1307,55
1354,55
1306,55
944,55
953,55
1039,55
1560,55
1361,55
1355,55
1191,55
1300,55
1558,55
334,55
1557,55
1038,55
1190,55
1115,55
1188,55
1303,55
1304,55
1305,55
9,55
10,55
28,55
30,55
32,55
31,55
35,55
37,55
67,55
335,55
338,55
487,55
835,55
333,55
839,55
830,55
838,55
836,55
1300,56
1190,56
30,56
1304,56
1303,56
32,56
1306,56
1302,56
1305,56
1307,56
944,56
334,56
184,56
183,56
182,56
181,56
118,56
1039,56
1191,56
943,56
1038,56
940,56
1560,56
941,56
1193,56
1114,56
1192,56
37,56
953,56
1041,56
335,56
31,56
1050,56
1051,56
1054,56
1115,56
180,56
1115,57
31,57
1306,57
487,57
32,57
30,57
239,57
235,57
1038,57
1192,57
1193,57
1051,57
1358,57
1300,57
1307,57
1191,57
222,57
1304,57
334,57
335,57
1114,57
1041,57
1046,57
953,57
1050,57
1049,57
1305,57
1063,57
942,57
943,57
940,57
944,57
941,57
1190,57
1560,57
518,57
1354,57
1048,57
1046,58
1038,58
1041,58
1190,58
37,58
1358,58
1048,58
1049,58
32,58
944,58
1191,58
1193,58
1306,58
1560,58
30,58
1115,58
1304,58
1300,58
1050,58
33,58
1054,58
31,58
953,58
1051,58
943,58
2,58
1307,58
940,58
1192,58
1354,58
942,58
1494,58
1303,58
1114,58
1361,58
1302,58
30,59
1193,59
1302,59
31,59
1361,59
1049,59
1114,59
1115,59
375,59
1054,59
1358,59
1038,59
1051,59
1303,59
942,59
334,59
1048,59
944,59
1050,59
1190,59
1305,59
1046,59
940,59
487,59
953,59
1300,59
1306,59
1307,59
943,59
1304,59
32,59
1041,59
31,60
335,60
1115,60
37,60
1307,60
1039,60
1190,60
942,60
940,60
1114,60
334,60
1304,60
1303,60
1049,60
885,60
1054,60
941,60
1050,60
1300,60
944,60
953,60
30,60
1193,60
608,60
233,60
943,60
1038,60
1191,60
1192,60
1302,60
944,61
1304,61
1303,61
646,61
106,61
940,61
37,61
103,61
1193,61
941,61
108,61
1039,61
1041,61
1354,61
30,61
32,61
1115,61
1306,61
1192,61
1300,61
943,61
31,61
1190,61
1305,61
1054,61
107,61
1038,61
1191,61
953,61
1358,61
1361,61
1307,61
1302,61
1051,61
1050,61
335,61
487,61
1560,61
1114,61
143,62
134,62
60,62
179,62
222,62
61,62
45,62
59,62
216,62
223,62
646,62
319,62
137,62
239,62
107,62
108,62
46,62
115,62
103,62
71,62
197,62
55,62
57,62
214,62
236,62
282,62
288,62
47,62
156,62
187,62
112,62
118,62
106,62
117,62
136,62
135,62
42,62
157,62
159,62
175,62
148,62
164,62
180,62
181,62
182,62
183,62
184,62
176,62
194,62
105,62
185,62
52,62
56,62
72,62
89,62
94,62
53,62
217,62
1121,62
632,62
374,62
235,62
304,62
52,63
182,63
520,63
57,63
105,63
183,63
56,63
519,63
184,63
24,63
159,63
26,63
521,63
374,63
517,63
67,63
522,63
31,63
288,63
55,63
239,63
235,63
164,63
216,63
46,63
108,63
112,63
53,63
304,63
222,63
181,63
103,63
1121,63
646,63
1357,63
1358,63
1505,63
210,63
77,63
197,63
283,63
821,63
1341,63
187,63
1629,63
176,63
632,63
319,63
1175,63
156,63
1104,63
761,63
236,63
599,63
592,63
47,63
180,63
175,63
1342,63
1030,63
1190,63
107,63
52,64
385,64
164,64
56,64
53,64
180,64
216,64
57,64
288,64
222,64
115,64
59,64
156,64
175,64
304,64
319,64
105,64
632,64
183,64
646,64
94,64
108,64
181,64
182,64
236,64
137,64
157,64
159,64
60,64
184,64
89,64
103,64
42,64
359,64
136,64
235,64
1387,64
72,64
46,64
55,64
214,65
645,65
222,65
117,65
216,65
107,65
55,65
1201,65
60,65
67,65
239,65
1115,65
1188,65
1563,65
108,65
197,65
71,65
135,65
72,65
45,65
159,65
1413,65
47,65
1308,65
1125,65
570,65
187,65
185,65
106,65
319,65
223,65
175,65
137,65
194,65
136,65
236,65
89,65
217,65
179,65
59,65
176,65
235,65
112,65
52,65
180,65
181,65
182,65
115,65
183,65
184,65
1135,65
1307,65
42,65
747,65
646,65
304,65
708,65
103,65
1121,66
46,66
72,66
57,66
61,66
143,66
41,66
60,66
214,66
217,66
117,66
187,66
134,66
59,66
71,66
105,66
94,66
107,66
55,66
56,66
45,66
222,66
235,66
239,66
159,66
632,66
319,66
176,66
303,66
96,66
108,66
646,66
282,66
216,66
115,66
118,66
157,66
112,66
182,66
103,66
943,66
236,66
223,66
338,66
184,66
47,66
179,66
53,66
175,66
374,66
52,66
945,66
156,66
106,66
1221,66
737,66
304,66
1341,66
1688,66
1414,66
807,66
1171,66
67,66
135,66
1645,66
35,66
1158,67
105,67
107,67
137,67
214,67
1666,67
1470,67
788,67
71,67
222,67
156,67
217,67
179,67
187,67
882,67
159,67
981,67
1164,67
239,67
235,67
236,67
698,67
891,67
45,67
1622,67
136,67
115,67
387,67
1006,67
1082,67
47,67
1166,67
632,67
103,67
59,67
943,67
1432,67
57,67
53,68
61,68
71,68
45,68
57,68
47,68
52,68
56,68
108,68
157,68
187,68
222,68
179,68
184,68
183,68
137,68
136,68
115,68
107,68
103,68
94,68
60,68
59,68
135,68
319,68
105,68
194,68
46,68
214,68
42,68
235,68
217,68
216,68
175,68
112,68
72,68
236,68
646,68
374,68
304,68
134,68
143,68
180,68
181,68
182,68
239,68
282,68
55,68
223,68
632,68
1463,68
1121,68
159,68
176,68
288,68
164,68
156,68
181,69
1103,69
182,69
183,69
921,69
963,69
1632,69
184,69
641,69
1719,69
693,69
541,69
457,69
459,69
180,69
936,69
1074,69
709,69
1716,69
751,69
1645,69
1759,69
1694,69
405,69
193,69
1560,69
564,69
1304,69
1449,69
1305,69
1307,69
784,69
774,69
792,69
796,69
1303,69
1354,69
797,69
744,69
1050,69
1049,69
798,69
1048,69
1046,69
1039,69
944,69
1355,69
783,69
662,69
689,69
724,69
740,69
1051,69
1054,69
1114,69
776,69
661,69
654,69
1115,69
779,69
780,69
1361,69
1191,69
1192,69
1193,69
1302,69
778,69
943,69
1358,69
1639,69
1544,69
942,69
974,69
487,69
335,69
334,69
32,69
578,69
566,69
30,69
28,69
764,69
754,69
800,69
941,69
802,69
839,69
838,69
806,69
807,69
810,69
812,69
805,69
813,69
814,69
815,69
816,69
836,69
835,69
750,69
1716,70
235,70
159,70
1674,70
185,70
963,70
709,70
878,70
1463,70
179,70
115,70
135,70
148,70
1780,70
1193,70
1192,70
646,70
217,70
187,70
632,70
566,71
458,71
963,71
464,71
578,71
463,71
460,71
905,71
904,71
457,71
1217,71
1596,71
607,71
664,71
963,72
566,72
456,72
730,72
903,72
904,72
178,72
466,72
752,72
1245,73
1086,73
77,73
1260,73
1781,73
106,73
117,73
374,73
136,73
1171,73
1181,73
135,73
216,73
236,73
134,73
885,73
137,73
782,73
1686,73
414,73
1034,73
59,73
181,73
112,73
57,73
705,73
288,73
926,73
217,73
94,73
1665,73
319,73
115,73
632,73
107,73
239,73
182,73
157,73
626,73
143,73
214,73
223,73
103,73
105,73
108,73
52,73
194,73
47,73
56,73
134,74
1260,74
216,74
414,74
112,74
1181,74
115,74
1171,74
156,74
782,74
886,74
938,74
926,74
1086,74
1665,74
235,74
185,74
89,74
1686,74
319,74
77,74
187,74
229,74
1034,74
885,74
47,74
157,74
1781,74
108,74
107,74
1245,74
1086,75
73,75
1181,75
176,75
1770,75
42,75
77,75
95,75
185,75
709,75
926,75
1686,75
782,75
885,75
1665,75
414,75
1245,75
1722,75
1034,75
577,76
1100,76
646,76
752,76
149,76
77,76
782,76
858,76
1719,76
1075,76
1509,76
1492,76
1052,76
1086,76
1099,76
1101,76
1189,76
1199,76
1227,76
1390,76
1456,76
1440,76
1450,76
1665,76
1528,76
1555,76
1061,76
1303,76
15,76
1588,76
1245,76
1580,76
396,76
1556,76
1181,76
819,76
845,76
956,76
1529,76
300,76
1034,76
414,76
639,76
906,76
897,76
926,76
223,76
1759,77
903,77
1717,77
1632,77
457,77
1694,77
963,77
899,77
174,77
460,77
458,77
752,77
1103,77
456,77
566,77
331,77
1717,78
1693,78
1759,78
956,78
457,78
463,78
1705,78
396,78
331,78
899,78
456,78
903,78
1194,78
1126,78
1324,78
1719,78
904,78
477,78
466,78
172,78
331,79
172,79
457,79
903,79
1717,79
15,79
845,79
902,79
466,79
300,79
819,79
477,79
459,79
902,80
963,80
457,80
903,80
466,80
566,80
456,80
1717,80
904,80
456,81
902,81
331,81
396,81
466,81
173,81
963,81
1718,81
1717,81
752,81
459,81
460,81
462,81
566,81
172,81
905,81
456,82
466,82
457,82
902,82
1719,82
396,82
845,82
331,82
300,82
399,82
905,82
178,82
173,82
1717,82
456,83
457,83
466,83
173,83
902,83
459,83
174,83
1718,83
461,83
361,84
466,84
1014,84
858,84
456,84
358,84
902,84
845,84
904,84
1063,84
458,84
1718,84
173,84
178,84
457,84
312,85
902,85
905,85
398,85
174,85
173,85
1288,85
904,85
460,85
1719,85
396,85
397,85
462,85
458,85
566,85
963,85
1187,85
977,85
936,85
460,86
459,86
398,86
397,86
461,86
172,86
458,86
173,86
312,86
466,86
396,86
961,86
178,86
1130,86
460,87
905,87
456,87
466,87
461,87
902,87
178,87
331,87
904,87
1719,87
1718,87
394,87
300,87
172,87
458,87
173,87
462,87
963,87
174,87
903,87
459,87
15,87
904,88
174,88
460,88
1719,88
461,88
178,88
905,88
173,88
361,88
458,88
902,88
652,88
15,88
459,88
172,88
752,88
1718,88
466,88
331,88
1717,88
1233,88
903,89
458,89
904,89
546,89
1288,89
460,89
902,89
466,89
387,89
178,89
845,89
566,89
710,89
331,89
1718,90
904,90
458,90
174,90
173,90
1719,90
178,90
398,90
460,90
461,90
172,90
905,90
459,90
1041,90
466,90
1039,90
902,90
462,90
462,91
172,91
904,91
845,91
460,91
458,91
456,91
312,91
831,91
566,91
457,91
285,91
831,92
458,92
1130,92
173,92
730,92
578,92
845,92
566,92
904,92
905,92
457,92
460,92
1188,92
944,92
459,92
652,92
235,92
943,92
902,92
903,92
466,92
171,92
462,92
1268,93
112,93
599,93
117,93
103,93
176,93
216,93
713,93
156,93
135,93
187,93
185,93
94,93
59,93
183,93
148,93
175,93
136,93
235,93
164,93
1538,93
55,93
239,93
217,93
197,93
632,93
1063,93
179,93
159,93
184,93
194,93
137,94
1336,94
42,94
135,94
235,94
632,94
59,94
175,94
216,94
164,94
304,94
136,94
106,94
223,94
157,94
94,94
156,94
236,94
103,94
115,94
117,94
239,94
112,94
1744,94
288,94
159,94
89,94
72,94
108,94
46,94
179,94
222,94
646,94
1110,94
107,94
374,94
118,94
1489,94
1530,94
197,94
1723,95
861,95
1791,95
164,95
72,95
197,95
42,95
107,95
223,95
175,95
185,95
187,95
94,95
103,95
117,95
157,95
148,95
239,95
55,95
59,95
646,95
288,95
180,95
112,95
282,95
108,95
115,95
222,95
217,95
216,95
179,95
184,95
89,95
176,95
424,95
47,95
159,95
183,95
235,95
304,95
239,96
1405,96
223,96
55,96
164,96
319,96
79,96
113,96
156,96
632,96
235,96
1121,96
46,96
176,96
333,96
157,96
137,96
136,96
106,96
217,96
118,96
148,96
185,96
112,96
107,96
236,96
175,96
72,96
187,96
117,96
89,96
94,96
646,96
47,96
42,96
115,96
288,96
103,96
184,96
525,96
59,96
542,96
135,96
319,97
176,97
223,97
217,97
135,97
136,97
115,97
288,97
646,97
72,97
185,97
239,97
235,97
148,97
222,97
164,97
137,97
112,97
117,97
47,97
197,97
304,97
156,97
107,97
216,97
106,97
282,97
175,97
108,97
159,97
632,97
89,97
263,98
197,98
185,98
216,98
236,98
239,98
156,98
157,98
304,98
42,98
45,98
159,98
222,98
288,98
217,98
223,98
187,98
632,98
65,98
47,98
89,98
374,98
108,98
106,98
112,98
115,99
108,99
94,99
187,99
189,99
136,99
137,99
1121,99
425,99
235,99
106,99
164,99
217,99
239,99
179,99
222,99
72,99
176,99
319,99
236,99
646,99
135,99
112,99
175,99
117,99
374,99
197,99
185,99
148,99
223,99
1756,99
180,99
89,99
103,99
216,99
118,99
747,99
137,100
179,100
103,100
112,100
217,100
72,100
239,100
94,100
55,100
148,100
646,100
108,100
107,100
117,100
156,100
176,100
185,100
164,100
118,100
175,100
106,100
632,100
222,100
1121,100
89,100
187,100
115,100
1115,100
136,100
194,100
216,100
236,100
223,100
319,100
47,100
235,100
164,101
148,101
223,101
236,101
319,101
374,101
1121,101
217,101
47,101
235,101
194,101
157,101
197,101
137,101
89,101
216,101
187,101
288,101
239,101
185,101
55,101
135,101
632,101
117,101
156,101
115,101
107,101
176,101
108,101
646,101
282,101
184,101
183,101
182,101
181,101
159,101
180,101
304,101
222,101
175,101
179,101
112,101
46,101
1121,102
156,102
197,102
185,102
646,102
157,102
223,102
222,102
59,102
112,102
632,102
47,102
137,102
179,102
175,102
217,102
94,102
46,102
236,102
181,102
159,102
117,102
194,102
148,102
282,102
103,102
187,102
89,102
239,102
42,102
118,102
216,102
180,102
176,102
235,102
55,102
319,102
115,103
106,103
197,103
157,103
217,103
304,103
176,103
156,103
194,103
646,103
112,103
159,103
216,103
319,103
179,103
42,103
148,103
175,103
288,103
184,103
137,103
239,103
118,103
632,103
103,103
136,103
183,103
89,103
117,103
187,103
185,103
374,103
222,103
46,103
223,103
164,103
135,103
236,103
107,103
55,104
319,104
72,104
94,104
176,104
136,104
236,104
135,104
217,104
187,104
164,104
106,104
47,104
239,104
156,104
89,104
46,104
148,104
103,104
1121,104
223,104
197,104
175,104
185,104
115,104
159,104
374,104
112,104
282,104
184,104
183,104
288,104
304,104
646,104
632,104
42,104
59,104
117,104
106,105
632,105
89,105
117,105
235,105
112,105
646,105
222,105
288,105
137,105
239,105
185,105
103,105
164,105
135,105
175,105
157,105
118,105
94,105
319,105
197,105
182,105
236,105
159,105
115,105
176,105
136,105
217,105
108,105
194,105
183,105
156,105
42,105
184,105
374,105
148,105
217,106
108,106
164,106
112,106
236,106
646,106
55,106
179,106
94,106
176,106
135,106
136,106
187,106
148,106
319,106
180,106
185,106
106,106
632,106
117,106
1121,106
137,106
72,106
216,106
222,106
107,106
288,106
59,106
157,106
184,106
183,106
223,106
115,106
42,106
235,106
47,106
46,106
175,106
103,106
179,107
164,107
304,107
135,107
184,107
319,107
42,107
632,107
176,107
183,107
46,107
89,107
55,107
197,107
216,107
222,107
107,107
1121,107
72,107
94,107
59,107
239,107
182,107
159,107
157,107
223,107
374,107
156,107
106,107
136,107
47,107
180,107
181,107
236,107
175,107
185,107
217,107
282,107
288,108
118,108
223,108
107,108
103,108
72,108
185,108
180,108
94,108
89,108
42,108
108,108
304,108
47,108
187,108
953,108
646,108
319,108
164,108
216,108
112,108
632,108
374,108
157,108
179,108
46,108
1051,108
106,108
59,108
235,108
239,108
115,108
135,108
175,108
282,108
222,108
156,108
136,108
176,108
194,109
217,109
374,109
112,109
115,109
632,109
135,109
185,109
176,109
107,109
148,109
319,109
216,109
197,109
1121,109
646,109
136,109
239,109
108,109
157,109
47,109
235,109
236,109
223,109
55,109
222,109
72,109
179,109
156,109
164,109
179,110
374,110
288,110
157,110
187,110
159,110
217,110
156,110
103,110
55,110
107,110
319,110
194,110
117,110
646,110
164,110
136,110
185,110
176,110
106,110
216,110
148,110
235,110
197,110
239,110
632,110
223,110
47,110
236,110
137,110
222,110
184,110
148,111
194,111
157,111
222,111
235,111
179,111
42,111
197,111
187,111
632,111
185,111
112,111
156,111
175,111
106,111
137,111
117,111
159,111
304,111
217,111
89,111
282,111
164,111
103,111
107,111
47,111
72,111
288,111
374,111
319,111
136,111
108,111
646,111
184,111
176,111
236,111
304,112
176,112
223,112
112,112
135,112
632,112
184,112
194,112
106,112
148,112
103,112
89,112
159,112
156,112
175,112
319,112
179,112
217,112
185,112
136,112
235,112
94,112
117,112
137,112
1121,112
187,112
164,112
236,112
107,112
374,112
222,112
157,112
42,112
108,112
235,113
94,113
319,113
42,113
103,113
175,113
1121,113
187,113
176,113
216,113
135,113
156,113
107,113
222,113
164,113
117,113
288,113
72,113
108,113
115,113
157,113
112,113
59,113
47,113
106,113
136,113
185,113
239,113
159,113
179,113
137,113
194,113
46,113
55,113
118,113
148,113
223,113
106,114
59,114
108,114
148,114
164,114
236,114
197,114
103,114
1121,114
46,114
112,114
117,114
239,114
187,114
136,114
175,114
47,114
55,114
319,114
89,114
107,114
137,114
216,114
374,114
646,114
159,114
176,114
156,114
222,114
304,114
288,114
632,114
135,114
185,114
217,114
157,114
184,115
148,115
183,115
185,115
216,115
646,115
103,115
46,115
181,115
117,115
304,115
176,115
137,115
175,115
180,115
223,115
47,115
239,115
179,115
157,115
288,115
164,115
112,115
135,115
55,115
108,115
106,115
632,115
374,115
187,115
159,115
136,115
107,115
42,115
118,115
156,115
282,115
235,115
236,115
108,116
107,116
236,116
89,116
175,116
436,116
46,116
197,116
112,116
135,116
632,116
411,116
307,116
194,116
106,116
136,116
59,116
42,116
47,116
222,116
501,116
103,116
94,116
55,116
646,116
304,116
235,116
115,116
72,116
239,116
187,116
183,116
179,116
374,116
223,116
184,116
157,116
156,116
319,116
148,116
117,116
185,116
159,116
164,116
176,116
1121,116
239,117
179,117
175,117
223,117
156,117
59,117
222,117
137,117
135,117
136,117
180,117
182,117
194,117
304,117
235,117
176,117
319,117
148,117
187,117
183,117
184,117
47,117
118,117
632,117
217,117
374,117
185,117
157,117
106,117
288,117
103,117
107,117
46,117
197,117
115,117
55,117
164,117
159,117
236,117
94,117
108,117
112,118
156,118
103,118
115,118
216,118
236,118
235,118
159,118
136,118
319,118
137,118
135,118
183,118
47,118
107,118
239,118
164,118
46,118
222,118
108,118
176,118
187,118
59,118
217,118
94,118
1121,118
148,118
157,118
197,118
646,118
632,118
288,118
106,118
179,118
282,118
89,118
55,118
222,119
194,119
223,119
179,119
646,119
185,119
136,119
288,119
164,119
216,119
197,119
304,119
137,119
176,119
72,119
319,119
282,119
217,119
47,119
374,119
94,119
115,119
55,119
159,119
632,119
112,119
46,119
117,119
148,119
89,119
106,119
135,119
108,119
1121,119
107,119
236,119
59,120
164,120
136,120
55,120
304,120
236,120
319,120
176,120
72,120
159,120
156,120
179,120
103,120
197,120
47,120
135,120
374,120
157,120
94,120
115,120
175,120
282,120
185,120
117,120
217,120
194,120
106,120
222,120
180,120
181,120
137,120
182,120
183,120
216,120
187,120
184,120
223,120
46,120
108,120
148,120
89,120
646,120
335,120
334,120
1121,120
235,120
239,120
106,121
183,121
223,121
222,121
107,121
181,121
197,121
632,121
115,121
164,121
182,121
108,121
89,121
239,121
55,121
157,121
59,121
179,121
646,121
304,121
148,121
156,121
72,121
135,121
159,121
136,121
176,121
137,121
184,121
217,121
185,121
117,121
47,121
236,121
1121,121
118,121
319,121
235,121
112,121
187,122
55,122
176,122
374,122
157,122
185,122
235,122
222,122
184,122
136,122
179,122
646,122
288,122
319,122
137,122
223,122
175,122
115,122
159,122
197,122
156,122
108,122
107,122
217,122
72,122
282,122
106,122
118,122
148,122
632,122
59,122
135,122
236,122
164,122
112,122
117,122
182,123
89,123
176,123
180,123
216,123
72,123
632,123
47,123
222,123
197,123
235,123
103,123
319,123
112,123
175,123
148,123
94,123
59,123
304,123
156,123
164,123
135,123
288,123
217,123
159,123
106,123
115,123
185,123
107,123
239,123
223,123
136,123
108,123
646,123
157,123
184,123
179,123
187,123
106,124
288,124
185,124
176,124
217,124
223,124
216,124
197,124
94,124
112,124
374,124
115,124
159,124
175,124
235,124
239,124
148,124
179,124
164,124
135,124
107,124
136,124
222,124
156,124
319,124
137,124
117,124
108,124
236,124
187,124
183,124
646,124
632,124
184,124
103,124
1430,125
1216,125
1414,125
1408,125
292,125
758,125
765,125
1346,125
1475,125
1529,125
1539,125
25,125
19,125
60,125
433,125
1709,125
729,125
1173,125
303,125
1326,125
1050,125
1049,125
1175,125
995,125
2,125
1174,125
788,125
87,125
878,125
707,125
669,125
344,125
201,125
440,125
1375,125
1062,125
705,125
567,125
538,125
1381,125
129,125
67,125
365,125
66,125
131,126
133,126
964,126
166,126
1058,126
1002,126
1049,126
67,126
1327,126
1687,127
365,127
1327,127
1661,127
1338,127
735,127
226,127
393,127
32,127
1264,127
1018,127
623,127
836,127
1062,127
941,127
166,127
707,127
715,127
131,127
241,127
823,127
732,127
1341,127
659,127
1427,127
975,127
1191,127
1328,127
1709,127
942,127
1736,127
159,127
1463,127
1216,127
1392,128
1199,128
166,128
440,128
567,128
584,128
248,128
538,128
201,128
920,128
281,128
705,128
1074,128
685,128
1315,128
1213,128
878,128
840,128
8,128
853,128
133,128
34,128
1130,128
1566,128
1410,128
1538,128
645,128
1353,128
40,128
1744,128
37,128
781,128
1210,128
1739,128
292,128
1576,128
1539,128
810,128
755,128
44,128
413,128
1491,128
1692,128
790,128
225,128
1087,128
166,129
722,129
526,129
920,129
1210,129
1258,129
1255,129
1117,129
322,129
619,129
93,129
903,129
1061,129
330,129
20,129
1113,129
440,129
1079,129
390,129
96,129
1115,129
37,129
108,129
31,130
148,130
99,130
1306,130
1446,130
814,130
813,130
810,130
426,130
433,130
1328,130
909,130
1107,130
920,130
955,130
35,130
1327,130
1326,130
933,130
1427,130
27,130
1669,130
1622,130
452,130
169,130
203,130
1110,130
131,130
37,130
38,130
66,130
365,130
973,130
962,130
1006,130
1023,130
1049,130
1048,130
63,130
1037,130
1602,130
1119,130
1568,130
1141,130
650,130
1329,130
666,130
1244,130
1381,130
1788,130
1242,130
1228,130
1214,130
1213,130
1211,130
1145,130
1449,130
1236,130
891,130
499,130
739,130
866,130
30,130
877,130
838,130
721,130
955,131
1264,131
965,131
1061,131
639,131
645,131
1537,131
1436,131
1305,131
1045,131
1044,131
1043,131
44,131
1414,131
381,132
401,132
1400,132
620,132
386,132
1395,132
382,132
229,132
1558,132
830,132
44,132
382,133
370,133
346,133
1144,133
186,133
564,133
756,133
390,133
1730,133
557,133
769,133
1601,133
1332,133
263,133
380,134
1560,134
1558,134
386,134
1729,134
382,134
1354,134
1191,134
1038,134
1054,134
1051,134
839,134
838,134
717,134
74,134
1358,134
965,134
465,134
746,134
415,134
642,134
878,134
380,135
679,135
87,135
383,135
7,135
24,135
491,135
0,135
293,135
30,135
44,135
275,135
330,135
10,135
920,135
793,136
1599,136
1730,136
788,136
835,136
1582,136
1373,136
920,136
247,136
641,136
1582,137
1587,137
1730,137
584,137
113,137
843,137
275,137
1328,137
1327,137
883,137
365,137
851,138
852,138
1004,138
208,139
851,139
209,139
275,139
781,139
848,139
1372,139
1262,139
1440,139
1495,140
241,140
201,140
101,140
2,140
152,140
188,140
82,140
308,140
109,140
123,140
1277,140
79,140
198,140
186,140
323,140
286,140
196,140
130,140
113,140
860,140
190,140
307,140
422,140
145,140
237,140
247,140
86,140
92,140
322,140
204,140
272,140
283,140
63,140
90,140
262,140
1004,140
267,140
123,141
188,141
92,141
1004,141
138,141
48,141
247,141
204,141
161,141
144,141
90,141
246,141
244,141
226,141
230,141
201,141
198,141
190,141
186,141
170,141
160,141
152,141
145,141
139,141
111,141
2,141
258,141
113,141
109,141
272,141
104,141
101,141
18,141
86,141
81,141
79,141
63,141
33,141
82,141
267,141
262,141
67,141
283,141
308,141
298,141
1163,141
286,141
502,141
323,141
296,141
265,141
101,142
33,142
298,142
63,142
502,142
48,142
267,142
79,142
265,142
286,142
247,142
262,142
188,142
422,142
201,142
123,142
109,142
130,142
126,142
405,142
145,142
127,142
273,142
152,142
111,142
190,142
160,142
138,142
113,142
1188,142
186,142
981,142
244,142
283,142
1163,142
145,143
109,143
262,143
186,143
123,143
111,143
551,143
90,143
188,143
113,143
272,143
246,143
247,143
101,143
92,143
104,143
502,143
323,143
48,143
204,143
548,143
286,143
267,143
298,143
152,143
86,143
63,143
283,143
198,143
230,143
308,143
258,143
201,143
647,143
160,143
79,143
82,143
1004,143
170,144
63,144
124,144
230,144
90,144
502,144
265,144
204,144
283,144
188,144
201,144
81,144
123,144
82,144
267,144
113,144
48,144
386,144
109,144
79,144
33,144
186,144
138,144
86,144
92,144
247,144
111,144
258,144
1570,144
1493,144
1387,144
1605,144
101,144
32,144
272,144
323,144
716,144
145,144
1500,144
31,144
262,144
1004,144
145,145
92,145
186,145
188,145
109,145
170,145
1329,145
255,145
101,145
152,145
308,145
63,145
33,145
283,145
113,145
1617,145
201,145
127,145
160,145
258,145
204,145
898,145
244,145
123,145
267,145
1004,145
323,145
90,145
262,145
198,145
190,145
853,145
247,146
272,146
283,146
267,146
90,146
92,146
63,146
188,146
81,146
186,146
265,146
1004,146
1163,146
48,146
101,146
436,146
123,146
262,146
138,146
1523,146
104,146
244,146
79,146
502,146
1081,146
246,146
411,146
1604,146
1671,146
1526,146
308,146
113,146
204,146
160,146
18,146
86,146
230,146
258,146
1387,146
710,146
81,147
204,147
86,147
244,147
323,147
188,147
109,147
92,147
63,147
308,147
138,147
33,147
113,147
145,147
48,147
123,147
483,147
111,147
1004,147
79,147
190,147
90,147
152,147
247,147
710,147
1210,147
1652,147
267,147
1163,147
283,147
307,147
1395,147
230,147
1412,147
272,147
1461,147
283,148
153,148
1794,148
161,148
82,148
198,148
958,148
1004,148
1793,148
188,148
123,148
719,148
170,149
502,149
2,149
139,149
230,149
82,149
144,149
323,149
138,149
101,149
267,149
408,149
90,149
386,149
63,149
308,149
48,149
258,149
113,149
33,149
296,149
160,149
265,149
86,149
161,149
145,149
1004,149
152,149
81,149
244,149
286,149
111,149
186,149
104,149
124,149
109,149
92,149
18,149
204,149
246,149
79,149
201,149
255,149
262,149
272,149
283,149
1163,149
247,149
198,149
190,149
123,149
538,149
299,149
273,149
188,149
226,149
298,149
1188,149
514,149
1004,150
145,150
1493,150
109,150
48,150
123,150
82,150
188,150
308,150
247,150
63,150
190,150
92,150
502,150
201,150
1163,150
198,150
244,150
501,150
375,150
307,150
283,150
31,150
218,150
111,150
215,150
205,150
668,150
196,150
113,150
1191,150
1271,150
1618,150
286,150
160,150
138,150
422,150
742,150
186,150
1572,150
639,150
230,150
152,150
81,150
33,150
65,150
1452,150
804,150
204,150
79,150
1373,150
1472,150
140,150
1302,150
1436,150
411,150
104,150
267,150
101,150
90,150
86,150
226,151
283,151
67,151
123,151
188,151
244,151
63,151
204,151
710,151
30,151
113,151
623,151
871,151
1006,151
166,151
1210,151
29,151
540,151
201,151
395,151
1492,151
1356,151
1360,151
161,151
920,151
539,151
48,151
1271,151
804,151
773,151
422,151
170,151
90,151
230,151
1503,151
1406,151
1460,152
33,152
63,152
714,152
915,152
113,152
82,152
1375,152
1336,152
48,152
35,152
256,152
110,152
186,152
188,152
1240,152
132,153
33,153
751,153
188,153
324,153
1611,153
265,153
63,153
419,153
267,153
18,153
86,153
123,153
215,153
113,153
90,153
283,153
204,153
1805,153
323,153
186,153
67,153
1143,153
79,153
270,153
123,154
152,154
170,154
1541,154
145,154
84,154
198,154
308,154
144,154
265,154
262,154
258,154
247,154
190,154
160,154
272,154
230,154
63,154
203,154
955,154
267,154
226,154
246,154
204,154
109,154
111,154
1463,154
101,154
518,154
567,154
92,155
79,155
152,155
109,155
191,155
204,155
283,155
298,155
311,155
123,155
113,155
111,155
86,155
170,155
139,155
188,155
702,155
186,155
190,155
101,155
1213,155
90,155
201,155
63,155
323,155
608,155
160,155
1267,156
415,156
559,156
465,156
1310,156
40,156
415,157
559,157
66,157
465,157
429,157
1176,157
1560,157
1558,157
1538,157
74,157
1078,157
1199,157
1002,157
1113,157
1428,157
1596,157
547,157
1749,158
465,158
559,158
1120,158
415,158
707,158
1240,158
1582,158
955,159
1650,159
465,159
4,159
257,159
712,159
842,159
705,159
20,159
1750,159
1190,159
1609,159
439,159
786,159
777,159
1240,159
1463,159
642,159
859,159
1331,159
1730,159
260,159
1721,159
791,159
1752,159
787,159
637,159
514,159
1598,159
67,159
514,160
1455,160
257,160
933,160
470,160
1750,160
1475,160
1723,160
1082,160
1490,160
1425,160
1283,160
1614,160
1807,160
1769,160
420,160
433,160
426,160
898,160
1622,160
60,160
793,160
592,160
39,160
1354,161
1306,161
39,161
1805,161
1300,161
1729,161
1305,161
1538,161
1304,161
45,161
35,161
1303,161
1114,161
1115,161
1302,161
773,161
47,161
492,161
436,161
411,161
918,161
1358,161
52,161
1696,161
415,161
9,161
1498,161
1487,161
1452,161
1387,161
1239,161
10,161
31,161
34,161
1011,161
1538,162
1169,162
34,162
540,162
193,162
1061,162
279,162
486,162
645,162
31,162
754,162
26,162
66,162
745,162
1573,162
1622,162
1328,163
559,163
556,163
645,163
20,163
1289,163
1291,163
669,163
1128,163
1154,163
118,163
348,163
1538,163
226,163
415,163
676,163
1326,163
365,163
1495,163
1582,163
30,163
788,163
1463,163
1036,164
1221,164
224,164
1291,164
556,164
800,164
931,164
669,164
1153,164
676,164
1273,164
1212,164
1050,164
1039,164
744,164
743,164
185,164
1045,164
1634,164
235,164
1560,164
707,164
118,164
899,164
789,164
1035,164
290,164
749,164
1375,164
1016,164
981,164
394,164
1380,164
1243,164
945,164
792,164
1537,164
1087,164
1122,164
1151,164
1256,164
1342,164
1614,164
278,164
1178,164
1127,164
1193,165
31,165
129,165
1190,165
1453,165
501,165
704,165
348,165
1620,165
475,165
1144,165
4,165
55,165
1730,165
669,165
1730,166
1620,166
1659,166
1629,166
1291,166
783,166
947,166
563,166
635,166
98,166
793,166
1157,166
337,166
1127,167
777,167
330,167
739,167
1062,167
1520,167
830,167
1208,167
1121,167
1337,167
1385,167
1393,167
1620,168
434,168
1127,168
749,168
465,168
1062,168
1538,168
793,168
794,168
415,168
1073,168
1752,168
1495,168
278,169
1000,170
495,170
402,170
278,170
231,170
1038,170
681,170
93,171
96,171
777,171
390,171
1061,171
44,171
44,172
999,172
171,172
390,172
933,172
1803,172
698,172
285,172
936,172
301,172
93,172
693,172
697,172
193,172
1079,172
1075,172
1073,172
1067,172
1063,172
641,172
590,172
1263,172
777,172
1084,172
1259,172
171,173
263,173
1066,173
1069,173
96,173
1078,173
193,173
1114,173
433,173
936,173
390,173
301,173
1175,173
1401,173
1067,173
590,173
1176,173
405,173
23,173
777,173
697,173
1259,173
1084,173
1073,173
933,173
436,173
708,174
1240,174
1165,174
1750,174
1125,174
1401,174
1064,174
1523,174
1558,174
1560,174
1606,174
1114,174
954,174
319,174
541,174
405,174
936,174
30,174
193,174
171,174
35,174
1635,174
777,174
1178,174
330,174
1288,174
1649,174
837,174
1296,174
1413,174
1054,174
1038,174
637,174
610,174
697,174
933,174
171,175
936,175
212,175
697,175
405,175
301,175
777,175
641,175
1259,175
1064,175
114,175
698,175
693,175
541,175
30,175
285,175
590,175
193,175
933,175
1084,175
761,175
779,175
15,175
1598,175
1516,175
1102,175
1528,175
433,175
641,176
697,176
193,176
301,176
1064,176
936,176
896,176
285,176
777,176
698,176
933,176
179,176
171,176
106,176
1084,176
1259,176
1557,176
1361,176
67,176
944,176
693,176
590,176
541,176
943,176
941,176
487,176
1685,176
1455,176
153,176
1534,176
10,176
9,176
1067,176
693,177
1259,177
697,177
285,177
541,177
933,177
936,177
698,177
641,177
777,177
423,177
1641,177
919,177
171,177
590,177
873,177
754,177
1538,177
737,177
533,177
508,177
387,177
193,177
961,177
1635,177
1084,177
299,177
1516,177
1398,177
1341,177
301,177
1064,177
1032,177
1325,177
405,177
217,177
1259,178
405,178
1064,178
777,178
936,178
1084,178
1073,178
641,178
193,178
1201,178
1464,178
698,178
301,178
1061,178
933,178
1142,178
335,178
285,178
1063,178
330,178
731,178
918,178
697,178
171,178
590,178
1371,178
1302,178
1313,178
1131,178
46,178
693,178
940,178
1375,178
700,178
827,178
998,178
384,179
19,179
1281,179
1737,179
1102,179
1076,179
1744,179
997,180
167,180
556,180
19,180
76,180
1304,180
1390,180
171,180
1638,181
1012,181
120,182
1804,182
1012,182
93,182
1143,183
1692,183
367,183
1051,183
369,183
16,183
1188,183
1193,183
488,183
146,183
1373,183
1227,183
210,183
1525,183
249,183
259,183
5,183
300,183
1054,183
330,183
171,183
1006,183
1142,183
327,183
855,183
1084,183
1498,183
746,183
1005,184
1688,184
1799,184
1784,184
1622,184
146,184
478,184
1688,185
102,185
71,185
89,185
107,185
135,185
185,185
59,185
1722,186
1767,186
1724,186
150,186
93,186
1688,186
1270,186
1541,186
790,186
530,186
606,187
126,188
870,188
1756,188
741,188
1240,188
1462,188
1176,188
217,188
840,188
115,188
1341,188
747,188
1428,188
89,188
136,188
187,188
1627,189
147,189
1463,189
1462,189
747,189
127,189
597,189
1224,189
1077,189
144,189
1109,189
1108,189
1099,189
1093,189
1088,189
1079,189
1111,189
1078,189
218,189
1074,189
249,189
1067,189
1066,189
1053,189
1022,189
1007,189
1006,189
996,189
1122,189
1238,189
1232,189
1231,189
1227,189
1225,189
1218,189
1213,189
1211,189
1209,189
1205,189
1202,189
1194,189
1112,189
1169,189
835,189
1160,189
1154,189
1151,189
1140,189
1138,189
1136,189
1132,189
1129,189
1167,189
992,189
990,189
989,189
372,189
387,189
484,189
487,189
805,189
490,189
503,189
802,189
371,189
506,189
520,189
775,189
521,189
610,189
598,189
556,189
537,189
535,189
519,189
367,189
275,189
273,189
986,189
984,189
964,189
961,189
945,189
929,189
919,189
893,189
890,189
886,189
863,189
857,189
848,189
252,189
842,189
823,189
981,189
333,189
820,189
815,189
812,189
806,189
259,189
528,189
1257,189
1254,189
870,189
1545,189
1539,189
1535,189
1531,189
1526,189
1524,189
1523,189
606,189
1517,189
1506,189
1503,189
836,189
1496,189
1549,189
44,189
1630,189
1619,189
1610,189
1605,189
1604,189
1603,189
1602,189
1756,189
1599,189
1572,189
1570,189
1568,189
1564,189
1493,189
1498,189
1487,189
1407,189
1359,189
1349,189
1344,189
1340,189
1337,189
1332,189
1331,189
1330,189
1325,189
1320,189
1317,189
1315,189
1314,189
1290,189
1429,189
1431,189
1423,189
1486,189
1480,189
1477,189
1468,189
1466,189
1464,189
534,189
1459,189
1451,189
1448,189
1440,189
1432,189
1435,189
1207,190
917,190
261,190
20,190
1751,191
747,191
970,191
424,191
261,191
1756,191
1712,191
448,191
1670,191
1700,191
1728,191
1286,192
1259,192
1253,192
454,192
1446,192
449,192
747,192
429,192
1684,192
1696,192
270,192
1401,192
933,192
1186,192
936,192
842,192
972,192
832,192
974,192
777,192
1064,192
731,192
698,192
693,192
1084,192
1160,192
677,192
641,192
622,192
615,192
1176,192
612,192
595,192
590,192
579,192
541,192
266,192
1756,192
55,192
646,192
405,192
1041,192
72,192
75,192
80,192
200,192
285,192
154,192
225,192
91,192
404,192
376,192
74,192
353,192
270,193
266,193
184,193
183,193
1264,193
541,193
44,193
1043,193
1558,193
23,194
1176,194
1446,194
74,194
1696,194
200,194
1661,194
1729,194
353,194
972,194
974,194
75,194
584,194
923,194
1224,194
1273,194
1436,194
126,194
1541,194
259,194
1593,194
429,194
1726,194
80,194
1253,194
39,194
1373,194
154,194
91,194
200,195
80,195
23,195
74,195
429,195
1176,195
1696,195
1446,195
449,195
557,195
75,195
353,195
1332,195
395,195
1151,195
1009,195
998,195
735,195
633,195
351,195
858,195
1128,196
163,196
1576,196
74,196
1053,196
1588,196
341,196
1516,196
454,196
200,196
1199,196
1443,196
351,196
1710,196
75,196
524,196
229,196
220,196
353,196
80,196
1446,196
404,196
225,196
1286,196
449,196
405,196
558,196
560,196
693,196
615,196
972,196
376,196
982,196
974,196
962,196
642,196
154,196
1082,196
1194,196
1195,196
677,196
126,196
1176,196
697,196
698,196
410,196
1042,197
163,197
126,197
1185,197
449,197
97,197
615,197
1730,197
1463,197
220,197
974,197
341,197
225,197
376,197
680,197
721,197
1166,197
1199,197
1464,197
1555,197
1588,197
1608,197
1253,197
91,197
158,197
595,197
1286,197
714,197
154,197
200,197
1176,197
351,197
80,197
677,197
972,197
1165,198
972,198
126,198
1253,198
351,198
341,198
154,198
192,198
449,198
91,198
158,198
1102,198
1303,198
1255,198
1517,198
967,198
225,198
404,198
869,198
376,198
272,198
615,198
220,198
974,198
454,198
1302,198
677,198
214,198
953,198
1243,198
595,198
1455,198
641,198
1698,198
908,198
1304,198
1306,198
1286,199
220,199
158,199
126,199
404,199
677,199
163,199
918,199
972,199
154,199
225,199
376,199
351,199
56,199
319,199
454,199
615,199
1085,199
429,199
217,199
341,199
1253,199
47,199
52,199
66,199
179,199
1373,199
974,199
449,199
28,199
115,199
143,199
159,199
91,199
1308,199
1563,199
595,199
446,200
126,200
341,200
1730,200
898,200
1057,200
475,200
351,200
532,200
454,200
615,200
163,200
315,200
864,200
376,200
1772,200
1286,200
158,200
972,200
880,200
1253,200
118,200
870,200
595,200
677,200
220,200
1304,201
747,201
870,201
1056,201
818,201
154,201
158,201
972,201
449,201
1300,201
615,201
163,201
1290,201
1253,201
1566,201
292,201
840,201
1481,201
1716,201
1307,201
1351,202
1373,202
850,202
609,202
1436,202
957,202
1161,202
1667,202
78,202
1165,202
954,202
853,202
686,202
1125,202
1445,202
83,202
1472,202
159,202
1308,202
44,202
1722,202
322,202
393,202
1463,202
986,202
1408,202
640,203
942,203
943,203
944,203
600,203
1373,203
1584,203
747,203
731,203
28,203
344,203
372,203
67,203
484,203
853,203
1500,203
1171,203
940,203
637,203
941,203
1297,203
830,203
31,203
1413,203
1436,203
438,203
556,203
695,203
779,203
847,203
864,203
869,203
872,203
1361,203
874,203
917,203
32,203
71,203
136,203
839,203
837,203
838,203
338,203
63,203
374,203
721,203
1472,203
1320,203
1331,203
1575,203
288,203
157,203
1011,203
1407,203
107,203
1271,203
53,203
52,203
46,203
57,203
61,203
105,203
108,203
217,203
239,203
1512,203
1395,203
103,203
115,203
179,203
1497,203
1445,203
1044,203
24,203
1043,203
92,203
223,203
214,203
216,203
187,203
137,203
1406,203
72,203
1652,203
1188,203
953,203
422,203
1583,203
954,203
1387,203
939,203
112,203
159,203
236,203
181,203
180,203
1193,203
836,203
835,203
26,203
185,203
951,203
176,203
30,203
411,203
639,203
804,203
1114,203
711,203
1720,203
415,203
1098,203
345,203
518,203
691,203
1739,203
1649,203
1203,203
885,203
1283,203
1489,203
33,203
215,203
1376,203
632,203
588,203
1209,203
1232,203
1282,203
94,203
60,203
1280,203
1354,203
45,203
9,203
1176,203
1047,203
1000,203
1457,203
1125,203
973,203
1398,203
1389,203
1463,203
1185,203
797,203
89,203
1788,204
853,204
570,204
1780,204
686,204
1575,204
1420,204
1125,204
1472,204
1135,204
954,204
1165,204
1436,204
378,204
1269,204
1744,204
1285,204
1633,204
1555,204
1544,204
1299,204
1533,204
1300,204
1329,204
1353,204
1520,204
1512,204
1485,204
1474,204
1457,204
1456,204
1441,204
1425,204
1716,204
1256,204
1233,204
957,204
1375,204
1227,204
1417,204
1185,204
896,204
1221,204
1199,204
71,204
109,204
63,204
1498,204
1139,204
1436,205
1165,205
978,205
1445,205
686,205
853,205
1478,205
570,205
1772,205
1793,205
1135,205
1472,205
954,205
1197,205
1067,205
1125,205
1575,205
1351,205
1720,205
773,205
1004,205
1413,205
1308,205
1373,205
642,206
1681,206
704,206
1351,206
440,206
1293,206
837,206
830,206
1373,206
1286,206
1361,206
1384,206
1684,206
1187,206
1185,206
964,206
99,206
635,206
887,206
1795,207
1797,207
599,207
1144,207
704,207
712,207
997,207
277,207
570,207
1351,207
1373,207
1729,208
1094,208
1726,208
1661,208
1748,208
1373,208
944,208
981,208
380,208
131,208
1748,209
219,209
924,209
1729,209
902,209
905,209
458,209
1726,209
1436,209
1373,209
1085,209
225,209
332,209
518,209
1649,209
1600,210
793,210
1373,210
524,210
525,210
1286,211
1370,211
266,211
529,211
793,211
1730,211
1733,211
454,211
1600,211
1666,212
1793,212
363,212
468,212
307,212
362,212
1720,212
392,212
803,212
732,212
1373,212
1436,212
642,212
38,212
465,212
793,212
1143,212
641,212
362,213
302,213
1452,213
1121,213
902,213
1387,213
468,213
1061,213
787,214
290,214
733,214
896,214
807,214
788,214
1499,214
177,214
78,214
393,214
707,214
1436,214
1538,214
642,214
924,214
1582,214
1472,214
896,215
1426,215
1262,215
1000,215
855,215
720,215
445,215
1733,215
239,215
999,215
292,215
222,215
1409,215
1756,215
1383,215
235,215
1805,215
236,215
850,215
149,216
663,216
1378,216
1436,216
330,216
709,216
1446,216
1291,216
1573,216
1583,216
1584,216
965,216
1240,216
895,216
608,216
590,216
449,216
353,216
204,216
113,216
1253,216
109,216
1004,216
1150,216
1176,216
1197,216
80,216
559,216
974,216
588,216
1710,216
1730,216
98,216
1601,216
878,216
83,216
78,217
1609,217
512,217
1057,217
128,217
947,217
326,217
292,217
966,217
149,217
1375,217
1064,217
752,217
722,217
1645,217
1363,217
1329,217
1325,217
1119,217
1072,217
970,217
338,217
1107,217
1346,217
1436,217
33,217
1081,217
1609,218
420,218
49,218
1794,218
676,218
430,218
1152,218
1293,218
84,218
1463,218
98,218
420,219
151,219
1240,219
1605,219
1581,219
260,219
118,219
1110,219
1572,219
422,219
1550,219
1493,219
647,219
492,219
1794,219
1609,219
1098,219
1590,219
98,220
1710,220
1700,220
51,220
212,220
1662,220
415,220
465,220
1175,220
1650,220
1598,220
733,220
559,220
1664,220
113,220
659,220
1178,220
1609,220
433,220
221,221
1664,221
140,221
420,221
1708,221
99,221
1609,221
1495,221
1114,221
290,221
84,221
1051,221
163,221
1366,221
1281,221
1582,221
1178,222
417,222
745,222
372,222
336,222
58,222
249,222
558,222
1240,222
1218,222
156,222
177,222
1241,222
327,222
248,222
1102,222
487,222
326,222
791,222
238,222
250,222
533,222
210,222
299,222
733,223
532,223
1240,223
1123,223
273,223
420,223
440,223
1583,223
433,223
437,224
1479,224
1436,224
1175,224
1495,224
1351,224
559,224
733,224
140,224
1148,224
711,224
58,225
1790,225
1582,225
487,225
299,225
1793,225
269,225
842,225
1085,225
1729,225
1041,225
1479,225
1188,225
1611,225
147,225
277,225
140,226
1502,226
981,226
142,226
455,226
166,226
1170,226
201,226
1153,226
1185,226
659,226
422,226
1293,226
803,226
420,226
711,226
655,227
1293,227
273,227
660,227
1229,227
51,227
639,227
611,227
1573,227
1677,227
1525,227
981,227
661,227
140,227
299,228
1711,228
1398,228
1292,228
1284,228
1466,228
896,228
430,228
1041,228
788,228
1805,228
657,228
1610,228
1322,228
242,228
969,228
994,228
1242,228
1430,228
1467,228
1542,228
1562,228
290,228
140,228
1520,228
908,228
866,228
859,228
645,228
486,228
623,228
662,228
855,228
1591,228
1064,228
1615,228
225,228
1463,228
1256,228
914,228
395,228
1110,229
87,229
533,229
1336,229
1231,229
1266,229
1301,229
1576,229
380,229
197,229
1016,229
176,229
104,229
198,229
79,229
162,229
360,229
630,229
659,229
290,229
140,229
1293,229
131,229
42,229
147,229
940,229
898,230
480,230
707,230
1756,230
663,230
126,230
470,230
803,230
720,230
1153,230
1228,230
1242,230
722,230
1246,230
510,230
1309,230
774,230
683,231
898,231
290,231
1436,231
559,231
49,231
1701,231
433,231
590,231
690,232
898,232
787,232
808,232
98,232
290,232
50,232
683,232
290,233
478,233
1734,233
639,233
34,233
761,233
438,233
878,233
536,233
661,233
715,233
774,233
884,233
1317,233
1318,233
1448,233
1590,233
1243,233
433,233
299,233
1085,233
803,234
1428,234
672,234
465,234
128,234
1373,234
711,234
1152,234
543,234
1470,234
1337,234
1152,235
532,235
51,235
1495,235
712,235
808,235
1098,235
803,235
206,235
659,235
1373,235
1463,235
290,235
1293,235
955,235
1634,235
1589,235
1119,235
732,235
98,235
840,235
920,235
793,235
1419,235
717,235
719,235
97,235
688,235
1582,235
1470,236
1611,236
1544,236
896,236
1085,236
1786,236
543,236
641,236
330,236
299,236
1428,236
83,236
719,236
1300,236
1144,236
1562,236
1757,236
1114,236
1057,236
66,236
1011,237
127,237
711,237
559,237
710,237
942,237
941,237
1757,237
719,237
348,237
1096,237
1786,237
257,237
719,238
732,238
570,238
688,238
717,238
837,238
275,238
1673,238
1582,238
99,238
270,238
1373,238
360,238
955,238
127,238
74,238
131,238
1085,238
1397,238
1632,238
127,239
1752,239
1613,239
1067,239
147,239
981,239
51,239
642,239
1115,239
1061,239
454,239
1063,239
704,240
1647,240
314,240
470,240
642,240
981,240
1495,240
712,240
717,240
241,240
719,240
732,240
108,240
435,240
60,240
55,240
51,240
514,240
277,240
281,240
659,240
1613,240
365,240
1775,241
981,241
160,241
118,241
1175,241
1115,241
1302,241
1303,241
1304,241
1300,241
1306,241
1355,241
1114,241
1305,241
842,241
333,241
953,241
944,241
943,241
942,241
941,241
1683,242
50,242
177,242
704,242
98,242
1495,242
1240,242
733,242
395,242
712,242
1509,242
1335,242
1463,242
917,242
695,242
1334,242
1194,242
788,242
634,242
1144,243
128,243
1611,243
213,243
642,243
382,243
794,243
1364,243
791,244
177,244
1541,244
1375,244
570,244
1381,244
1723,244
1240,244
1664,244
1144,244
834,245
746,245
128,245
791,245
480,245
883,245
50,245
380,245
510,245
1291,245
437,245
1723,246
314,246
1721,246
20,246
518,246
650,246
1144,246
1538,246
24,246
1720,246
1588,246
571,246
320,246
981,246
1673,246
1793,246
299,246
1730,246
1291,246
465,246
28,246
30,246
567,246
133,246
705,246
1240,246
853,246
131,247
142,247
1723,247
89,247
1793,247
1114,247
153,247
803,247
311,247
1752,247
430,247
141,247
1772,247
314,247
1210,247
1720,247
140,247
762,247
866,247
611,247
490,247
365,247
161,247
758,247
1175,247
643,247
342,248
314,248
1723,248
790,248
1624,248
1751,248
1673,249
1611,249
1098,249
128,249
151,249
707,249
791,249
1721,249
719,249
1412,249
878,249
1523,249
732,249
865,250
875,250
594,251
971,251
11,251
1726,251
703,251
604,251
309,251
624,251
1454,251
377,251
1729,251
1739,251
1436,251
826,251
491,251
617,251
389,251
1008,251
374,251
0,251
1731,251
17,251
1270,251
1728,251
1738,252
1731,252
1796,252
594,252
1690,252
1713,252
971,252
448,252
785,252
1713,253
1029,253
65,253
1663,253
307,253
1195,253
875,253
822,253
1232,253
1715,254
1663,254
1713,254
444,255
1191,255
1193,255
1192,255
229,255
245,255
1170,255
93,255
645,255
582,255
338,255
96,255
593,255
390,255
597,255
536,255
531,255
565,256
229,256
549,256
39,256
32,256
31,256
1663,256
617,256
330,256
525,256
523,256
17,257
1742,257
202,257
491,257
389,257
11,257
0,257
971,257
389,258
971,258
1179,258
455,258
62,258
1806,258
131,258
1755,258
293,258
1713,258
110,258
1454,259
489,259
491,259
822,259
17,259
57,259
1270,259
0,259
284,259
1742,259
11,259
825,259
1746,260
202,260
11,260
1728,260
1805,260
39,260
1143,260
448,261
1728,261
491,261
1667,261
617,261
1724,261
1270,261
1758,261
844,261
1767,261
1713,262
844,262
448,262
1758,262
1728,262
338,262
491,262
790,262
1625,262
785,263
971,263
1755,263
1055,263
526,263
284,263
213,263
1728,263
678,263
747,263
491,263
1612,263
909,263
365,263
166,263
1755,264
617,264
11,264
1252,264
17,264
1728,264
844,264
448,264
1375,264
580,265
70,265
1801,265
822,265
1704,265
822,266
925,266
70,266
1146,266
1802,266
1368,266
1704,266
1667,266
901,266
623,266
1801,266
1172,266
1667,267
658,267
1712,267
1704,267
709,267
1716,267
1704,268
110,268
440,268
714,268
576,268
166,268
1262,268
1031,269
1003,269
1149,269
1287,269
1514,269
1567,269
958,269
601,269
928,269
227,270
293,270
1623,270
822,270
1367,270
204,270
1806,270
1031,270
412,270
925,270
1802,271
1714,271
352,271
1667,271
1716,271
790,271
288,271
1806,271
1755,271
600,271
774,271
517,271
806,271
1410,271
994,271
621,271
971,272
1806,272
0,272
1746,272
62,272
1704,272
455,272
110,272
822,272
1367,272
619,272
925,272
227,272
1722,272
1714,272
1724,273
85,273
1438,273
1779,273
1454,273
1642,273
491,273
790,274
928,274
1802,274
601,274
1712,274
1700,274
93,274
448,274
617,274
408,274
1743,275
790,275
1642,275
1779,275
1031,275
1738,275
594,275
1779,276
1642,276
1122,276
1709,277
412,277
7,277
707,277
1373,277
562,277
440,277
426,277
202,277
669,277
409,277
1793,277
96,277
937,277
977,277
110,277
989,277
410,278
467,278
69,278
64,278
790,278
971,278
1724,278
412,278
292,278
1722,278
93,278
1281,279
771,279
365,279
1737,279
1296,279
1739,279
1466,279
649,279
764,279
827,279
866,279
937,279
1052,279
1093,279
1194,279
1309,279
1518,279
1662,279
1736,279
562,280
837,280
35,280
28,280
66,280
978,280
830,280
8,280
1264,280
10,280
1057,280
584,280
1372,280
1422,280
9,280
1465,280
113,280
1736,280
111,280
86,280
1737,280
79,280
48,280
33,280
778,280
1531,280
613,280
204,280
201,280
152,280
123,280
798,280
1233,280
1341,280
1175,280
232,281
591,281
284,281
276,281
16,281
1294,281
1238,281
140,281
218,281
1061,281
877,281
1109,281
909,282
295,282
1339,282
1635,282
324,282
1226,282
936,282
904,282
578,282
1612,282
909,283
203,283
1065,283
284,283
1554,283
266,283
1472,283
589,283
270,283
1612,283
1733,283
804,283
167,283
1055,283
1713,284
274,284
1695,284
576,284
325,284
621,284
552,285
441,285
1677,285
1695,285
1726,285
379,286
260,286
401,286
381,286
370,286
383,286
386,286
1676,287
340,287
493,287
1695,287
211,287
1055,287
1008,288
325,288
576,288
624,288
634,288
925,288
1182,288
1182,289
624,289
325,289
928,289
1008,289
1782,289
1733,289
92,289
389,289
1691,290
321,290
1690,290
1695,290
1722,290
957,290
1746,290
1626,290
576,291
325,291
1350,291
1690,291
343,291
1182,291
284,291
455,291
1695,291
1806,292
1670,292
1785,292
293,292
309,292
655,292
307,292
604,292
273,292
1182,292
441,292
957,292
576,292
1011,292
1579,292
1550,292
1407,292
1132,292
1150,292
1675,292
1677,292
195,293
1690,293
1667,293
957,293
1691,293
1110,293
293,293
1773,294
1675,294
1196,294
1792,294
617,294
131,294
971,294
64,295
1782,295
352,295
1785,295
1182,295
1773,295
1144,295
1670,295
1172,296
1368,296
1329,296
822,296
901,296
1172,297
1368,297
456,297
312,297
981,297
466,297
459,297
1624,298
1750,298
273,298
390,298
1172,298
790,298
120,298
1801,298
312,298
642,298
1368,298
70,299
1308,299
1724,299
107,299
335,299
1038,299
1801,299
901,299
1575,299
338,299
837,299
1351,299
1413,299
179,299
72,299
790,299
181,299
182,299
216,299
417,299
581,300
1524,300
1464,300
1481,300
1648,300
1564,300
1193,300
1544,300
292,300
1299,300
1215,300
1090,300
715,300
970,300
935,300
1657,301
581,301
901,301
1616,301
1476,301
1787,301
1139,301
1780,301
722,301
1801,301
1121,301
312,302
333,302
287,302
214,302
297,302
70,302
1368,302
148,302
26,302
462,302
566,302
273,303
1656,303
581,303
312,303
407,303
1463,303
349,304
1672,304
545,304
876,304
451,304
1680,304
693,304
85,305
1626,305
17,305
349,305
790,305
307,305
0,305
11,305
48,305
703,305
92,305
1680,306
1679,306
1121,306
1702,307
1250,307
451,307
545,307
1679,307
1680,307
713,308
59,308
870,308
605,308
1688,308
1657,308
44,308
319,308
157,308
66,308
135,308
45,308
1597,308
1441,308
1398,308
155,309
1700,309
1626,309
1725,309
1787,309
106,309
713,309
1268,309
1780,310
1139,310
175,310
747,310
713,310
752,310
1780,311
1139,311
1787,311
1712,311
901,311
70,311
1700,311
572,312
1807,312
415,312
50,312
1185,312
559,312
84,312
277,312
1750,312
393,312
163,312
410,312
243,313
166,313
1643,313
410,313
1598,313
440,313
1807,313
1705,313
920,313
140,313
40,313
292,313
1111,313
76,313
1180,313
1319,313
1436,313
253,313
24,313
368,314
264,314
1705,314
385,314
1255,314
1682,315
433,315
813,315
99,315
426,315
1635,315
1114,315
1115,315
1484,315
1485,315
1443,315
44,315
779,315
828,315
873,315
1184,315
1189,315
1597,315
1215,315
1509,315
1352,315
1295,315
763,315
706,315
240,315
435,316
1783,316
199,316
84,316
249,316
99,316
420,316
649,316
786,316
426,316
669,316
1261,317
1641,317
465,317
1184,317
1533,317
84,317
84,318
1760,318
1240,318
559,318
1582,318
131,318
19,318
1761,318
733,318
12,318
22,318
420,318
269,318
1470,318
1152,318
410,318
51,318
626,318
1373,318
619,319
764,319
961,319
62,319
644,319
1175,319
39,319
1805,319
1329,319
1318,319
644,320
22,320
1764,320
426,320
62,320
264,320
166,320
39,320
1765,320
120,320
13,320
625,321
22,321
730,321
458,321
904,321
368,321
845,321
456,321
1764,322
251,322
1765,322
13,322
752,322
24,322
10,322
9,322
35,322
37,322
1054,322
1045,322
1044,322
1043,322
66,322
30,322
1536,323
1789,323
447,323
807,323
795,324
983,324
1789,324
1536,324
355,324
1771,325
1177,325
1155,325
305,325
1504,325
264,325
359,325
68,326
305,326
726,326
1078,326
1192,326
644,326
1066,326
1579,326
983,326
1191,326
422,326
1229,326
1187,326
1124,326
1763,326
1113,326
1052,326
1027,326
1234,326
1481,326
1484,326
1248,326
1322,326
878,327
1739,327
1582,327
1281,327
260,327
92,327
1463,327
707,327
192,327
395,327
803,327
1253,327
1436,327
126,327
26,327
290,327
825,327
376,327
1002,328
707,328
125,328
393,328
1715,328
878,328
827,328
515,328
1084,328
1262,328
803,328
351,328
898,328
789,328
1293,328
788,328
789,329
788,329
707,329
1436,329
1415,329
393,329
44,329
92,329
347,329
269,330
714,330
393,330
1051,330
365,330
942,330
1436,330
707,330
711,330
1470,331
450,331
873,331
1523,331
465,331
1805,331
345,331
398,331
39,331
559,331
569,331
1061,331
981,331
803,331
1067,332
1073,332
1061,332
1075,332
409,332
1063,332
1341,332
1079,332
1489,332
722,332
31,332
32,332
902,332
373,333
207,333
1067,333
1061,333
1079,333
788,333
1075,333
1073,333
575,333
745,333
796,333
1402,333
1436,333
365,333
393,333
602,333
838,333
1062,333
837,333
839,333
830,333
944,333
1373,333
256,333
1063,333
1079,334
1061,334
1067,334
1073,334
1075,334
1473,334
1063,334
1038,334
953,334
1142,334
1420,334
1054,334
1193,334
853,334
320,334
1557,334
1560,334
1470,334
511,335
513,335
512,335
590,335
1703,335
641,335
543,335
1685,335
193,335
285,335
147,335
1697,335
509,335
1084,335
1635,335
1447,335
936,335
918,335
698,335
777,335
1697,336
1685,336
193,336
1703,336
1075,336
1061,336
192,336
1079,336
1447,336
511,336
512,336
1698,336
1355,336
371,336
1689,337
1685,337
619,337
1697,337
1698,337
1703,337
192,337
1697,338
1698,338
192,338
878,338
1583,338
511,338
1143,338
1604,338
1685,338
1262,339
1428,339
1020,339
256,339
1263,339
509,339
543,339
672,339
647,339
1418,339
1451,339
1194,339
1564,339
1533,339
669,339
1756,339
494,339
1402,339
1283,339
1236,339
1230,339
1195,339
955,339
1249,339
969,339
1563,339
1176,339
445,339
353,339
592,339
635,339
665,339
80,339
702,339
871,339
564,339
1291,339
1446,339
1067,339
842,340
1428,340
513,340
1429,340
509,340
543,340
672,340
878,340
1355,340
62,340
557,340
547,340
71,340
103,340
804,340
105,340
1523,340
1605,340
156,340
94,340
307,340
638,341
880,341
1739,341
918,341
1047,341
878,341
1611,341
1062,341
1407,341
154,341
1519,341
1168,341
949,341
1286,341
1233,341
1685,341
1472,341
1127,341
680,341
1351,341
1080,341
919,341
758,341
650,341
1373,341
951,341
707,341
1703,342
1090,342
847,342
776,342
426,342
99,342
638,342
537,342
1697,342
1730,342
433,342
375,342
687,342
1734,342
1698,342
1428,342
871,342
1447,342
965,342
1101,342
1102,342
1243,342
1264,342
1275,342
1276,342
1608,342
1592,343
356,343
639,343
647,343
678,343
895,343
1271,343
1406,343
1583,343
1132,343
1452,343
307,343
196,343
1758,343
1525,343
1150,343
868,343
1170,343
804,343
492,343
710,343
245,343
1604,343
773,343
1011,343
130,343
436,343
1483,343
699,343
821,343
1493,343
65,343
1671,343
205,343
1526,343
411,343
1387,343
1602,343
345,343
215,343
1640,343
1561,343
1573,343
919,343
1618,343
1046,343
1515,343
254,343
548,343
1266,344
436,344
1081,344
699,344
1671,344
1660,344
307,344
773,344
196,344
1406,344
1525,344
884,344
1606,344
354,344
469,344
608,344
807,344
811,344
843,344
1197,344
205,344
895,344
996,344
1395,344
233,344
1221,344
1035,344
825,344
710,344
520,344
1493,344
1618,344
1387,344
1201,344
1452,344
1497,344
1550,344
422,344
375,344
1602,344
356,344
639,344
1461,344
501,344
1502,344
215,344
1581,344
804,344
647,344
1448,344
574,344
1400,344
1523,344
1407,344
1503,344
1011,344
1500,344
1498,344
1170,344
1651,344
573,344
411,344
1483,344
1132,344
492,344
1579,344
1487,344
1271,344
1604,344
436,345
1387,345
1671,345
843,345
233,345
1406,345
218,345
1452,345
1197,345
1565,345
1486,345
699,345
1515,345
1483,345
307,345
43,345
685,345
1412,345
1395,345
742,345
422,345
215,345
718,345
366,345
1407,345
501,345
710,345
245,345
608,345
647,345
375,345
1493,345
1535,345
1550,345
1602,345
345,345
1487,345
205,345
725,345
196,345
1525,345
804,345
130,345
1497,345
65,345
1503,345
356,345
254,345
773,345
573,345
1572,345
976,345
1523,345
1271,346
422,346
1011,346
742,346
1197,346
699,346
1606,346
1570,346
804,346
245,346
501,346
1407,346
574,346
411,346
1565,346
518,346
1535,346
307,346
1081,346
1583,346
1150,346
205,346
436,346
1581,346
608,346
196,346
65,346
1602,346
1526,346
215,346
1494,346
345,346
356,346
1671,346
773,346
718,346
1497,346
375,346
1387,346
43,346
1652,346
1493,346
1572,346
1406,346
1486,346
1498,346
1239,346
1515,346
1395,346
647,346
716,347
205,347
1649,347
196,347
1150,347
1526,347
1011,347
1395,347
1671,347
1652,347
518,347
1271,347
1494,347
1387,347
1528,347
1512,347
501,347
1197,347
773,347
608,347
1440,347
1170,347
1497,347
897,347
1090,347
1406,347
1631,347
1498,347
1500,347
804,347
1486,347
245,347
1483,347
1583,347
1487,347
1618,347
976,347
647,347
1581,347
742,347
958,347
345,347
1515,347
65,347
1604,347
1584,347
1550,347
436,347
1606,347
254,347
1503,347
718,347
233,347
1579,347
710,347
994,347
1535,347
600,348
727,348
911,348
1581,348
573,348
1511,348
1526,348
804,348
1487,348
1535,348
411,348
254,348
1485,348
501,348
518,348
422,348
699,348
1483,348
1011,348
608,348
1583,348
810,348
639,348
738,348
722,348
1402,348
1387,348
1418,348
814,348
65,348
436,348
307,348
895,348
375,348
1579,348
245,348
1452,348
1239,348
366,348
574,348
1271,348
233,348
742,348
1515,348
976,348
897,348
1584,348
1170,348
1640,348
289,348
1572,348
1494,348
647,348
1502,348
1493,348
1412,348
43,349
245,349
773,349
307,349
422,349
718,349
501,349
699,349
1452,349
710,349
1387,349
196,349
639,349
492,349
375,349
1461,349
1548,349
1523,349
647,349
1271,349
1500,349
608,349
1150,349
1406,349
1487,349
1116,349
716,349
1197,349
1526,349
1618,349
725,349
1486,349
1649,349
668,349
1286,349
366,349
1584,349
1132,349
1572,349
1494,349
804,349
1170,349
849,349
205,349
1412,349
436,349
1651,349
742,349
1565,349
895,349
976,349
1652,349
760,349
1503,350
1579,350
375,350
245,350
718,350
699,350
130,350
422,350
1651,350
215,350
205,350
356,350
1671,350
710,350
742,350
895,350
1452,350
639,350
897,350
1493,350
1565,350
1573,350
1461,350
668,350
573,350
804,350
65,350
1583,350
1494,350
1271,350
1500,350
1515,350
1412,350
307,350
608,350
1523,350
1535,350
254,350
1502,350
1572,350
1497,350
1487,350
1584,350
1239,350
518,350
436,350
1011,350
1132,350
411,350
773,350
1081,350
1150,350
1197,350
196,350
1406,350
1618,350
1395,350
1407,350
1483,350
218,350
725,350
716,350
1605,350
1602,350
1486,350
307,351
422,351
245,351
1407,351
1452,351
1515,351
710,351
1415,351
1583,351
1170,351
1406,351
436,351
1011,351
1200,351
1494,351
1395,351
233,351
375,351
196,351
1652,351
639,351
1525,351
1579,351
1500,351
1493,351
1239,351
492,351
1271,351
804,351
1523,351
1461,351
608,351
773,351
215,351
742,351
1497,351
501,351
1584,351
1570,351
718,351
1487,351
1535,351
1121,351
281,351
1486,351
356,351
1618,351
1197,351
1502,351
1132,351
1412,351
716,351
375,352
1258,352
574,352
492,352
773,352
130,352
307,352
196,352
422,352
501,352
1407,352
1526,352
608,352
1570,352
1197,352
1493,352
897,352
1487,352
1497,352
215,352
233,352
254,352
1550,352
218,352
843,352
411,352
742,352
1605,352
245,352
710,352
1483,352
938,352
1209,352
1606,352
1535,352
1500,352
1271,352
1279,352
1275,352
1523,352
1649,352
1652,352
558,352
1515,352
877,352
1671,352
1412,352
1227,352
1461,352
1452,352
804,352
347,352
1070,352
1584,352
592,352
1406,352
422,353
1011,353
1487,353
436,353
1671,353
245,353
1406,353
1412,353
1493,353
130,353
1452,353
375,353
1081,353
1515,353
1500,353
1395,353
215,353
573,353
1197,353
196,353
307,353
1583,353
647,353
1407,353
356,353
804,353
1570,353
492,353
205,353
65,353
699,353
1602,353
1606,353
1271,353
608,353
1605,353
976,353
345,353
501,353
1387,353
1461,353
895,353
773,353
1652,353
518,353
1483,353
1604,353
718,353
366,353
1271,354
1497,354
196,354
574,354
422,354
375,354
130,354
1523,354
1573,354
1583,354
1461,354
1649,354
742,354
1584,354
1387,354
1493,354
1011,354
205,354
816,354
668,354
1371,354
1618,354
1357,354
647,354
1526,354
1081,354
1572,354
1395,354
1550,354
65,354
215,354
1570,354
1487,354
1534,354
725,354
1531,354
1605,354
436,354
1515,354
254,354
585,354
1500,354
1535,354
804,354
1150,354
501,354
307,354
518,354
1588,354
1631,354
1503,354
1170,354
1239,354
773,354
895,354
573,354
976,354
1498,354
1412,354
716,354
1602,354
1579,354
1525,354
233,354
1671,354
492,355
43,355
1604,355
1081,355
436,355
1452,355
1652,355
1406,355
218,355
1407,355
1395,355
1412,355
1493,355
608,355
1649,355
716,355
1483,355
501,355
1197,355
1605,355
1461,355
1487,355
351,355
375,355
1289,355
422,355
215,355
897,355
1671,355
895,355
1502,355
1239,355
1011,355
1271,355
356,355
411,355
345,355
725,355
573,355
205,355
1579,355
1515,355
1526,355
1581,355
1445,355
1436,355
773,355
1548,355
1494,355
1500,355
1373,355
647,355
1583,355
196,355
1132,355
1009,355
307,355
710,355
1525,355
668,355
1387,355
958,355
742,355
821,355
1150,355
710,356
1452,356
574,356
608,356
639,356
356,356
501,356
1483,356
573,356
1579,356
647,356
196,356
1494,356
492,356
1581,356
1671,356
1412,356
233,356
518,356
1602,356
1502,356
976,356
1618,356
218,356
699,356
804,356
411,356
215,356
1572,356
436,356
1387,356
245,356
1523,356
716,356
668,356
1407,356
1565,356
345,356
1011,356
422,356
1150,356
1170,356
130,356
1132,356
1486,356
1498,356
375,356
1487,356
1584,356
1493,356
1197,356
1239,356
1497,356
366,356
1583,356
1406,356
742,356
1515,356
1271,356
1649,356
1395,356
1500,356
65,356
254,356
307,356
205,356
1604,356
1081,356
1461,356
1652,356
718,356
1570,356
843,356
1550,356
725,356
895,356
1548,356
1573,356
1606,356
1503,356
43,356
1651,356
773,356
1526,356
897,356
1605,356
1608,356
1525,356
1415,356
534,356
1535,356
804,357
573,357
356,357
1565,357
895,357
1535,357
1573,357
1487,357
1486,357
1011,357
307,357
699,357
1271,357
1407,357
1583,357
366,357
1452,357
254,357
1132,357
1498,357
1387,357
1572,357
668,357
215,357
375,357
245,357
1651,357
639,357
1548,357
718,357
345,357
1239,357
422,357
79,357
518,357
196,357
501,357
742,357
1526,357
1395,357
233,357
897,357
710,357
647,357
436,357
92,357
1671,357
1503,357
1502,357
501,358
1584,358
718,358
366,358
1583,358
1414,358
1387,358
1271,358
1570,358
1011,358
608,358
492,358
518,358
356,358
422,358
1733,358
1671,358
411,358
1565,358
1285,358
1452,358
970,358
773,358
1487,358
1170,358
699,358
1500,358
1651,358
473,358
1407,358
218,358
215,358
897,358
1579,358
647,358
345,358
436,358
573,358
710,358
668,358
1503,358
920,358
1197,358
375,358
1239,358
1432,358
1483,358
1412,358
1532,358
804,358
639,358
1406,358
1395,358
1085,359
622,359
557,359
840,359
832,359
23,359
80,359
1186,359
1176,359
1696,359
1684,359
1420,359
1160,359
1115,359
74,359
1114,359
842,359
752,359
536,359
564,359
1286,359
542,359
821,359
500,359
840,360
1186,360
1378,360
1085,360
1684,360
1148,360
842,360
832,360
1160,360
622,360
557,360
641,360
697,360
1259,360
285,360
943,360
338,360
941,360
1483,360
1064,360
193,360
722,360
590,360
752,360
15,360
891,361
1530,361
1011,361
842,361
1026,361
1186,361
1000,361
758,361
200,361
1148,361
1176,361
65,361
961,361
1160,361
23,361
816,361
751,361
976,361
1291,361
1085,361
454,361
840,361
74,361
196,361
1442,361
889,361
1461,361
557,361
677,361
353,361
307,361
622,361
1446,361
804,361
1494,361
1515,361
1286,361
80,361
974,361
1452,361
615,361
429,361
832,361
154,361
1496,361
1525,361
1134,361
422,361
1116,361
1730,361
1051,361
1047,361
1170,361
1342,361
1253,361
75,361
1322,361
1684,361
1085,362
421,362
840,362
1527,362
196,362
375,362
205,362
843,362
842,362
492,362
899,362
1011,362
1186,362
1487,362
1606,362
1671,362
714,362
1652,362
1684,362
1081,362
622,362
832,362
1756,362
1497,362
1526,362
1622,362
1110,362
943,362
501,362
1572,362
1573,362
1649,362
1581,362
1579,362
43,362
1096,362
1745,362
1494,362
1583,362
1643,362
1239,362
1160,362
742,362
949,362
35,362
1150,362
897,362
895,362
1271,362
1387,362
716,362
391,363
418,363
1118,363
375,363
888,363
196,363
647,363
1412,363
1452,363
65,363
1503,363
1138,363
659,363
1601,364
1798,364
1483,364
608,364
1654,364
1375,364
245,364
20,364
233,364
356,364
1671,364
436,364
1583,364
1387,364
718,364
366,364
756,364
41,364
215,364
1515,364
1395,364
1526,364
1493,364
1461,364
622,364
1503,364
1535,364
1487,364
1651,364
773,364
1570,364
518,364
1494,364
1565,364
1387,365
388,365
1778,365
1494,365
279,365
215,365
422,365
234,365
196,365
1170,365
1614,365
1561,365
1510,365
1604,365
1412,365
1090,365
505,365
438,365
1487,365
1395,365
501,365
1239,365
1483,365
1611,365
254,365
881,365
773,365
1497,365
756,365
375,365
1729,365
233,365
422,366
838,366
1422,366
756,366
1601,366
1054,366
1302,366
1577,366
710,366
1412,366
659,366
1271,366
436,366
742,366
137,366
971,366
647,366
1584,366
773,366
608,366
346,366
26,366
1475,366
536,366
94,366
1307,366
687,366
254,366
1355,366
1354,366
1051,366
1729,366
1726,366
1358,366
1395,366
1306,366
1560,366
196,366
1305,366
1304,366
1558,366
375,366
830,366
1085,366
944,366
940,366
492,366
1373,366
953,366
1303,366
943,366
1039,366
273,366
1611,366
941,366
837,366
839,366
1041,366
978,366
843,367
277,367
1615,367
1471,367
604,367
642,367
206,367
716,367
364,367
703,367
803,367
437,367
309,367
341,367
99,367
1132,367
349,367
1470,367
140,367
1375,367
712,367
1598,367
43,367
151,367
80,367
220,367
718,367
1695,367
126,367
290,367
557,367
710,367
1673,367
1271,367
277,368
604,368
556,368
794,368
241,368
206,368
803,368
1706,368
789,368
788,368
1721,368
393,368
1729,368
375,368
1518,368
309,368
703,368
129,368
1652,368
218,368
9,368
1495,368
307,368
1720,368
411,368
659,369
1732,369
375,369
1197,369
1116,369
411,369
1520,369
375,370
254,370
1503,370
99,370
1734,370
126,370
567,370
793,370
642,370
411,370
899,370
722,370
557,370
538,370
801,370
505,370
1497,370
1493,370
1175,370
138,370
1081,370
1584,370
1085,370
1706,370
1283,370
240,370
1186,370
940,370
1583,370
1649,370
1009,370
360,370
611,370
1072,370
1212,370
536,370
1444,370
1662,370
1351,370
1185,371
51,371
773,371
1550,371
1570,371
733,371
375,371
1699,371
608,371
1293,371
1452,371
99,371
699,371
290,371
420,371
803,371
804,371
130,372
1747,372
196,372
375,372
610,372
918,372
205,372
1699,372
972,372
1387,372
465,372
364,372
309,372
804,372
1548,372
1598,372
1565,372
438,372
1406,372
1651,372
1618,372
307,372
951,372
1148,372
1583,372
1579,372
1515,372
1673,372
1407,372
501,372
573,372
1487,372
1011,372
51,372
1395,372
1486,372
1609,372
1495,373
1688,373
1487,373
1503,373
245,373
742,373
696,373
501,373
422,373
1387,373
307,373
1170,373
825,373
215,373
159,373
1002,373
1598,374
713,374
1652,374
1651,374
1395,374
608,374
1197,374
574,374
804,374
243,374
1429,374
1602,374
1584,374
559,374
1624,374
253,374
699,374
1528,374
874,374
1147,375
1442,375
234,375
1341,375
1296,375
1071,375
1169,375
371,375
360,375
1520,375
1294,375
240,375
1227,375
1210,375
522,375
1198,375
605,375
1518,375
1298,375
320,375
1315,375
1036,375
613,375
1329,375
1593,375
1566,375
413,375
1488,375
438,375
558,375
1402,375
1403,375
1383,375
1363,375
1337,375
1333,375
1330,375
1319,375
1409,375
1614,375
1175,375
568,375
1236,375
1131,375
1059,375
1056,375
966,375
879,375
871,375
764,375
751,375
1264,375
737,375
743,375
1108,375
1209,375
548,375
661,375
766,375
1211,375
1545,375
768,375
1509,375
537,375
1477,375
354,375
636,375
326,375
975,375
823,375
259,375
874,375
1450,375
722,375
1455,375
249,375
760,375
1276,375
1288,375
869,375
248,375
1590,375
1552,375
1247,375
1322,375
1272,375
372,375
453,375
1265,375
585,375
755,375
754,375
1391,375
1394,375
729,375
500,375
1204,375
569,375
618,375
1608,375
772,375
1404,375
485,375
945,375
1199,375
734,375
735,375
490,375
523,375
994,375
553,375
1118,375
1074,375
1137,375
893,375
525,375
1534,375
250,375
1634,375
1384,375
1093,375
1420,375
1372,375
1022,375
387,375
947,375
1633,376
1430,376
856,376
1628,376
739,376
1379,376
863,376
320,376
260,376
447,376
791,376
684,376
1645,376
214,376
50,376
496,376
1331,376
1362,376
702,376
1329,376
1440,376
1332,376
1459,377
1362,377
1455,377
947,377
1341,377
1320,377
1318,377
568,377
525,377
1185,377
1457,377
1466,377
1619,377
564,377
1576,377
841,377
537,377
891,377
846,377
531,377
850,377
547,377
1329,377
1332,377
1388,377
1338,377
1221,377
1384,377
1385,377
1542,377
1377,377
592,377
533,377
848,377
889,377
1559,377
560,377
1474,377
1403,377
1264,377
1275,377
558,377
1491,377
1396,377
500,377
539,377
1645,377
1653,377
1482,377
551,377
1072,377
550,377
1248,377
1256,377
234,377
700,377
476,377
1456,377
664,377
701,377
805,377
884,377
689,377
914,377
1059,377
743,377
739,377
1116,377
1299,377
1595,377
1346,377
1353,377
1258,377
1639,377
228,377
1215,377
614,377
1289,377
473,377
772,377
1640,377
1206,377
735,377
1419,377
372,377
310,377
855,377
1632,378
750,378
591,378
1013,378
354,378
1567,378
797,378
592,378
137,378
609,378
1419,378
1331,378
327,378
1203,378
1202,378
336,378
260,378
968,378
1337,378
1211,378
1348,378
646,378
1283,378
850,378
1380,378
966,378
236,378
1189,378
115,378
583,378
1517,378
249,378
248,378
770,378
558,378
395,378
700,378
515,378
1608,378
1233,378
938,378
531,378
216,378
503,378
1264,378
1450,378
447,378
605,378
893,378
980,378
696,378
813,378
584,378
967,378
1099,378
735,378
1392,378
1499,378
508,378
1329,378
1520,378
371,378
372,378
1289,378
1448,378
623,378
1315,378
1643,378
886,378
1288,378
737,378
786,378
1102,378
360,378
1465,378
720,378
1318,378
1374,378
469,378
162,378
106,378
242,378
473,378
519,378
540,378
453,378
607,378
1217,378
1590,378
613,378
1009,378
1314,378
1466,378
1204,378
1332,378
1341,378
1420,378
1519,378
1437,378
1631,378
1482,378
367,378
1414,378
779,378
772,378
784,378
792,378
1634,378
292,378
250,378
369,378
417,378
1408,378
1524,378
1209,378
1334,378
1162,378
883,379
260,379
992,379
281,379
1222,379
536,379
200,379
607,379
1299,379
508,379
1608,379
1201,379
162,379
739,379
1400,379
592,379
1258,379
1411,379
1520,379
1457,379
413,379
967,379
1020,379
320,379
558,379
326,379
786,379
1523,379
1129,379
1296,379
1385,379
1512,379
1514,379
1227,379
271,379
403,379
252,379
1334,379
1185,379
1551,379
259,379
780,379
883,380
1033,380
728,380
395,380
1037,380
1062,380
1013,380
734,380
1507,380
326,380
1532,380
336,380
1210,380
1199,380
616,380
1318,380
1227,380
1229,380
687,380
1232,380
816,380
721,380
1341,380
1233,380
1236,380
1129,380
542,380
242,380
1586,380
347,380
360,380
1390,380
1595,380
329,380
1056,380
802,380
1329,380
1474,380
1032,380
1007,380
1567,380
727,380
327,380
722,380
558,380
841,380
1537,380
1317,380
807,380
184,380
183,380
1455,380
1056,381
1288,381
1364,381
1466,381
583,381
1330,381
1332,381
1249,381
1496,381
628,381
1468,381
1546,381
995,381
1080,381
1273,381
447,381
1231,381
727,381
1227,381
715,381
1221,381
1314,381
1484,381
1236,381
776,381
393,381
1337,381
1318,381
883,381
775,381
1154,381
1002,381
1112,381
1488,381
869,381
316,381
1023,381
968,381
878,381
1449,381
260,381
889,381
44,381
1240,381
1507,381
564,381
886,381
887,381
1630,381
701,381
984,381
993,381
1230,381
801,381
1552,381
1639,381
367,381
700,381
1185,381
1329,381
967,381
1027,382
1415,382
1106,382
1341,382
1411,382
664,382
986,382
1334,382
1109,382
1409,382
722,382
1518,382
653,382
1404,382
1093,382
623,382
1087,382
631,382
977,382
1430,382
611,382
958,382
1629,382
946,382
651,382
534,382
952,382
240,382
1204,382
1227,382
1215,382
310,382
967,382
1466,382
1149,382
1244,382
964,382
1522,382
809,382
855,382
856,382
551,382
1264,382
966,382
1391,382
961,382
1556,382
758,382
303,382
367,382
1147,382
930,382
289,382
1138,382
919,382
992,382
1234,382
320,382
572,382
1580,382
55,382
47,382
600,382
1142,382
319,382
1210,382
1002,382
558,382
1116,382
1534,382
945,382
582,382
596,382
1269,382
596,383
779,383
1264,383
598,383
951,383
645,383
968,383
179,383
1109,383
194,383
236,383
216,383
792,383
494,383
367,383
802,383
630,383
1147,383
534,383
183,383
763,383
783,383
1586,383
1353,383
1189,383
1122,383
1000,383
937,383
175,383
159,383
807,383
115,383
103,383
94,383
60,383
47,383
52,383
61,383
59,383
136,383
42,383
674,383
593,383
814,383
884,383
910,383
1491,383
1108,383
184,383
762,383
765,383
623,383
640,383
1151,383
1636,383
767,383
766,383
768,383
952,383
1118,383
784,383
46,383
481,383
1608,383
806,383
473,383
1217,383
372,383
445,383
344,383
1210,383
891,383
987,383
1310,383
607,383
1206,383
882,383
1102,383
916,383
632,383
507,383
1506,383
893,383
833,383
850,383
723,383
409,383
329,383
1113,383
809,383
319,383
374,383
646,383
288,383
1202,383
360,384
727,384
372,384
630,384
1404,384
881,384
855,384
607,384
912,384
1255,384
1198,384
1408,384
1555,384
1317,384
722,384
760,384
1459,384
1441,384
611,384
1332,384
1220,384
1333,384
1221,384
1238,384
1231,384
1233,384
1236,384
626,384
993,384
994,384
1289,384
1337,384
989,384
306,384
809,384
816,384
250,384
1201,384
344,384
696,384
774,384
841,384
715,384
977,384
771,384
888,384
481,384
893,384
1540,384
1532,384
1567,384
610,384
1227,384
1199,384
846,384
1341,384
962,384
807,384
635,384
634,384
1580,384
1396,384
1648,384
1448,384
531,384
347,384
600,384
476,384
1403,384
371,384
1653,384
605,384
1415,384
536,384
1402,384
973,384
1417,384
975,384
1136,384
1410,384
805,384
1419,384
635,385
1105,385
927,385
1126,385
919,385
664,385
1727,385
792,385
1088,385
1221,385
1224,385
1614,385
1210,385
1,385
1159,385
310,385
648,385
816,385
1070,385
1122,385
673,385
1338,385
1298,385
1222,385
817,385
737,385
1242,385
1233,385
992,385
1206,385
1225,385
987,385
1247,385
1248,385
922,385
1229,385
1296,385
1209,385
684,385
1244,385
666,385
1279,385
1246,385
1596,385
979,385
1323,385
784,385
483,385
1417,385
1456,385
977,385
1236,385
975,385
1621,385
613,385
1269,385
485,385
657,385
596,385
786,385
256,385
1315,385
969,385
1346,385
1127,385
1546,385
490,385
1505,385
1471,385
849,385
1468,385
1363,385
984,385
1318,385
1255,385
256,386
66,386
266,386
1175,386
981,386
1062,386
572,386
638,386
571,386
418,386
525,386
260,386
259,386
1341,386
480,386
1396,386
1126,386
1122,386
780,386
664,386
536,386
722,386
44,386
1337,386
1590,386
1444,386
1519,386
1221,386
701,387
554,387
778,387
825,387
927,387
1087,387
1133,387
1241,387
797,387
1199,387
592,387
700,387
1610,387
372,387
607,387
584,387
1329,387
1537,387
1238,387
1243,387
760,387
1183,387
1514,387
740,387
1244,387
783,387
1529,387
1398,387
550,387
739,387
1248,387
626,387
118,387
738,387
721,387
1556,387
809,387
1615,387
923,387
961,387
1400,387
1325,387
1459,387
821,387
1301,387
1212,387
558,387
1089,387
548,387
989,387
959,387
1118,387
610,387
508,387
1359,387
1030,387
1080,387
1036,387
1272,387
1185,387
524,387
729,387
521,387
986,387
813,387
1088,387
968,387
1466,387
1105,387
395,387
775,387
234,387
1233,387
1408,387
1180,387
483,387
1264,387
876,387
722,387
1210,387
856,387
848,387
762,387
571,387
572,387
849,387
310,387
1205,387
256,387
850,387
1593,387
486,387
755,387
1211,388
1507,388
1180,388
1136,388
1129,388
982,388
919,388
917,388
998,388
1071,388
713,388
1434,388
1273,388
1023,388
1310,388
1228,388
1090,388
1524,388
706,388
859,388
1232,388
1227,388
521,388
520,388
1532,388
1400,388
1083,388
610,388
874,388
1214,388
1596,388
1474,388
1457,388
1324,388
1269,388
807,388
1561,388
722,388
1199,388
1126,388
995,388
887,388
1017,388
1238,388
609,388
1244,388
1414,388
964,388
1220,388
1164,388
1243,388
1102,388
979,388
1514,388
1442,388
1175,388
1185,388
1509,388
395,388
922,388
1645,388
1074,388
1036,388
1019,388
969,388
967,388
966,388
1594,388
592,388
547,388
67,388
680,388
1024,388
783,388
1203,388
1283,388
1288,388
662,388
784,388
1392,388
1435,388
685,388
1513,388
670,388
774,388
951,388
947,388
763,388
1467,388
1162,388
1333,388
1000,388
1379,388
1344,388
1341,388
1384,388
1332,388
1331,388
403,388
1408,388
975,388
1292,388
1608,388
1541,388
687,389
1235,389
1210,389
879,389
1175,389
689,389
1371,389
520,389
962,389
1533,389
519,389
1352,389
670,389
1329,389
1344,389
1147,389
605,389
823,389
1027,389
1024,389
631,389
1532,389
1448,389
783,389
1088,389
1264,389
1334,389
1467,389
1288,389
863,389
1227,389
1332,389
403,389
857,389
859,389
1319,389
1233,389
1230,389
706,389
1241,389
1185,389
623,389
1199,389
1415,389
1417,389
500,389
1477,389
645,389
1435,389
1342,389
1610,389
1325,389
1323,389
1398,389
912,389
634,389
1341,389
1392,389
409,389
1017,389
1484,389
992,389
540,389
611,390
623,390
735,390
1386,390
1491,390
1524,390
548,390
1530,390
547,390
539,390
367,390
357,390
165,390
1522,390
1371,390
54,390
1372,390
553,390
1559,390
1588,390
1364,390
1097,390
1288,390
1285,390
1227,390
1312,390
1184,390
1180,390
1108,390
1323,390
1099,390
1076,390
1341,390
1363,390
1359,390
1630,390
94,390
751,390
938,390
949,390
266,390
958,390
964,390
977,390
880,390
1415,390
913,390
1060,390
781,390
815,390
1311,390
859,390
988,390
1116,390
78,390
1129,390
760,390
1134,390
1330,390
1411,390
1435,390
1471,390
1512,390
1423,390
1499,390
1528,390
1629,390
1425,390
1314,390
745,390
691,390
648,390
1520,390
1519,390
1518,390
1475,390
694,390
1517,390
692,390
1384,390
1414,390
1309,390
1436,390
271,390
354,390
482,390
237,390
1256,390
985,390
1006,390
1293,390
1001,390
1052,390
1109,390
1126,390
561,390
1175,390
1238,390
1310,390
1325,390
488,390
1422,390
960,390
869,390
828,390
816,390
748,390
824,390
558,390
563,390
585,390
651,390
656,390
962,390
967,390
1036,390
1223,390
1408,390
1484,390
754,390
786,390
734,390
1396,390
1440,390
1569,390
504,390
711,390
1119,390
1552,390
667,390
628,390
1621,390
1464,390
322,390
1340,390
1331,390
984,390
1067,390
8,390
1477,390
1745,390
1149,390
1571,390
1307,390
1188,390
569,390
626,390
413,390
1455,390
616,390
572,390
1117,390
542,390
292,390
531,390
484,390
395,390
473,390
631,390
1089,390
1173,390
1037,390
1220,390
1035,390
1648,390
796,390
797,390
240,390
1448,390
1417,390
643,390
650,390
1514,391
1744,391
977,391
54,391
828,391
821,391
1249,391
1277,391
1380,391
322,391
1369,391
1275,391
814,391
816,391
817,391
452,391
1414,391
443,391
484,391
1345,391
496,391
506,391
1399,391
317,391
1215,391
766,391
776,391
1321,391
913,391
1372,391
945,391
1379,391
1297,391
1296,391
1529,391
1522,391
1404,391
1475,391
1519,391
1271,391
694,391
986,391
1482,391
1295,391
1006,391
1457,391
951,391
874,391
1648,391
1629,391
1623,391
122,391
71,391
1374,391
510,391
820,391
827,391
1645,391
892,391
2,391
962,391
1001,391
1228,391
1342,391
1451,391
1580,391
939,391
610,391
291,391
748,391
824,391
1386,391
239,391
249,391
280,391
792,391
692,391
1455,391
1312,391
411,391
1011,391
183,391
222,391
770,391
767,391
634,391
297,391
1753,391
1671,391
1572,391
1407,391
609,391
547,391
1377,391
534,391
515,391
360,391
1371,391
588,391
1111,391
292,391
326,391
523,391
539,391
1210,391
165,391
1408,391
1097,391
1311,391
757,392
237,392
1119,392
297,392
1157,392
322,392
418,392
1596,392
1369,392
1318,392
1006,392
391,392
607,392
1118,392
1566,392
1113,392
1097,392
1087,392
964,392
919,392
700,392
536,392
347,392
1277,392
280,392
692,392
1346,392
833,392
144,392
1311,392
694,392
1213,392
980,392
1063,392
841,392
476,392
805,392
1440,392
1316,392
1175,392
223,392
1719,392
317,392
54,392
135,392
828,392
503,392
1390,392
1519,392
443,392
853,392
1387,393
736,393
735,393
297,393
54,393
1087,393
1277,393
692,393
322,393
317,393
1363,393
1121,393
646,393
632,393
1651,393
1588,393
1348,393
1264,393
993,393
771,393
750,393
1257,393
473,393
1374,393
1301,393
1169,393
917,393
916,393
336,393
659,393
1410,393
539,393
796,393
962,393
640,393
1258,393
919,393
354,393
289,393
222,393
228,393
1185,393
1028,393
687,393
1362,393
1338,393
1232,393
1443,393
1610,393
1591,393
1457,393
1314,393
1551,393
21,393
26,393
280,393
860,393
1188,393
214,393
443,393
1467,393
910,393
561,393
1545,393
237,393
667,393
1539,393
1396,393
1395,393
1227,393
418,393
320,393
357,393
1303,393
778,393
1530,393
1167,393
770,393
1180,393
989,393
1398,394
1456,394
1458,394
1053,394
1455,394
1457,394
1052,394
471,394
1449,394
1450,394
496,394
1420,394
1421,394
1422,394
1424,394
494,394
288,394
1425,394
1430,394
238,394
1451,394
1432,394
1437,394
1439,394
1440,394
1441,394
1442,394
1443,394
1444,394
872,394
1448,394
1047,394
1435,394
1040,394
661,394
1464,394
892,394
1341,394
862,394
611,394
551,394
722,394
1463,394
1112,394
859,394
878,394
1744,394
1256,394
1106,394
907,394
1465,394
1466,394
256,394
482,394
978,394
1467,394
1468,394
1471,394
1474,394
1653,394
1411,394
1036,394
882,394
1080,394
1035,394
990,394
1318,394
271,394
1459,394
1419,394
1263,394
1056,394
484,394
1362,394
1108,394
1109,394
1105,394
531,394
1111,394
498,394
1018,394
1102,394
1101,394
1088,394
1089,394
1090,394
1091,394
1093,394
1099,394
604,394
506,394
1025,394
30,394
1145,394
1142,394
1140,394
1138,394
1119,394
1137,394
1136,394
1134,394
1122,394
1133,394
1131,394
1129,394
1126,394
1124,394
1147,394
1087,394
1149,394
1345,394
1353,394
1352,394
1113,394
1349,394
1348,394
1347,394
1346,394
1116,394
1117,394
1118,394
1344,394
629,394
1607,394
1516,394
1323,394
1148,394
1404,394
1072,394
1074,394
1409,394
1299,394
1539,394
1542,394
253,394
1629,394
1631,394
1076,394
1071,394
1410,394
395,394
1059,394
1418,394
1417,394
1236,394
1070,394
1416,394
1415,394
1414,394
1408,394
1403,394
1379,394
1377,394
1376,394
1374,394
1372,394
1371,394
1364,394
1363,394
1359,394
1357,394
1083,394
837,394
1380,394
1382,394
1384,394
1082,394
1402,394
1400,394
1396,394
676,394
1394,394
1393,394
588,394
1392,394
1391,394
1390,394
1389,394
1388,394
1385,394
1383,394
695,394
1037,394
919,394
488,394
486,394
893,394
508,394
510,394
515,394
517,394
519,394
520,394
1538,394
521,394
821,394
823,394
825,394
891,394
827,394
828,394
833,394
841,394
890,394
846,394
820,394
889,394
1293,394
930,394
929,394
927,394
1505,394
499,394
923,394
922,394
474,394
917,394
490,394
916,394
912,394
911,394
910,394
908,394
234,394
507,394
497,394
914,394
931,394
847,394
849,394
879,394
483,394
481,394
479,394
162,394
884,394
210,394
877,394
409,394
881,394
413,394
417,394
438,394
445,394
447,394
453,394
469,394
473,394
228,394
848,394
876,394
850,394
854,394
855,394
856,394
857,394
485,394
863,394
888,394
793,394
887,394
866,394
869,394
886,394
465,394
871,394
873,394
874,394
864,394
935,394
476,394
975,394
968,394
503,394
1006,394
967,394
966,394
1007,394
1009,394
964,394
962,394
1013,394
1015,394
1016,394
1017,394
995,394
969,394
970,394
973,394
770,394
998,394
994,394
993,394
992,394
989,394
1000,394
1002,394
1019,394
988,394
1032,394
986,394
985,394
984,394
982,394
980,394
979,394
977,394
987,394
1020,394
500,394
41,394
1027,394
1021,394
952,394
951,394
949,394
948,394
947,394
945,394
939,394
938,394
937,394
1028,394
1030,394
505,394
958,394
996,394
961,394
1024,394
960,394
1023,394
959,394
1022,394
1457,395
1533,395
122,395
623,395
1571,395
860,395
289,395
483,395
484,395
1593,395
1562,395
616,395
560,395
1251,395
909,395
252,395
316,395
504,395
1145,395
748,395
949,395
1001,395
1031,395
925,395
1531,395
1040,395
1634,395
1532,395
1389,395
1277,395
25,395
500,395
418,395
857,395
1221,395
1329,395
1411,395
1430,395
1496,395
1519,395
1612,395
734,395
1314,395
165,395
1521,395
1323,395
637,395
610,395
259,395
986,395
1149,395
1229,395
1241,395
1299,395
1414,395
90,395
166,395
330,395
564,395
790,395
448,395
758,396
1109,396
695,396
691,396
661,396
1062,396
547,396
1369,396
1127,396
587,396
820,396
792,396
634,396
750,396
575,396
1629,396
1597,396
1466,396
1450,396
1430,396
1324,396
1229,396
1210,396
24,396
30,396
37,396
531,396
536,396
1024,396
1002,396
452,396
931,396
1221,396
1291,396
641,396
995,396
1457,396
755,396
912,396
1256,396
1471,396
788,396
1529,396
1402,396
1352,396
1274,396
1220,396
917,396
812,396
631,396
630,396
961,396
498,396
669,396
471,396
629,396
452,397
1143,397
1745,397
237,397
119,397
1255,397
50,397
1772,397
1756,397
1389,397
676,397
1118,397
575,397
418,397
1741,398
516,398
527,398
151,398
659,398
166,398
1755,398
365,398
899,398
1698,398
99,398
2,398
981,398
85,398
683,398
1311,398
443,398
1740,398
1569,398
1475,398
1442,398
969,398
1408,398
1377,398
1374,398
1630,398
1371,398
971,398
1458,398
34,398
714,398
1364,398
1338,398
475,398
1363,398
1189,398
1229,398
1173,398
736,399
706,399
1274,399
1363,399
986,399
966,399
1529,399
1449,399
1199,399
1156,399
1013,399
1430,399
1083,399
1416,399
877,399
628,399
1070,399
1018,399
674,399
1264,399
673,399
1396,399
1257,399
849,399
1218,399
528,399
371,399
1480,399
259,399
664,399
1333,399
962,399
931,399
812,399
1332,399
1330,399
1458,399
531,399
1019,399
1296,399
1278,399
1205,399
1187,399
850,399
1173,399
1142,399
1645,399
607,399
1111,399
1421,399
729,399
1089,399
1129,399
1319,399
561,399
863,399
1321,399
1316,399
1408,399
497,399
1310,399
1243,399
469,399
43,399
344,399
1162,399
242,399
240,399
1102,399
891,399
1512,399
1516,399
1619,399
372,399
1561,399
985,399
1087,399
1531,399
1101,399
927,399
1468,399
1402,399
802,399
687,399
1439,399
501,399
801,399
645,399
648,399
521,399
657,399
1254,399
490,399
758,399
517,399
841,399
1409,399
1417,399
775,399
1464,399
445,399
745,399
1242,399
762,399
1221,399
1597,399
1298,399
1442,399
964,399
1106,399
1099,399
1108,399
1113,399
483,399
1116,399
1481,399
1151,399
1167,399
1059,399
1118,399
1119,399
634,399
1422,399
1133,399
1134,399
1122,399
1648,399
1168,399
1169,399
1621,399
882,399
866,399
820,399
873,399
917,399
656,399
755,399
958,399
222,399
1285,399
1093,399
817,399
975,399
977,399
1533,399
1007,399
1056,399
1610,399
1607,399
1208,399
1567,399
1201,399
1314,399
1325,399
1593,399
1195,399
1185,399
1183,399
1384,399
1388,399
746,399
1140,399
1432,399
1465,399
1485,399
523,399
369,399
1224,399
816,399
1309,399
1391,399
1444,399
1443,399
1214,399
1228,399
1236,399
1258,399
1276,399
770,399
1287,399
1290,399
780,399
1292,399
1547,399
1524,399
1294,399
1136,399
1359,399
774,399
740,399
1241,399
1450,399
1335,399
1334,399
1629,399
519,399
1559,399
1137,399
1570,399
1247,399
1568,399
1457,399
1456,399
1540,399
1126,399
503,399
505,399
629,399
524,399
533,399
1030,399
715,399
598,399
610,399
626,399
633,399
635,399
691,399
640,399
473,399
316,399
248,399
763,399
600,399
614,399
210,399
1315,399
1410,399
685,399
271,399
1490,399
746,400
700,400
1508,400
599,400
1756,400
1264,400
821,400
1337,400
1744,400
995,400
408,400
943,400
942,400
941,400
1291,400
940,400
67,400
429,400
722,400
1237,401
1744,401
1357,401
1455,401
1009,401
940,401
1518,401
1199,401
1390,401
1412,401
1046,401
1109,401
380,401
115,401
1611,401
273,401
43,401
722,401
298,401
1236,401
79,401
659,402
773,402
1221,402
645,402
981,402
391,402
1328,402
588,402
1210,402
1601,402
1039,402
393,402
148,402
540,402
1174,402
1107,402
899,402
1387,402
1515,402
1308,402
223,402
222,402
942,403
1362,403
964,403
1391,403
943,403
1363,403
610,403
1403,403
588,403
539,403
515,403
473,403
469,403
371,403
350,403
1464,403
1788,403
1669,403
571,403
1394,403
735,403
1289,403
758,403
1566,403
1485,403
760,403
1442,403
1421,403
907,403
1414,403
1408,403
365,403
820,403
1251,403
1285,403
547,403
1383,403
659,403
252,403
291,403
354,403
592,403
633,403
561,403
635,403
687,403
271,403
1174,403
1392,403
1393,403
1173,403
1610,403
1595,403
1466,403
1122,403
1119,403
1418,403
1083,403
1007,403
1071,403
993,403
739,403
945,403
823,403
701,403
702,403
743,403
744,403
1304,403
1327,403
623,403
517,403
519,403
1000,403
1004,403
67,403
66,403
1440,403
1221,403
1088,403
1284,403
572,403
72,403
1744,403
1275,403
745,403
768,403
800,403
802,403
887,403
984,403
892,403
1126,403
1229,403
1262,403
1283,403
1334,403
1410,403
1441,403
1551,403
1569,403
977,403
84,403
1374,403
1220,403
1175,403
1140,403
654,403
951,403
922,403
889,403
888,403
629,403
1531,403
1630,403
1520,403
1282,403
1518,403
1512,403
1481,403
886,403
1455,403
1451,403
1425,403
1404,403
1388,403
1372,403
1364,403
1183,403
1290,403
1193,403
1011,403
1124,403
1223,403
998,403
1580,403
1210,403
1091,403
792,403
696,403
1019,403
695,403
691,403
689,403
1331,403
1519,403
1114,403
1162,403
1300,403
1482,403
1169,403
1115,403
1185,403
1194,403
1195,403
1166,403
1044,403
551,403
1272,403
166,403
1528,403
1045,403
1161,403
1043,403
1022,403
538,403
1533,403
1588,403
1559,403
1529,403
1468,403
1524,403
1522,403
440,404
1141,404
1144,404
1195,404
1744,404
567,404
632,404
920,404
982,404
1251,404
537,404
1398,405
506,405
634,405
431,405
1612,405
1388,405
400,405
745,405
1322,405
91,405
1208,405
1286,405
376,405
351,405
341,405
1242,405
1514,405
1198,405
1505,405
1301,405
163,405
881,405
1264,405
336,405
158,405
377,405
234,405
1232,406
1101,406
1314,406
1102,406
1249,406
1169,406
1227,406
1531,406
1404,406
1087,406
1440,406
1223,406
1167,406
1175,406
344,406
1408,406
1088,406
1317,406
1244,406
1243,406
796,406
882,406
1246,406
862,406
914,406
1466,406
1484,406
923,406
1534,406
1363,406
1482,406
1362,406
1488,406
1485,406
930,406
1118,406
1537,406
1566,406
1588,406
1364,406
1020,406
869,406
1520,406
764,406
1528,406
922,406
1508,406
1083,406
539,406
558,406
533,406
1467,406
1080,406
738,406
917,406
531,406
1348,406
1349,406
1338,406
1264,406
755,406
919,406
1106,406
1187,406
1015,406
1371,406
1449,406
1129,406
784,406
1131,406
871,406
807,406
1456,406
1455,406
1590,406
800,406
1450,406
248,407
959,407
1162,407
476,407
1346,407
847,407
891,407
958,407
1234,407
1183,407
825,407
992,407
291,407
975,407
1341,407
1137,407
1243,407
671,407
1248,407
1388,407
1329,407
1332,407
1337,407
684,407
1310,407
1099,407
1455,407
1491,407
810,407
1540,407
966,407
969,407
1264,407
1142,407
1456,407
1136,407
1020,407
964,407
859,407
656,407
857,407
998,407
856,407
417,407
779,407
1588,407
1352,407
1238,407
664,407
1199,407
1608,407
1335,407
1569,407
395,407
1224,407
1534,407
1202,407
680,407
1119,407
651,407
781,407
1131,407
445,407
744,407
653,407
1614,407
1287,407
1164,407
1129,407
654,407
1324,407
667,407
303,407
320,407
922,407
1485,407
1482,407
564,407
1634,407
1468,407
1215,407
1484,407
539,407
1210,407
347,407
967,407
531,407
344,407
533,407
945,407
1201,407
1443,407
1396,407
1444,407
508,407
525,407
1299,407
387,407
1508,407
593,407
1343,408
1420,408
908,408
1344,408
1466,408
1485,408
1287,408
281,408
1265,408
476,408
1136,408
979,408
1264,408
989,408
1119,408
1217,408
1240,408
1301,408
1425,408
1468,408
1542,408
1364,408
1346,408
593,408
682,408
1520,408
1508,408
866,408
453,408
1162,408
46,409
281,409
569,409
568,409
884,409
289,409
319,409
522,409
338,409
240,409
484,409
271,409
503,409
329,409
553,409
408,409
66,409
250,409
1275,409
1162,409
1640,409
1214,409
779,409
1236,409
55,409
1293,409
1538,409
649,410
1589,410
1297,410
1590,410
210,410
1634,410
539,410
1471,410
486,410
252,410
995,410
1455,410
1404,410
519,410
1608,410
781,410
1334,410
1521,410
524,410
242,410
1264,410
479,410
1040,410
1015,410
721,410
869,410
240,410
1540,410
774,410
788,410
1542,410
960,410
481,410
653,410
1295,410
505,410
503,410
651,410
720,410
490,410
499,410
1023,410
722,410
1009,410
646,410
536,410
776,410
1653,410
1119,410
508,410
1289,410
169,410
1110,410
500,410
661,410
438,410
473,410
1080,410
531,410
778,410
630,410
250,410
979,410
825,410
506,410
510,410
271,410
553,410
568,410
1349,410
369,410
1629,410
372,410
497,410
1037,410
1567,410
533,410
1529,410
882,410
785,410
702,410
640,410
701,410
696,410
691,410
1185,410
281,410
1614,410
292,410
700,410
1112,410
813,411
586,411
515,411
611,411
975,411
640,411
1360,411
1002,411
1225,411
1185,411
395,411
654,411
987,411
1449,411
637,411
876,411
519,411
417,411
1340,411
1295,411
768,411
700,411
582,411
1118,411
1341,411
1119,411
723,411
508,411
1122,411
531,411
1032,411
792,411
737,411
738,411
1347,411
837,411
105,411
1109,411
764,411
1329,411
846,411
916,411
1113,411
1056,411
1332,411
947,411
1083,411
1015,411
1334,411
1275,411
1372,411
1542,411
607,411
1262,411
517,411
937,411
988,411
1274,411
995,411
1276,411
807,411
1264,411
1215,411
914,411
1323,411
873,411
682,411
1338,411
1210,411
523,411
1537,411
1213,411
1209,411
1379,411
1402,411
1047,411
469,411
1488,411
1228,411
344,411
35,411
593,411
1194,411
250,411
592,411
628,411
736,411
1567,411
1023,411
1450,411
1561,411
1112,411
252,411
360,411
1477,411
505,411
408,412
161,412
1636,412
631,412
939,412
89,412
1096,413
1057,413
1256,413
1341,413
629,413
1082,413
78,413
1321,413
1649,413
1222,413
1149,413
651,413
1224,413
1394,413
1221,413
1233,413
281,413
1175,413
1147,413
975,413
1364,414
503,414
572,414
372,414
1371,414
1221,414
1101,414
977,414
1147,414
1248,414
551,414
1218,414
1362,414
289,414
623,414
369,414
1323,414
1227,414
292,414
1280,414
1285,414
1022,414
1578,414
1468,414
347,414
1105,414
306,414
1482,414
360,414
884,414
1074,414
1020,414
547,414
558,414
879,414
1175,414
1244,414
720,414
531,414
486,414
303,414
1047,414
1276,414
548,414
350,414
1151,414
723,414
988,414
621,414
1372,414
1414,414
1448,414
984,414
973,414
1444,414
975,414
969,414
1256,414
702,414
539,414
949,414
986,414
1518,414
560,414
1185,414
1199,414
869,414
859,414
316,414
1455,414
1415,414
1335,414
1588,414
1140,414
863,414
856,414
811,414
980,414
1262,414
1233,414
1013,414
1180,414
1002,414
1443,414
979,414
1496,414
1537,414
1234,414
1246,414
737,414
1519,414
996,414
1226,415
1388,415
1088,415
1059,415
1108,415
1126,415
1208,415
1223,415
1222,415
1028,415
539,415
634,415
1228,415
1287,415
947,415
547,415
1023,415
1199,415
1415,415
1289,415
620,415
1357,415
1288,415
1372,415
1083,415
1164,415
1154,415
618,415
1231,415
1221,415
507,415
671,415
755,415
1338,415
1516,415
767,415
485,415
540,415
1227,415
1243,415
807,415
820,415
916,415
1256,415
922,415
1391,415
473,415
1349,415
1593,415
1229,415
1071,415
1309,415
623,415
1610,415
729,415
1210,415
1449,415
1233,415
1224,415
1080,415
508,415
1056,415
1393,415
1653,415
1230,415
1206,415
1313,415
1376,415
1037,415
1435,415
1002,415
1450,415
1567,416
1296,416
510,416
1264,416
1088,416
743,416
473,416
1145,416
474,416
962,416
350,416
1149,416
1093,416
1334,416
952,416
979,416
1056,416
1353,416
561,416
1224,416
1324,416
960,416
1707,416
485,416
1363,416
1053,416
1243,416
1187,416
1488,416
357,416
497,416
453,416
1481,416
558,416
935,416
583,416
1298,416
1376,416
1194,416
1109,416
1126,416
1151,416
651,416
648,416
1161,416
1168,416
951,416
1080,416
1229,416
1230,416
1283,416
1352,416
1449,416
1007,416
984,416
975,416
1279,416
1231,416
701,416
1072,416
1175,416
1233,416
1505,416
1315,416
1541,416
1468,416
1341,416
616,416
372,416
1213,416
737,416
1507,416
483,416
1509,416
1140,416
1083,416
1383,416
1221,416
1430,416
484,416
1249,416
1205,416
1131,416
1047,416
1400,416
1357,416
623,416
1228,416
1105,416
1419,416
919,416
1576,416
1631,416
1021,416
1013,416
661,416
1265,416
849,416
539,417
1090,417
623,417
1417,417
1415,417
1566,417
914,417
907,417
864,417
1347,417
856,417
1420,417
1341,417
1338,417
1349,417
1608,417
547,417
722,417
1342,417
721,417
372,417
910,417
874,417
1288,417
1283,417
1264,417
1546,417
1541,417
1180,417
1555,417
350,417
1380,417
1481,417
1185,417
872,417
1507,417
522,417
1255,417
891,417
1400,417
1634,417
1199,417
523,417
1210,417
809,417
1213,417
811,417
1382,417
879,417
1591,417
1547,417
1457,417
1289,417
645,417
1212,417
1396,417
876,417
643,417
1021,417
1562,417
1217,417
1552,417
1444,417
922,417
1543,417
1441,417
521,417
1254,417
1469,418
1455,418
525,418
1211,418
1124,418
1420,418
674,418
528,418
347,418
592,418
1329,418
131,418
1364,418
841,418
1485,418
645,418
531,418
1468,418
537,418
607,418
869,418
767,418
763,418
259,418
547,418
1541,418
109,418
1202,418
1018,418
1417,418
1344,418
623,418
1567,418
1019,418
980,418
937,418
1547,418
1634,418
1330,418
1199,418
1591,418
640,418
1390,418
1362,418
1363,418
664,418
1392,418
1610,418
1113,418
1639,418
521,418
721,418
1561,418
1513,418
1154,418
1185,418
524,418
133,418
1576,418
1341,418
1209,418
947,418
702,418
745,418
792,418
890,418
1206,418
1566,418
893,418
969,418
1353,418
1552,419
14,419
1285,419
13,419
1264,419
1272,419
754,419
1353,419
1394,419
344,419
637,419
1442,419
1175,419
445,419
1225,419
1295,419
1364,419
547,419
1030,419
372,419
500,419
1248,419
1210,419
823,419
1457,419
1185,419
1257,419
811,419
1194,419
1323,419
1231,419
1147,420
427,420
506,420
1389,420
1376,420
291,420
628,420
1596,420
1221,420
1002,420
1552,420
359,420
313,420
1175,420
1028,420
1505,420
910,420
1634,420
385,420
1272,420
1594,420
517,420
1555,420
1404,420
998,420
973,420
907,420
1474,420
778,420
1529,420
929,420
519,420
1382,420
1105,420
536,420
1053,420
1608,420
1481,420
1288,420
1018,420
522,420
1566,420
1112,420
1533,420
623,420
1022,420
1108,420
1032,420
621,420
780,420
648,420
1543,420
531,420
1056,420
1262,420
561,420
584,420
1516,420
1540,420
508,420
721,420
1296,420
36,421
1345,421
820,421
814,421
584,421
1133,421
292,421
1236,421
572,421
1000,421
1335,421
1082,421
234,421
1377,421
1201,421
250,421
499,421
1233,421
1007,421
935,421
1346,421
1449,421
294,421
674,421
1002,421
739,421
1455,421
1614,421
1634,421
1232,421
1288,421
973,421
1471,421
1248,421
1324,421
1414,421
1210,421
1594,421
755,421
1392,421
736,421
1262,421
1400,421
1608,421
1218,421
1264,421
1234,421
1329,421
238,421
959,421
1299,421
1023,421
1393,421
1313,421
1147,421
1647,421
522,421
1534,421
292,422
294,422
1138,422
1258,422
1244,422
1180,422
1221,422
1199,422
553,422
523,422
1000,422
551,422
1035,422
1255,422
720,422
1204,422
1101,422
1230,422
1496,422
572,422
1269,422
737,422
1316,422
764,422
745,422
935,422
738,422
722,422
922,422
1299,422
809,422
1262,422
1002,422
1337,422
1324,422
991,423
500,423
652,423
1332,423
540,423
517,423
484,423
600,423
1505,423
539,423
1430,423
1282,423
515,423
499,423
551,423
937,423
438,423
817,423
873,423
961,423
1167,423
750,423
523,423
520,423
1597,423
417,423
558,423
1016,423
670,423
508,423
292,423
770,423
621,423
1440,423
360,423
1341,423
1529,423
1315,423
982,423
986,423
989,423
990,423
1279,423
762,423
1233,423
1230,423
1218,423
1194,423
975,423
964,423
1021,423
178,423
1232,423
1168,423
531,423
1417,423
1414,423
1329,423
1242,423
1030,423
952,423
1024,423
948,423
250,423
239,423
217,423
722,423
483,423
248,423
666,423
210,423
1212,423
772,423
866,423
995,423
911,423
1256,423
1296,423
1403,423
303,423
1091,423
1090,423
1589,423
1314,423
197,423
996,423
841,423
1202,423
1213,423
1199,424
212,424
1566,424
1499,424
1474,424
1441,424
1204,424
1024,424
540,424
1028,424
995,424
140,424
1306,424
1450,424
1521,425
547,425
536,425
544,425
1630,425
1316,425
613,425
621,425
1236,425
1048,425
1509,425
1631,425
628,425
537,425
1246,425
1295,425
1551,425
1232,425
1653,425
1597,425
539,425
1655,425
1329,425
542,425
626,425
618,425
745,425
1243,425
958,425
1210,425
1455,425
720,425
583,425
584,425
801,425
884,425
522,425
1464,425
553,425
960,425
438,425
605,425
636,425
1564,425
1607,425
721,425
1530,425
1552,425
413,425
571,425
1205,425
1588,425
993,425
1465,425
572,425
1543,425
1346,425
783,425
1285,425
1456,425
1621,425
1475,425
654,425
657,425
680,425
886,425
927,425
1016,425
1389,425
1457,425
1518,425
1264,425
551,425
935,425
1202,425
1105,425
1468,425
1199,425
633,425
1517,425
593,425
1559,425
592,425
645,425
1545,425
1318,425
689,425
1474,426
820,426
1633,426
680,426
960,426
1543,426
973,426
1255,426
682,426
721,426
1415,426
618,426
1332,426
1403,426
1059,426
1419,426
409,426
1639,426
1203,426
1414,426
755,426
966,426
1393,426
969,426
1396,426
645,426
1280,426
987,426
1448,426
1409,426
984,426
630,426
1264,426
1408,426
395,426
1404,426
623,426
979,426
745,426
724,426
586,426
553,426
806,426
776,426
952,426
1052,426
1173,426
1450,426
1561,426
1449,426
551,426
1202,426
593,426
770,426
1105,426
1533,426
1451,426
558,426
671,426
568,426
1210,426
564,426
571,426
737,426
1329,426
1467,426
1209,426
572,426
569,426
810,426
560,426
871,426
1212,426
1317,426
1298,426
547,426
890,426
1230,426
1229,426
1231,426
536,426
1199,426
548,426
1037,426
542,426
607,426
539,426
1276,426
1290,426
1056,426
1346,426
1345,426
1347,426
1070,426
1424,427
88,427
1266,427
1227,427
1213,427
1040,427
866,427
1521,427
654,427
1655,427
1002,427
1211,427
863,427
1425,427
614,427
1414,427
536,427
1210,427
1466,427
560,427
1471,427
1528,427
1215,427
1391,427
558,427
613,427
1477,427
1449,427
1653,427
551,427
592,427
1199,427
510,427
1435,427
1257,427
661,427
1224,427
1540,427
1394,427
1329,427
673,427
645,427
303,427
813,427
1228,427
306,427
539,427
476,427
417,427
395,427
784,427
674,427
607,427
544,427
1056,427
1404,427
1595,427
1231,427
623,427
1430,427
1247,427
1233,427
564,427
776,427
1136,427
720,427
438,427
1154,427
1053,427
316,427
1631,427
1655,428
275,428
812,428
814,428
919,428
929,428
993,428
1013,428
1300,428
1185,428
1653,428
1187,429
816,429
1529,429
1640,429
721,429
1522,429
1213,429
1040,429
1218,429
1392,429
1556,429
1288,429
1374,429
847,429
987,429
1185,429
1450,429
1138,429
855,429
1516,429
1189,429
1520,429
1264,429
1210,429
1299,429
1204,429
1346,429
1414,429
1376,429
667,429
648,429
1198,429
1199,429
1547,429
1266,429
1490,429
1390,429
1117,429
634,429
1175,429
1269,429
859,429
857,429
849,429
1229,429
1608,429
1233,429
640,429
1566,429
919,429
931,429
740,429
1232,429
1344,429
1318,429
745,429
1313,429
1202,429
1541,429
1341,429
1543,429
636,429
1559,429
1180,429
1217,429
1588,429
1345,429
1597,429
877,429
772,429
1424,429
1296,429
1586,429
874,429
1297,429
881,429
1593,429
1295,429
1002,429
867,430
268,430
881,430
636,430
664,430
1218,430
821,430
628,430
1318,430
292,430
1276,430
923,430
929,430
930,430
931,430
1289,430
1329,430
927,430
637,430
1199,430
1195,430
1198,430
1118,430
634,430
1414,430
1180,430
1556,430
1224,430
1518,430
1522,430
1083,430
626,430
744,430
871,430
864,430
1288,430
893,430
586,430
271,430
841,430
823,430
780,430
869,430
1621,430
1533,430
631,430
1151,430
360,430
1126,430
1516,430
806,430
859,430
268,431
867,431
1295,432
848,432
1629,432
271,432
1450,432
1215,432
1533,432
1415,432
1199,432
1610,432
881,432
1464,432
1594,432
1647,432
766,432
751,432
855,432
1484,432
1241,432
854,432
1037,432
1556,432
1430,432
1217,432
1134,432
1274,432
1056,432
637,432
626,432
930,432
1109,432
1335,432
763,432
1296,432
525,432
628,432
735,432
736,432
1608,432
958,432
1362,432
738,432
750,432
623,432
866,432
945,432
1633,432
764,432
1539,432
876,432
863,432
1566,432
1496,432
1282,432
755,432
417,432
671,432
1208,432
1210,432
1338,432
1218,432
980,432
1578,432
1341,432
1258,432
721,432
670,432
1135,432
560,432
582,432
1101,432
583,432
476,432
1359,432
1299,432
558,432
1482,432
1102,432
1227,432
1321,432
1440,432
723,432
1449,432
1126,432
934,433
534,433
987,433
765,433
636,433
506,433
525,433
1199,433
1435,433
292,433
1318,433
515,433
1089,433
945,433
1254,433
833,433
1547,433
911,433
1528,433
888,433
1289,433
998,433
1430,433
1511,433
1512,433
582,433
1505,433
1514,433
1569,433
1545,433
1134,433
1544,433
268,433
931,433
850,433
1112,433
665,433
1440,433
935,433
1468,433
1524,433
932,433
952,433
1275,433
846,433
1000,433
1255,433
1414,433
1122,433
531,433
1391,433
1363,433
993,433
823,433
528,433
1288,433
1488,433
856,433
1372,433
854,433
1298,433
326,434
1257,434
306,434
553,434
1115,434
1285,434
1217,434
1263,434
1372,434
1482,434
828,434
1559,434
1541,434
1264,434
210,434
648,434
238,434
1145,434
806,434
1021,434
525,434
816,434
259,434
1507,434
583,434
605,434
1294,434
667,434
966,434
1530,434
1318,434
623,434
1517,434
1013,434
499,434
969,434
651,434
500,434
1430,434
534,434
304,434
533,434
964,434
1106,434
890,434
989,434
1002,434
1091,434
881,434
1209,434
1288,434
780,434
952,434
1380,434
1414,434
1292,434
1440,434
1298,434
1471,434
781,434
1333,434
998,434
1362,434
1331,434
320,434
1109,434
1490,434
483,434
1224,434
1532,434
1595,434
1552,434
1639,434
947,434
760,434
1444,434
948,434
558,434
1408,434
1512,434
1236,434
1199,435
1109,435
1310,435
1210,435
1241,435
1507,435
1166,435
1052,435
1340,435
667,435
1082,435
1450,435
1329,435
1346,435
1221,435
1195,435
869,435
1294,435
1330,435
524,435
1653,435
820,435
973,435
841,435
1364,435
1134,435
1133,435
1511,435
889,435
536,435
525,435
1409,435
1164,435
847,435
623,435
1528,435
807,435
1634,435
1509,435
975,435
990,435
582,435
1419,435
828,435
700,435
848,435
1129,435
1202,435
764,435
1324,435
1610,435
1017,435
1566,435
1108,435
238,435
998,435
605,435
935,435
1265,435
259,435
1264,435
508,435
1432,435
1233,435
646,435
1185,435
765,435
919,435
1262,435
1269,435
1037,435
1334,435
1016,435
674,435
496,435
1027,435
1224,435
735,435
685,435
1118,435
1435,435
592,435
1488,435
1633,436
1221,436
228,436
962,436
536,436
1223,436
500,436
888,436
1117,436
1015,436
1450,436
1129,436
483,436
1468,436
1264,436
1126,436
1037,436
1509,436
1643,436
558,436
1508,436
772,436
1496,436
1109,436
1566,436
1262,436
1596,436
1392,436
1151,436
680,436
1562,436
1334,436
665,436
1131,436
292,436
1210,436
1410,436
1212,436
1002,436
1227,436
1559,436
1488,436
1564,436
1232,436
922,436
1247,436
1036,436
1324,436
1052,436
923,436
1116,436
879,436
1411,436
1272,436
1455,436
1385,436
598,436
781,436
1332,436
525,436
1466,436
250,436
1317,436
1451,436
445,436
1035,436
497,436
1136,436
474,436
1122,436
863,436
1215,436
1199,436
998,436
1265,436
1000,436
935,436
1020,436
1229,436
825,436
945,436
670,436
1203,436
1467,436
499,436
1329,436
605,436
1083,436
1266,436
815,436
1608,436
1465,436
1118,436
1639,436
1010,437
951,437
1264,437
1418,437
582,437
1189,437
919,437
990,437
1035,437
1341,437
1332,437
1396,437
900,437
1299,437
1223,437
623,437
745,437
1199,437
1161,437
1353,437
1202,437
605,437
887,437
966,437
912,437
1484,437
1279,437
721,437
979,437
438,437
1256,437
975,437
1022,437
1149,437
1329,437
1514,437
1015,437
630,437
722,437
536,437
547,437
964,437
403,437
1201,437
572,438
1109,438
1430,438
1340,438
1238,438
846,438
614,438
438,438
1418,438
869,438
825,438
1484,438
1168,438
531,438
873,438
876,438
1083,438
1443,438
886,438
406,438
116,438
1185,438
1205,438
1390,438
497,438
862,438
507,438
1227,438
453,438
640,438
505,438
1022,438
474,438
484,438
960,438
908,438
1414,438
1569,438
802,438
626,438
395,438
807,438
848,438
1408,438
563,438
767,438
566,438
1524,438
998,438
621,438
919,438
1566,438
1147,438
623,438
1555,438
833,438
1533,438
798,438
1035,438
1643,439
1766,439
271,439
908,439
1199,439
1341,439
1342,439
1345,439
1185,439
238,439
1320,439
1013,439
986,439
1233,439
1071,439
689,439
998,439
372,439
1256,439
929,439
476,439
445,439
951,439
347,439
369,439
786,439
329,439
1091,439
1032,439
931,439
605,439
947,439
1198,439
1209,439
1288,439
649,439
1615,439
550,439
525,439
553,439
779,439
1214,439
887,439
1640,439
1202,439
701,439
1353,439
1229,439
1290,439
1396,439
395,439
1329,439
1512,439
1597,439
1404,439
1189,439
1331,439
1295,439
911,439
1289,439
881,439
1410,439
1537,439
1371,439
1625,439
1409,439
1374,439
1346,439
1106,439
508,439
234,439
520,439
754,439
1296,439
1521,439
1448,439
1357,439
1474,439
406,439
1522,439
1126,439
922,440
1644,440
1175,440
1448,440
238,440
1016,440
1561,440
1285,440
476,440
1520,440
1388,440
507,440
886,440
809,440
306,440
1419,440
508,440
500,440
723,440
1209,440
1264,440
1586,440
721,440
485,440
1287,440
1161,440
486,440
592,440
1404,440
767,440
593,440
1164,440
479,440
582,440
706,440
856,440
1189,440
1002,440
1294,440
745,440
1198,440
993,440
873,440
645,440
1532,440
643,440
1615,440
1319,440
854,440
1214,440
1389,440
417,440
847,440
1035,440
758,440
1233,440
846,440
1647,440
910,440
525,440
781,440
1482,440
1629,440
754,440
536,440
1185,440
1017,440
628,440
1533,440
558,440
1403,440
534,440
1109,440
1393,440
550,440
1149,440
1333,440
623,440
1070,440
1018,440
945,440
1246,441
1129,441
1213,441
1264,441
1189,441
609,441
537,441
607,441
326,441
820,441
1529,441
1175,441
657,441
962,441
802,441
611,441
1187,441
1321,441
1164,441
592,441
784,441
1168,441
1247,441
531,441
367,441
636,441
907,441
1363,441
1211,441
1199,441
1371,441
1070,441
623,441
1522,441
975,441
517,441
862,441
519,441
1204,441
869,441
1396,441
1488,441
1134,441
626,441
616,441
1209,441
1138,441
292,441
371,441
1024,441
1206,441
854,441
508,441
533,441
327,441
1052,441
855,441
995,441
1299,441
1636,441
1257,441
438,441
727,441
500,441
729,441
1534,441
600,441
1080,441
1231,441
536,441
1313,441
1645,441
372,441
1474,441
737,441
919,441
1541,441
634,441
1276,441
1180,441
1420,441
1398,441
1275,441
986,441
1109,441
817,441
722,441
1561,441
1212,441
1593,441
564,441
1283,441
417,441
1379,441
640,441
1221,441
1377,441
1533,441
1408,441
1258,441
1047,441
1035,441
988,441
715,441
864,441
1402,441
886,441
1015,441
539,441
1288,441
1013,441
1610,441
1430,441
1162,441
1016,441
884,441
1608,441
1056,441
947,441
558,442
560,442
812,442
1126,442
1359,442
998,442
1287,442
980,442
1288,442
1450,442
1282,442
582,442
1147,442
1111,442
1275,442
798,442
1384,442
1449,442
1615,442
1233,442
767,442
1468,442
1607,442
1530,442
1456,442
1594,442
859,442
605,442
607,442
564,442
960,442
1559,442
1541,442
811,442
1540,442
1419,442
935,442
621,442
1189,442
1242,442
1518,442
1521,442
841,442
1243,442
917,442
1532,442
1185,442
614,442
766,442
613,442
1015,442
1332,442
292,442
628,442
1448,442
1183,442
1471,442
1052,442
551,442
1202,442
1566,442
496,442
919,442
1184,442
807,442
1595,442
592,442
569,442
1588,442
1256,442
1334,442
1580,442
1474,442
1264,442
758,442
1269,442
948,442
1382,442
1435,442
810,442
1323,442
809,442
547,442
1030,442
1414,442
1363,442
1331,442
1299,443
1002,443
1080,443
766,443
469,443
1294,443
931,443
1296,443
771,443
1362,443
696,443
653,443
582,443
1332,443
320,443
886,443
1208,443
1220,443
848,443
1136,443
336,443
344,443
1388,443
547,443
734,443
1382,443
1380,443
1318,443
1175,443
521,443
1440,443
490,443
1195,443
1229,443
975,443
662,443
1210,443
1392,443
1435,443
802,443
357,443
1243,443
1262,443
1256,443
522,443
1269,443
764,443
175,443
618,443
531,443
387,443
533,443
910,443
1016,443
234,443
525,443
1233,443
876,443
911,443
524,443
930,443
1257,443
1273,443
1276,443
722,443
961,443
889,443
775,443
1645,443
1383,443
784,443
673,443
665,443
1398,443
721,443
1566,443
1154,443
1596,443
670,443
1275,443
1288,443
1329,443
1608,443
1467,443
1280,443
395,443
1255,443
417,443
767,443
438,443
768,443
1282,443
1185,443
951,443
1082,443
316,443
869,443
684,444
1175,444
1541,444
536,444
479,444
1636,444
561,444
1588,444
1580,444
198,444
563,444
1564,444
1556,444
1552,444
947,444
1590,444
1591,444
1586,444
1108,444
387,444
539,444
528,444
1206,444
175,444
1028,444
1080,444
395,444
306,444
1013,444
1621,444
1619,444
1471,444
525,444
1607,444
1597,444
1596,444
1595,444
1594,444
1506,444
42,444
1593,444
1542,444
1589,444
542,444
1534,444
1531,444
497,444
755,444
758,444
764,444
768,444
779,444
783,444
629,444
1415,444
1209,444
1340,444
821,444
1341,444
609,444
1389,444
823,444
750,444
1330,444
630,444
633,444
560,444
634,444
637,444
738,444
1224,444
1225,444
643,444
1258,444
734,444
1315,444
735,444
737,444
743,444
1532,444
841,444
855,444
571,444
1129,444
1514,444
1519,444
1530,444
1118,444
1566,444
1102,444
1467,444
569,444
1246,444
1122,444
486,444
564,444
1475,444
846,444
1040,444
1466,444
856,444
484,444
857,444
859,444
598,444
648,444
863,444
866,444
1448,444
1449,444
1450,444
1456,444
1491,444
1465,444
1474,444
485,444
107,444
1289,444
664,444
1440,444
646,444
582,444
798,444
1443,444
1391,444
1362,444
1243,444
222,444
1324,444
1408,444
1371,444
1402,444
584,444
1363,444
982,444
1414,444
1653,444
1169,444
1333,444
1383,444
1264,444
46,444
1400,444
1314,444
1353,444
583,444
1288,444
1337,444
347,444
807,444
623,444
1213,444
1404,444
1608,444
1410,444
1374,444
1332,444
1430,444
1400,445
745,445
1439,445
871,445
1119,445
1529,445
582,445
951,445
1457,445
1633,445
1489,445
634,445
1080,445
1634,445
931,445
1230,445
605,445
1215,445
700,445
1262,445
1450,445
515,445
469,445
987,445
31,445
1391,445
346,445
1180,445
234,445
907,445
239,445
360,445
403,445
949,445
657,445
721,445
1392,445
242,445
1296,445
1332,445
1318,445
1221,445
947,445
1465,445
1488,445
1456,445
1394,445
873,445
1440,445
1518,445
1408,445
1421,445
1449,445
929,445
521,445
854,445
1566,445
1204,445
259,445
1458,445
584,445
250,445
751,445
585,445
372,445
692,445
739,445
1265,445
1089,445
1227,445
1474,445
1316,445
607,445
1231,445
737,445
1156,445
1056,445
326,445
271,445
962,445
525,445
1209,445
970,445
773,445
837,445
1190,445
291,445
1384,445
1129,445
1093,445
524,445
387,445
1338,445
523,445
572,445
1432,445
1244,445
210,445
1329,445
1569,445
1396,445
39,445
60,445
1611,445
67,445
806,445
1287,445
1087,445
185,445
1212,445
254,445
1164,445
1013,445
651,445
492,445
1567,445
964,445
1471,445
497,445
786,445
1671,445
984,445
1006,445
1108,445
1590,445
1122,445
701,445
1206,445
1273,445
1315,445
1464,445
1468,445
1516,445
1533,445
522,445
1183,445
1539,445
1535,445
1524,445
1463,445
1071,445
1499,445
1509,445
923,445
1475,445
1264,446
1269,446
1380,446
651,446
126,446
1232,446
1362,446
665,446
1265,446
1082,446
476,446
1286,446
1136,446
336,446
951,446
1195,446
1215,446
1222,446
1283,446
1227,446
503,446
1133,446
515,446
1455,446
1288,446
582,446
521,446
1161,446
1559,446
1409,446
1297,446
1359,446
494,446
485,446
1274,446
499,446
855,446
1109,446
1614,446
1257,446
1348,446
1255,446
1025,446
220,446
1113,446
561,446
445,446
1507,446
910,446
634,446
1349,446
1318,446
1320,446
854,446
1189,446
847,446
807,446
1324,446
1408,446
1333,446
292,446
525,446
611,446
1185,446
1101,446
1341,446
438,446
945,446
1634,446
1608,446
1122,446
633,446
1017,446
1392,446
1221,446
908,446
1074,446
1444,446
250,446
1315,446
1020,446
1258,446
1118,446
1484,446
490,447
1255,447
611,447
1000,447
1167,447
945,447
327,447
1410,447
614,447
848,447
1113,447
1299,447
1394,447
1233,447
1614,447
1093,447
483,447
1485,447
1310,447
508,447
1403,447
1265,447
1391,447
344,447
1514,447
914,447
1441,447
1082,447
923,447
809,447
1175,447
1319,447
633,447
864,447
1230,447
1414,447
1396,447
1380,447
1539,447
1258,447
952,447
1264,447
1653,447
1257,447
1236,447
1275,447
1164,447
1210,447
320,447
1013,447
1449,447
210,447
1263,447
438,447
560,447
1056,447
582,447
768,447
770,447
816,447
968,447
1209,447
994,447
1444,447
1221,447
970,447
1448,447
702,447
869,447
1072,447
1133,447
536,447
1032,447
1359,447
1329,447
1195,447
1106,447
1608,447
1456,447
1437,447
1111,447
1124,447
1357,447
1517,447
1331,447
1274,447
1020,447
1353,447
1256,447
1122,447
585,447
744,447
1296,447
547,447
871,447
1415,447
1352,447
1348,447
1575,447
1346,447
228,448
1643,448
1633,448
873,448
1262,448
1414,448
1258,448
1274,448
1113,448
1190,448
1541,448
1255,448
1087,448
893,448
1417,448
1518,448
917,448
1629,448
1516,448
1449,448
1456,448
1233,448
1210,448
1090,448
960,448
964,448
1208,448
1243,448
1534,448
1080,448
1212,448
1533,448
1257,448
623,448
1246,448
1653,448
1589,448
1482,448
1415,448
1380,448
1522,448
1175,448
1285,448
1221,448
778,448
930,448
817,448
797,448
796,448
671,448
673,448
666,448
1625,448
1545,448
1000,448
1513,448
1168,448
1269,448
751,448
779,448
784,448
1288,448
763,448
1106,448
998,448
979,448
1517,448
72,448
857,448
675,448
605,448
664,448
813,448
1161,448
1147,448
1162,448
1471,448
871,448
1464,448
1451,448
553,448
551,448
922,448
962,448
1314,448
814,448
1621,448
1390,448
807,448
1289,448
1154,448
1639,448
1273,448
1288,449
1518,449
503,449
1517,449
653,449
1614,449
810,449
807,449
1222,449
919,449
1444,449
664,449
1580,449
1639,449
1418,449
1633,449
1636,449
1541,449
1168,449
1408,449
888,449
706,449
654,449
1321,449
1287,449
1025,449
689,449
1457,449
1591,449
778,449
700,449
1116,449
634,449
1610,449
453,449
675,449
1309,449
850,449
645,449
1349,449
637,449
887,449
1299,449
1521,449
1117,449
1353,449
1607,449
186,449
1545,449
1547,449
1391,449
1298,449
640,449
1448,449
1167,449
722,449
1396,449
1332,449
1185,449
1645,449
1430,449
1212,449
1184,449
662,449
82,449
1634,449
506,449
524,449
1594,449
1597,449
737,449
508,449
995,449
1059,449
1324,449
1056,449
1388,449
1455,449
1380,449
1202,449
1459,449
1440,449
1384,449
1631,449
1509,449
872,449
551,449
539,449
1265,449
1201,449
1544,449
649,449
1218,449
1205,449
1451,449
517,449
1499,449
1199,449
662,450
525,450
592,450
1450,450
303,450
1408,450
250,450
651,450
775,450
238,450
485,450
1444,450
815,450
1514,450
473,450
1414,450
1346,450
292,450
1313,450
1457,450
609,450
994,450
1376,450
657,450
476,450
1053,450
1449,450
1353,450
886,450
1316,450
1013,450
961,450
888,450
1636,450
1332,450
1287,450
522,450
320,450
1634,450
494,450
778,450
1372,450
922,450
490,450
817,450
289,450
966,450
816,450
1243,450
783,450
763,450
973,450
1529,450
779,450
521,450
975,450
329,450
249,450
992,450
998,450
1341,450
1254,450
1272,450
234,450
484,450
947,450
1024,450
1633,450
1018,450
1292,450
1017,450
1242,450
1229,450
848,450
949,450
1091,450
1133,450
1099,450
739,450
1238,450
1213,450
1471,450
1218,450
772,450
445,450
1517,450
1528,450
1056,450
499,450
737,450
517,450
661,450
685,450
729,450
774,450
856,450
754,450
474,450
841,450
781,450
572,450
1448,450
876,450
945,450
1437,450
1522,450
1435,450
1052,451
691,451
1647,451
653,451
1184,451
1105,451
1474,451
1518,451
1283,451
930,451
1221,451
949,451
797,451
1202,451
982,451
508,451
1203,451
476,451
664,451
1468,451
1080,451
344,451
1082,451
827,451
884,451
453,451
1147,451
702,451
815,451
816,451
593,451
417,451
515,451
306,451
607,451
814,451
371,451
1419,451
649,451
871,451
1099,451
817,451
645,451
1201,451
1450,451
510,451
409,451
586,451
1540,451
1047,451
1512,451
1180,451
242,451
1530,451
1348,451
582,451
1537,451
558,451
1456,451
671,451
560,451
656,451
1524,451
561,451
680,451
438,451
1377,451
623,451
736,451
1264,451
473,451
922,451
1455,451
621,451
724,451
1032,451
689,451
778,451
807,451
327,451
823,451
1437,451
1166,451
1420,451
758,451
600,451
1532,451
1607,451
572,451
1551,451
234,451
1608,451
636,451
520,451
720,451
1274,451
916,451
750,451
249,451
1528,451
670,451
534,451
1109,451
1164,451
447,451
553,451
1199,451
613,451
1013,451
1449,451
1496,451
533,451
929,451
1035,451
528,451
490,451
754,451
1222,451
772,451
1597,451
1228,451
1227,451
310,451
1233,451
1232,451
1301,451
1450,452
1295,452
1255,452
1185,452
1484,452
1648,452
1402,452
1541,452
1105,452
765,452
951,452
796,452
1590,452
1233,452
995,452
982,452
1509,452
1404,452
1647,452
1353,452
1210,452
990,452
866,452
1414,452
881,452
1457,452
1262,452
1475,452
890,452
992,452
977,452
1017,452
1279,452
1129,452
889,452
1180,452
1202,452
1317,452
1258,452
864,452
1059,452
1474,452
584,452
1221,452
775,452
1227,452
1071,452
758,452
521,452
1529,452
1169,452
1398,452
1614,452
1403,452
1082,452
1164,452
1382,452
1032,452
1440,452
1512,452
1507,452
1521,452
961,452
1359,452
505,452
1520,452
1118,452
1530,452
1309,452
1247,452
1341,452
1380,452
1116,452
772,452
1349,452
1636,452
1211,452
1456,452
1040,452
1396,452
912,452
949,452
1183,452
1113,453
1303,453
671,453
979,453
985,453
1288,453
958,453
662,453
1210,453
438,453
751,453
1294,453
1296,453
1319,453
1415,453
657,453
973,453
1513,453
632,453
605,453
967,453
1610,453
1484,453
558,453
1119,453
1329,453
977,453
1499,453
1301,453
1093,453
592,453
600,453
825,453
1384,453
850,453
975,453
1013,453
682,453
667,453
1496,453
1233,453
914,453
877,453
1211,453
1489,453
623,453
1299,453
618,453
1521,453
1514,453
1595,453
259,453
996,453
893,453
1221,453
1459,453
1231,453
1562,453
864,453
1474,453
1396,453
488,453
1418,453
1056,453
1142,453
1151,453
715,453
1129,453
1209,453
636,453
1257,453
1273,453
1341,453
1643,453
1414,453
524,453
1402,453
1567,453
1440,453
1422,453
993,453
1244,453
1364,453
855,453
1404,453
863,453
531,453
1020,453
1021,453
990,453
525,453
547,453
1283,453
1530,453
271,453
664,453
409,453
1532,453
1529,453
550,453
1076,454
1490,454
1532,454
764,454
866,454
893,454
1417,454
1533,454
1002,454
1449,454
623,454
350,454
344,454
1056,454
327,454
291,454
1332,454
320,454
1137,454
667,454
846,454
1608,454
696,454
539,454
975,454
438,454
754,454
1357,454
558,454
910,454
1199,454
969,454
680,454
1455,454
1006,454
1404,454
973,454
1297,454
1319,454
736,454
1530,454
1013,454
1187,454
633,454
1249,454
891,454
952,454
523,454
1025,454
959,454
1019,454
750,454
982,454
841,454
1015,454
1543,454
1621,454
1552,454
1071,454
1090,454
1279,454
1072,454
1022,454
1559,454
1080,454
1210,454
645,454
1228,454
1639,454
1338,454
994,454
1625,454
1372,454
517,454
1437,454
1316,454
1195,454
1615,454
1653,454
551,454
1325,454
586,454
1221,454
685,454
1474,454
1212,454
873,454
919,454
1215,454
1547,454
1345,454
961,454
1288,454
689,454
848,454
1346,454
1348,454
592,454
1020,454
303,454
1647,454
1289,454
989,454
1464,454
666,454
292,454
856,455
721,455
1562,455
729,455
1329,455
600,455
1457,455
1023,455
521,455
372,455
250,455
656,455
584,455
806,455
922,455
1402,455
817,455
1594,455
645,455
1243,455
849,455
1340,455
751,455
863,455
850,455
887,455
1346,455
770,455
1210,455
857,455
754,455
248,455
403,455
670,455
667,455
758,455
357,455
750,455
964,455
864,455
1364,455
1619,455
1233,455
680,455
810,455
1236,455
828,455
1533,455
1289,455
1537,455
1543,455
755,455
763,455
911,455
240,455
1341,455
1430,455
550,455
1287,455
740,455
344,455
336,455
760,455
292,455
762,455
873,455
1290,455
1080,455
807,455
1205,455
1279,455
522,455
507,455
665,455
1372,455
1255,455
1448,455
547,455
1247,455
1119,455
1248,455
1241,455
649,455
1322,455
1578,455
1314,455
1425,455
360,455
1288,455
1202,455
1292,455
1482,455
1137,455
1392,455
1455,455
1357,455
605,455
1013,456
1007,456
1194,456
1280,456
760,456
823,456
1131,456
409,456
1568,456
784,456
1202,456
820,456
1000,456
469,456
372,456
754,456
780,456
1484,456
1324,456
767,456
1113,456
1109,456
1118,456
776,456
616,456
1024,456
786,456
1262,456
1199,456
682,456
1593,456
1442,456
1507,456
968,456
1569,456
1404,456
1106,456
1020,456
891,456
800,456
1224,456
1122,456
1136,456
951,456
1653,456
1347,456
1408,456
1440,456
1467,456
1209,456
1126,456
1233,456
1243,456
506,456
911,456
1331,456
1517,456
1346,456
1257,456
1345,456
1269,456
1275,456
1647,456
744,456
1276,456
1319,456
884,456
1242,456
846,456
1211,456
510,456
610,456
1320,456
1322,456
1340,456
743,456
995,456
1185,456
1625,456
969,456
1566,456
1379,456
850,456
1230,456
1329,456
1266,456
1528,456
1332,456
628,456
1111,456
872,456
833,456
1508,456
367,456
992,456
1161,456
1175,456
1532,456
1246,456
1595,456
369,456
1542,456
387,456
187,456
648,457
344,457
1225,457
525,457
1080,457
680,457
1023,457
474,457
656,457
1532,457
1543,457
369,457
1559,457
1243,457
1324,457
531,457
947,457
876,457
760,457
1019,457
1093,457
1608,457
1505,457
1288,457
1374,457
890,457
210,457
371,457
592,457
1593,457
916,457
360,457
1248,457
927,457
1346,457
640,457
1018,457
939,457
1299,457
508,457
650,457
510,457
1122,457
1205,457
1220,457
1330,457
1443,457
616,457
1041,457
1318,457
1233,457
1450,457
1083,457
499,457
1508,457
372,457
1027,457
1024,457
653,457
1400,457
1459,457
500,457
395,457
547,457
1516,457
802,457
1210,457
740,457
1329,457
1016,457
684,457
1166,457
496,457
977,457
1411,457
1564,457
1175,457
891,457
1519,457
522,457
930,457
633,457
1227,457
996,457
1035,457
503,457
1633,457
1534,457
1232,457
1415,457
737,457
634,457
1046,457
1513,457
862,457
1518,457
1102,457
1217,457
1241,457
1101,457
821,457
1643,458
551,458
1576,458
1634,458
613,458
316,458
1363,458
326,458
1162,458
1422,458
360,458
1511,458
626,458
1513,458
525,458
979,458
1299,458
417,458
1131,458
1468,458
715,458
1403,458
1488,458
763,458
1537,458
1210,458
1443,458
1290,458
1288,458
938,458
1338,458
1633,458
1484,458
605,458
303,458
1224,458
572,458
1647,458
531,458
1347,458
1025,458
1642,458
1779,458
1269,458
863,458
765,458
723,458
1586,458
1076,458
1185,458
483,458
320,458
1534,458
1180,458
488,458
653,458
807,458
872,458
1455,458
1631,458
952,458
1313,458
985,458
990,458
739,458
735,458
740,458
540,458
336,458
1023,458
1645,458
1332,458
815,458
387,458
977,458
975,458
937,458
929,458
1019,458
1262,458
553,458
1279,458
796,458
973,458
1301,458
1244,459
755,459
1015,459
767,459
525,459
291,459
1013,459
623,459
879,459
1242,459
977,459
1131,459
682,459
1414,459
765,459
1630,459
1211,459
739,459
1109,459
1243,459
1221,459
1417,459
922,459
598,459
737,459
1202,459
592,459
724,459
500,459
503,459
887,459
1117,459
1119,459
479,459
702,459
605,459
722,459
1223,459
1173,459
973,459
1475,459
1314,459
438,459
344,459
1380,459
584,459
1440,459
593,459
600,459
715,459
483,459
1184,459
805,459
1374,459
1371,459
1101,459
1653,459
558,459
1418,459
360,459
259,459
1083,459
519,459
1168,459
634,459
520,459
1210,459
778,459
998,459
680,459
524,459
1203,459
1288,459
1105,459
1316,459
1220,459
1289,459
508,459
550,459
515,459
1111,459
1457,459
1338,459
1071,459
948,459
1346,460
1345,460
890,460
722,460
1313,460
1459,460
1456,460
1482,460
558,460
1353,460
485,460
738,460
879,460
931,460
1283,460
1552,460
1256,460
1451,460
1404,460
1522,460
1089,460
815,460
630,460
1539,460
685,460
438,460
767,460
1330,460
1329,460
1151,460
1145,460
1408,460
670,460
1209,460
1118,460
1590,460
1255,460
1341,460
1009,460
968,460
967,460
966,460
1264,460
488,460
1147,460
542,460
1608,460
637,460
1214,460
634,460
583,460
592,460
1376,460
250,460
479,460
354,460
372,460
1262,460
1384,460
1213,460
1224,460
1607,460
723,460
959,460
1383,460
736,460
1467,460
1489,460
1175,460
1543,460
1578,460
336,460
1331,460
563,460
1640,460
856,460
675,460
1647,460
1296,460
1645,460
1385,460
1586,460
1393,460
995,460
252,460
536,460
1236,460
886,460
1653,460
922,460
923,460
1288,460
1020,460
998,460
1212,460
1569,460
702,460
1371,460
1316,460
1002,460
1070,460
1415,460
372,461
1185,461
1211,461
1264,461
1409,461
996,461
960,461
1016,461
1546,461
1411,461
1408,461
1474,461
1221,461
531,461
650,461
1285,461
872,461
445,461
886,461
506,461
497,461
919,461
175,461
1210,461
387,461
922,461
1404,461
1607,461
1566,461
279,461
329,461
817,461
888,461
636,461
815,461
1214,461
1396,461
520,461
292,461
542,461
326,461
228,461
447,461
937,461
1377,461
486,461
1559,461
474,461
1481,461
453,461
395,461
476,461
1102,461
1539,461
1537,461
1496,461
1448,461
1385,461
1359,461
1357,461
1249,461
1175,461
800,461
1111,461
1037,461
1090,461
1036,461
792,461
553,461
682,461
722,461
469,461
515,461
772,461
1272,461
1294,461
1213,461
770,461
977,461
1529,461
1530,461
1578,461
998,461
869,461
1142,461
1052,461
1567,461
1280,461
1289,461
962,461
1173,461
593,461
1450,461
1274,461
1030,461
1534,461
1608,461
561,461
1435,461
1418,461
605,461
1415,461
1199,461
1009,461
939,461
626,461
1518,461
1482,461
505,461
528,461
959,461
914,461
893,461
802,461
889,461
866,461
479,461
827,461
833,461
786,461
783,461
1467,461
631,461
572,461
1185,462
1215,462
945,462
438,462
344,462
561,462
1379,462
1332,462
947,462
1468,462
1317,462
320,462
1330,462
1129,462
919,462
568,462
445,462
1227,462
1414,462
1419,462
490,462
1199,462
1194,462
403,462
611,462
613,462
614,462
964,462
616,462
962,462
1221,462
610,462
1030,462
1372,462
536,462
1275,462
1324,462
539,462
666,462
1233,462
979,462
1403,462
1404,462
817,462
395,462
1392,462
1276,462
1363,462
1377,462
540,462
648,462
653,462
917,462
973,462
1022,462
1435,462
607,462
1562,462
1047,462
869,462
505,462
1457,462
1229,462
1169,462
806,462
801,462
531,462
948,462
1109,462
939,462
303,462
609,462
1256,462
1521,462
855,462
310,462
1516,462
413,462
996,462
1517,462
1023,462
1640,462
1629,462
1588,462
1506,462
1315,462
805,462
706,462
550,462
453,462
560,462
854,462
558,462
387,462
1346,462
1056,462
1505,462
1006,462
1002,462
988,462
553,462
1408,462
989,462
1296,462
1411,462
995,462
1507,462
1292,463
571,463
1639,463
453,463
523,463
563,463
517,463
744,463
336,463
525,463
1233,463
1187,463
630,463
536,463
633,463
1059,463
387,463
533,463
1420,463
1349,463
815,463
1653,463
279,463
1276,463
1329,463
938,463
1418,463
1213,463
610,463
1640,463
1194,463
975,463
911,463
1545,463
1544,463
320,463
764,463
636,463
1419,463
1408,463
1409,463
607,463
1313,463
1531,463
1615,463
1013,463
771,463
1032,463
779,463
1315,463
289,463
326,463
292,463
786,463
1246,463
962,463
768,463
706,463
228,463
701,463
1481,463
1212,463
1109,463
584,463
1608,463
1117,463
1028,463
763,463
1264,463
1314,463
1282,463
1334,463
1588,463
671,463
1227,463
1102,463
1164,463
1166,463
1396,463
1437,463
1432,463
372,463
1232,463
1474,463
1234,463
673,463
1149,463
1129,463
986,463
980,463
977,463
876,463
1154,463
666,463
973,463
1283,463
1206,463
966,463
1516,463
1580,464
240,464
1419,464
1488,464
1437,464
485,464
259,464
1341,464
571,464
484,464
344,464
813,464
670,464
1315,464
874,464
1122,464
1228,464
1288,464
1546,464
494,464
248,464
1410,464
891,464
350,464
1208,464
767,464
629,464
1485,464
1224,464
1440,464
1202,464
1435,464
1209,464
539,464
1213,464
931,464
1532,464
1133,464
1116,464
1588,464
1264,464
631,464
1475,464
986,464
551,464
923,464
613,464
1109,464
564,464
847,464
1233,464
848,464
372,464
1544,464
1545,464
959,464
1456,464
403,464
1466,464
656,464
1359,464
572,464
1324,464
517,464
1372,464
1323,464
623,464
1227,464
871,464
1313,464
320,464
1374,464
1506,464
520,464
691,464
1138,464
1524,464
1594,464
1030,464
600,464
560,464
607,464
1507,464
964,464
523,464
1477,464
210,464
649,464
533,464
524,464
970,464
413,464
582,464
1403,464
1533,464
279,464
664,464
1080,464
770,464
1087,464
242,464
1319,464
962,464
626,464
645,464
1164,464
417,464
1320,464
1051,464
1056,464
1541,464
483,464
1183,464
1296,464
540,464
609,464
1053,464
1474,465
828,465
344,465
984,465
1230,465
947,465
631,465
1332,465
990,465
1482,465
998,465
500,465
891,465
520,465
721,465
723,465
1210,465
510,465
1346,465
886,465
522,465
548,465
1234,465
1392,465
1529,465
1013,465
766,465
1263,465
508,465
506,465
1329,465
1645,465
1532,465
1227,465
1519,465
1105,465
1341,465
1024,465
1047,465
1116,465
1214,465
505,465
1511,465
1522,465
1022,465
979,465
1283,465
798,465
582,465
1379,465
859,465
737,465
1457,465
413,465
572,465
1566,465
1248,465
571,465
1524,465
1243,465
1131,465
1228,465
1292,465
1562,465
800,465
1382,465
1537,465
1541,465
1301,465
873,465
817,465
1255,465
775,465
605,465
354,465
964,465
764,465
445,465
772,465
531,465
771,465
1485,465
592,465
1466,465
1629,465
1633,465
360,465
1147,465
1437,465
1256,465
1653,465
1129,465
651,465
1322,465
1037,465
706,465
776,465
1383,465
598,465
564,465
1352,465
1017,465
805,465
635,465
1083,465
563,465
665,466
754,466
1053,466
1217,466
1344,466
1349,466
1254,466
1607,466
1118,466
1629,466
947,466
360,466
1522,466
722,466
1164,466
1449,466
248,466
1475,466
1496,466
156,466
1415,466
1414,466
1264,466
1430,466
786,466
1589,466
664,466
584,466
1242,466
1448,466
560,466
670,466
661,466
755,466
292,466
763,466
1318,466
1030,466
1509,466
863,466
344,466
1244,466
1091,466
995,466
1255,466
1108,466
1145,466
1610,466
1035,466
1647,466
1210,466
1456,466
1417,466
282,466
729,466
1249,466
871,466
519,466
1653,466
1175,466
1082,466
1410,466
1002,466
1588,466
1532,466
1320,466
1198,466
1636,466
1331,466
988,466
558,466
1541,466
800,466
1024,466
805,466
736,466
1101,466
628,466
1544,466
1199,466
1227,466
1274,466
967,466
739,466
553,466
1451,466
609,466
1346,466
823,466
985,466
1297,466
927,466
986,466
1232,466
1537,466
1345,466
1332,466
1615,466
1634,466
485,466
1241,466
1377,466
1116,466
1147,466
964,466
1392,466
1455,466
1362,466
1490,466
316,466
568,466
1530,466
1507,466
945,466
662,466
536,467
1230,467
737,467
1551,467
871,467
560,467
558,467
848,467
1122,467
1080,467
821,467
564,467
998,467
1169,467
1256,467
1468,467
1380,467
722,467
734,467
779,467
1254,467
329,467
162,467
1389,467
531,467
372,467
855,467
1273,467
539,467
854,467
360,467
1151,467
1217,467
1376,467
357,467
259,467
847,467
1317,467
869,467
1199,467
113,467
1315,467
1020,467
525,467
1514,467
1347,467
675,467
481,467
661,467
94,467
1545,467
745,467
483,467
640,467
1443,467
395,467
1595,467
1633,467
629,467
486,467
891,467
1093,467
1002,467
520,467
1621,467
1140,467
662,467
654,467
1619,467
701,467
1448,467
780,467
849,467
1129,467
993,467
653,467
645,467
689,467
1411,467
490,467
1402,467
1396,467
1208,467
551,467
1111,467
1450,467
988,467
664,467
522,467
994,467
1202,467
887,467
1232,467
479,467
1234,467
910,467
721,467
447,467
1404,467
1246,467
1233,467
1018,467
1213,467
1126,467
550,467
1331,467
1316,467
1409,467
292,468
722,468
234,468
850,468
1180,468
1294,468
607,468
1457,468
1317,468
469,468
735,468
1509,468
1342,468
497,468
1099,468
1530,468
1224,468
1333,468
755,468
1218,468
1217,468
1243,468
841,468
1209,468
1202,468
1244,468
1533,468
1471,468
923,468
1189,468
1296,468
271,468
737,468
801,468
828,468
1246,468
821,468
1647,468
547,468
811,468
879,468
886,468
121,468
1547,468
1614,468
1233,468
1090,468
825,468
1301,468
1056,468
1363,468
723,468
413,468
1117,468
721,468
291,468
666,468
417,468
1013,468
1414,468
1529,468
1645,468
1357,468
1194,468
780,468
1391,468
1288,468
1451,468
403,468
1256,468
310,468
505,468
1532,468
764,468
869,468
1223,468
876,468
326,468
1415,468
855,468
1140,468
1199,468
798,468
1393,468
762,468
664,468
1475,468
1477,468
1297,468
1220,468
1214,468
534,468
961,469
801,469
966,469
800,469
1593,469
1403,469
360,469
1634,469
680,469
1614,469
959,469
979,469
1325,469
1566,469
765,469
234,469
968,469
645,469
962,469
923,469
496,469
1508,469
771,469
797,469
1080,469
1279,469
1116,469
634,469
403,469
1299,469
1321,469
1056,469
469,469
779,469
564,469
1036,469
975,469
1451,469
1521,469
584,469
413,469
453,469
561,469
1578,469
1282,469
1076,469
1364,469
1465,469
623,469
528,469
531,469
1035,469
1653,469
1227,469
1419,469
547,469
494,469
1422,469
1341,469
1329,469
1024,469
1319,469
540,469
1435,469
536,469
1455,469
500,469
626,469
551,469
890,469
572,469
503,469
1359,469
1471,469
1424,469
523,469
525,469
1596,469
522,469
1006,469
250,469
372,469
1330,469
445,469
1507,469
1484,469
814,469
292,469
1009,469
1512,469
3,470
67,470
1074,470
970,470
1233,470
1082,470
110,470
772,470
1422,470
1147,470
881,470
1585,470
1056,470
863,470
1559,470
538,470
1143,470
1022,470
935,470
520,470
344,470
259,470
1490,470
724,470
982,470
807,470
1456,470
539,470
705,470
1298,470
1346,470
540,470
367,470
1402,470
1408,470
1233,471
329,471
1175,471
751,471
1330,471
1221,471
1210,471
1231,471
336,471
1194,471
1131,471
675,471
1232,471
623,471
734,471
1199,471
1224,471
1122,471
607,471
1410,471
1212,471
1228,471
1411,471
1276,471
1205,471
1569,471
1430,471
1471,471
1217,471
344,471
1333,471
1223,471
1154,471
1552,471
1537,471
1028,471
488,471
935,471
1288,471
1289,471
1275,471
958,471
1621,471
1241,471
1364,471
367,471
1593,471
1596,471
540,471
586,471
1021,471
537,471
985,471
1496,471
737,471
807,471
510,471
292,471
800,471
1006,471
984,471
1564,471
1566,471
252,471
474,471
995,471
1385,471
1420,471
966,471
372,471
1418,471
279,471
1539,471
1543,471
1262,471
1388,471
250,471
1551,471
1024,471
629,471
1341,471
536,471
1009,471
996,471
585,471
1456,471
975,472
1227,472
45,472
1224,472
1531,472
536,472
837,472
890,472
947,472
884,472
886,472
1199,472
927,472
1210,472
1202,472
1645,472
995,472
889,472
1511,472
1414,472
162,472
1440,472
1059,472
473,472
990,472
987,472
945,472
1359,472
134,472
1221,472
988,472
1017,472
1630,472
1364,472
1491,472
859,472
1489,472
510,472
1285,472
1329,472
547,472
800,472
1071,472
1567,472
413,472
722,472
157,472
1374,472
1264,472
964,472
417,472
982,472
958,472
1093,472
1589,472
1118,472
1052,472
164,472
505,472
1608,472
1269,472
1233,472
447,472
1633,472
1213,472
1283,472
1231,472
1289,472
564,472
1019,472
350,472
1394,472
1088,472
973,472
828,472
887,472
1330,472
817,472
1083,472
809,472
1243,472
968,472
807,472
959,472
646,472
507,473
908,473
621,473
623,473
1131,473
500,473
584,473
720,473
779,473
1485,473
1175,473
1202,473
447,473
445,473
1449,473
1338,473
1341,473
1352,473
626,473
1213,473
1578,473
395,473
653,473
1274,473
438,473
674,473
912,473
654,473
828,473
409,473
701,473
640,473
637,473
496,473
949,473
700,473
413,473
1580,473
947,473
702,473
1491,473
1137,473
648,473
930,473
1101,473
1474,473
948,473
1262,473
784,473
1030,473
1021,473
1398,473
1396,473
1393,473
1221,473
786,473
508,473
1233,473
1083,473
1290,473
847,473
614,473
1288,473
367,473
1594,473
778,473
369,473
1074,473
1222,473
515,473
1315,473
1403,473
350,473
1002,473
1264,473
1566,473
360,473
886,473
628,473
630,474
1175,474
1544,474
1037,474
561,474
1555,474
558,474
737,474
616,474
1180,474
551,474
807,474
721,474
1333,474
1594,474
1450,474
1211,474
973,474
1118,474
1088,474
767,474
1566,474
763,474
1129,474
347,474
960,474
1265,474
1059,474
1243,474
1264,474
754,474
571,474
1288,474
1080,474
1040,474
607,474
417,474
778,474
1242,474
720,474
1505,474
1296,474
1567,474
935,474
550,474
525,474
528,474
486,474
1016,474
938,474
618,474
1116,474
534,474
531,474
1615,474
1484,474
613,474
1372,474
1204,474
1402,474
995,474
977,474
162,474
1206,474
1093,474
515,474
1006,474
505,474
521,474
812,474
996,474
1056,474
993,474
519,474
1507,474
1019,474
547,474
1528,474
1113,474
1021,474
1341,474
975,474
1344,474
1013,474
1108,474
1349,474
1221,474
1513,474
1059,475
1126,475
250,475
1099,475
964,475
966,475
303,475
505,475
490,475
252,475
916,475
1116,475
1247,475
1246,475
1276,475
1440,475
1329,475
1444,475
960,475
1105,475
846,475
271,475
751,475
1451,475
680,475
722,475
1424,475
1007,475
1224,475
539,475
1349,475
1403,475
1314,475
1404,475
1408,475
540,475
1409,475
1410,475
1290,475
1257,475
347,475
1215,475
1334,475
1201,475
1325,475
1320,475
1353,475
1292,475
1280,475
1299,475
1337,475
1519,475
582,475
1212,475
1389,475
1264,475
1322,475
1414,475
1310,475
1324,475
1249,475
1221,475
1411,475
1537,475
609,475
1608,475
1555,475
1507,475
1199,475
1517,475
1522,475
1578,475
661,475
1521,475
1564,475
1524,475
1556,475
1147,475
1233,475
1518,475
550,475
1269,475
700,475
727,475
1625,475
525,475
1552,475
500,475
1505,475
438,475
980,475
614,475
1056,475
607,475
629,475
1533,475
1534,475
1274,476
1244,476
1285,476
1053,476
1275,476
1247,476
1233,476
1080,476
1255,476
1511,476
1241,476
1263,476
354,476
765,476
1265,476
1131,476
1533,476
357,476
1262,476
1269,476
1236,476
848,476
525,476
1315,476
1417,476
1499,476
1000,476
1422,476
1440,476
1449,476
993,476
1457,476
1467,476
1633,476
1507,476
1518,476
1537,476
1615,476
1634,476
960,476
438,476
289,476
1404,476
1394,476
1383,476
1047,476
1288,476
1296,476
1346,476
1297,476
801,476
977,476
985,476
802,476
979,476
1116,476
326,476
371,476
1017,476
1436,476
1334,476
1338,476
1352,476
1353,476
807,476
1508,476
1224,476
665,476
1185,476
645,476
1264,476
1088,476
630,476
162,476
680,476
623,476
1211,476
1210,476
1089,476
1213,476
1090,476
657,476
1126,476
643,476
1214,476
1222,476
1295,476
986,476
1364,476
758,476
564,476
1136,476
809,477
1032,477
813,477
1388,477
1201,477
584,477
551,477
1122,477
550,477
540,477
1199,477
1052,477
1499,477
825,477
1108,477
1106,477
628,477
1023,477
564,477
720,477
568,477
1488,477
560,477
445,477
1138,477
1269,477
684,477
959,477
1118,477
1119,477
1477,477
1474,477
1481,477
1482,477
500,477
1475,477
949,477
1509,477
1512,477
951,477
990,477
994,477
474,477
1449,477
1444,477
525,477
524,477
521,477
1400,477
882,477
1089,477
1295,477
1639,477
572,477
510,477
908,477
912,477
1432,477
1539,477
760,477
1198,477
856,477
1249,477
1233,477
740,477
737,477
1283,477
722,477
814,477
743,477
1007,477
1415,477
1246,477
762,477
1080,477
729,477
1076,477
1194,477
1264,477
1402,477
1082,477
1234,477
533,478
1254,478
751,478
1002,478
519,478
1414,478
1338,478
1341,478
1415,478
1337,478
1335,478
1027,478
540,478
520,478
1359,478
1345,478
1588,478
1388,478
525,478
877,478
1392,478
1610,478
1342,478
582,478
886,478
1183,478
1187,478
1456,478
1424,478
738,478
775,478
975,478
1243,478
1329,478
938,478
474,478
1519,478
609,478
613,478
1544,478
1546,478
1597,478
445,478
964,478
1082,478
607,478
1619,478
1425,478
1332,478
503,478
1569,478
996,478
1474,478
1198,478
1296,478
1514,478
1221,478
1482,478
1210,478
750,478
739,478
1241,478
1313,478
1292,478
1290,478
476,478
1485,478
671,478
1362,478
1279,478
1323,478
1213,478
1517,478
780,478
600,478
1288,478
1255,478
1317,478
371,478
770,478
871,478
162,478
1257,478
1089,478
816,478
715,478
1432,478
1137,478
1506,478
815,478
766,478
1411,478
329,479
623,479
210,479
1040,479
869,479
779,479
1105,479
1213,479
1212,479
1166,479
563,479
1415,479
1210,479
572,479
656,479
1273,479
279,479
1112,479
626,479
628,479
631,479
1185,479
571,479
1517,479
879,479
598,479
1411,479
1002,479
553,479
684,479
1371,479
1255,479
252,479
533,479
1533,479
240,479
884,479
523,479
700,479
558,479
1520,479
696,479
1547,479
1544,479
542,479
1201,479
670,479
569,479
326,479
550,479
1249,479
1556,479
1566,479
1569,479
593,479
661,479
1456,479
1645,479
677,479
1455,479
841,479
833,479
592,479
1541,479
1264,479
1484,479
1382,479
702,479
1380,479
1519,479
1451,479
1376,479
1199,479
584,479
1108,479
671,479
616,479
586,479
1383,479
486,480
781,480
993,480
1211,480
1534,480
1164,480
1243,480
1471,480
1488,480
1185,480
1467,480
1167,480
372,480
856,480
479,480
1285,480
1236,480
623,480
1145,480
1639,480
1072,480
584,480
1222,480
453,480
1610,480
1227,480
1118,480
1506,480
959,480
801,480
640,480
607,480
485,480
259,480
1591,480
962,480
1530,480
1404,480
1400,480
1319,480
1175,480
1154,480
1122,480
1465,480
1053,480
1169,480
1542,480
863,480
864,480
700,480
758,480
872,480
1301,480
869,480
1544,480
1457,480
1080,480
879,480
1000,480
1418,480
1210,480
1007,480
1006,480
1318,480
990,480
1202,480
609,480
1021,480
547,480
1331,480
737,480
630,480
825,480
1199,480
1025,480
951,480
751,480
823,480
1109,480
631,480
1398,480
1217,480
1108,480
558,480
561,480
1183,480
1173,480
720,480
1435,480
797,480
1201,480
1083,480
1187,480
1310,480
764,480
715,480
912,480
1342,480
995,480
919,481
1566,481
631,481
289,481
1629,481
722,481
403,481
271,481
395,481
1417,481
1385,481
531,481
387,481
751,481
1388,481
1567,481
413,481
1645,481
727,481
1332,481
914,481
1227,481
859,481
634,481
447,481
729,481
1551,481
292,481
1119,481
821,481
1212,481
735,481
525,481
564,481
628,481
616,481
524,481
1440,481
1396,481
1297,481
1296,481
372,481
560,481
1294,481
886,481
945,481
259,481
515,481
645,481
887,481
336,481
486,481
1321,481
1451,481
723,481
762,481
758,481
623,481
871,481
320,481
929,481
715,481
855,481
1524,481
876,481
937,481
481,481
1630,481
1633,481
1214,481
1105,481
1059,481
1333,481
1541,481
1317,481
984,481
1329,481
1319,481
1528,481
1111,481
1534,481
985,481
1164,481
979,481
1202,481
1334,481
1052,481
1364,481
1180,481
975,481
1625,481
1435,481
1203,482
1111,482
1210,482
674,482
1591,482
945,482
1562,482
1116,482
800,482
1199,482
979,482
1227,482
816,482
1117,482
735,482
661,482
784,482
653,482
879,482
1105,482
876,482
654,482
1533,482
1353,482
479,482
1415,482
1102,482
1414,482
779,482
634,482
1518,482
864,482
1341,482
664,482
780,482
640,482
734,482
1214,482
1099,482
1475,482
1408,482
473,482
949,482
645,482
671,482
873,482
616,482
1323,482
1593,482
1608,482
605,482
975,482
1317,482
1288,482
817,482
689,482
754,482
881,482
1443,482
1507,482
1334,482
1229,482
445,482
1183,482
1420,482
1310,482
1255,482
1329,482
796,482
560,482
1304,482
680,482
417,482
1332,482
1221,482
1349,482
1450,482
613,482
766,482
951,482
1000,482
813,482
736,482
1430,482
988,482
1037,482
1391,482
611,482
1459,482
553,482
1109,482
751,482
558,482
1566,482
1292,483
680,483
998,483
499,483
1053,483
1166,483
1567,483
486,483
889,483
1285,483
811,483
1199,483
551,483
1243,483
856,483
607,483
1329,483
813,483
1466,483
1024,483
841,483
1288,483
292,483
1296,483
1295,483
1614,483
1030,483
1340,483
1341,483
1221,483
240,483
1002,483
666,483
650,483
1408,483
780,483
778,483
1262,483
1593,483
230,483
1566,483
271,483
1353,483
1363,483
1037,483
623,483
1032,483
685,483
684,483
1314,483
1490,483
1117,483
250,483
403,483
490,483
1471,483
310,483
989,483
1020,483
485,483
1140,483
1597,483
320,483
722,483
473,483
316,483
303,483
1555,483
947,483
744,483
453,483
326,483
210,483
481,483
1173,483
951,483
1522,483
1564,483
887,483
1180,483
884,483
1415,483
1091,483
762,483
438,483
696,483
248,483
1457,483
417,483
228,484
1022,484
1437,484
623,484
990,484
980,484
886,484
1422,484
1376,484
633,484
1212,484
1210,484
1404,484
827,484
508,484
1398,484
1185,484
1208,484
1465,484
1040,484
1396,484
1533,484
1195,484
1217,484
1288,484
784,484
1056,484
1522,484
1459,484
1610,484
1380,484
1362,484
1541,484
986,484
1466,484
1449,484
1647,484
1389,484
1471,484
729,484
1341,484
1088,484
879,484
874,484
859,484
841,484
1578,484
857,484
1023,484
553,484
737,484
643,484
1329,484
1099,484
975,484
1586,484
1324,484
1318,484
1323,484
815,484
524,484
413,484
279,484
881,484
531,484
1596,484
724,484
973,484
1345,484
1348,484
1513,484
1203,484
1228,484
979,484
1337,484
1032,484
1334,484
1333,484
1332,484
1317,484
1009,484
48,484
1292,484
1269,484
1230,484
1093,484
1394,484
515,484
995,484
240,484
1653,484
1118,484
1105,484
700,484
751,484
1140,484
884,484
510,484
1134,484
1648,484
242,484
939,484
1559,484
1218,484
592,484
970,484
1621,484
1015,484
1149,484
1542,484
1173,484
1402,484
1392,484
1388,484
235,484
500,484
996,484
1116,484
1496,484
210,484
762,484
291,484
1013,484
764,484
675,484
108,484
271,484
1464,484
1444,484
1643,484
1507,484
519,485
1275,485
763,485
1567,485
531,485
1282,485
494,485
1134,485
643,485
754,485
1296,485
1450,485
508,485
238,485
727,485
1456,485
1552,485
292,485
306,485
862,485
490,485
289,485
1243,485
1257,485
1578,485
1316,485
1345,485
1266,485
1631,485
1424,485
1309,485
1610,485
584,485
765,485
766,485
1324,485
1551,485
881,485
907,485
1274,485
1330,485
1246,485
964,485
1287,485
1329,485
1283,485
1576,485
438,485
857,485
291,485
1133,485
744,485
1481,485
1566,485
649,485
326,485
1208,485
1371,485
800,485
1580,485
1183,485
973,485
1408,485
1402,485
1511,485
626,485
1210,485
1224,485
1023,485
1385,485
320,485
234,485
240,485
1318,485
1496,485
1394,485
630,485
228,485
1036,485
537,485
869,485
523,485
1047,485
1484,485
1258,485
1362,485
1083,485
1289,485
1532,485
1299,485
1341,485
1337,485
1435,485
344,485
372,485
1080,485
1101,485
623,485
533,485
990,485
635,485
485,485
534,485
1485,485
481,485
1507,485
1264,486
1129,486
1116,486
1524,486
1056,486
917,486
1083,486
1126,486
1187,486
1206,486
850,486
1224,486
1199,486
810,486
809,486
1225,486
1329,486
1238,486
1036,486
1223,486
1108,486
737,486
1209,486
249,486
1167,486
1070,486
1625,486
993,486
1147,486
989,486
766,486
1263,486
670,486
1254,486
240,486
292,486
1464,486
1543,486
1645,486
1456,486
496,486
372,486
986,486
1185,486
1074,486
291,486
919,486
1371,486
520,486
833,486
533,486
1002,486
772,486
1210,486
1455,486
1382,486
1450,486
525,486
1619,486
242,486
347,486
445,486
486,486
537,486
547,486
488,486
623,486
1546,486
1491,486
1418,486
536,486
1424,486
1353,486
539,486
1430,486
1009,486
1634,486
1138,486
413,486
945,486
1588,486
1636,486
369,486
951,486
403,486
973,486
438,486
964,486
1335,486
1388,486
560,486
966,486
1643,486
524,486
521,486
949,486
1357,486
1505,486
1518,486
1537,486
1534,486
1499,486
476,486
948,486
640,486
531,486
871,487
1475,487
1567,487
1288,487
1000,487
1006,487
882,487
1009,487
1187,487
1090,487
649,487
1417,487
1408,487
582,487
650,487
469,487
1002,487
568,487
1164,487
1608,487
662,487
1415,487
1116,487
1490,487
1518,487
1514,487
939,487
1083,487
1464,487
1522,487
1185,487
1376,487
1468,487
1091,487
975,487
947,487
738,487
722,487
964,487
1126,487
1230,487
935,487
1147,487
998,487
1517,487
675,487
1070,487
908,487
911,487
1564,487
995,487
1435,487
1440,487
1149,487
691,487
1199,487
755,487
751,487
1362,487
1109,487
1419,487
1129,487
729,487
1025,487
645,487
1214,487
610,487
1418,487
1229,487
1359,487
1037,487
815,487
584,487
1220,487
1459,487
1024,487
614,487
1357,487
807,487
558,487
1106,487
1332,487
1269,487
1023,487
1209,487
31,487
1551,487
800,487
1233,487
1013,487
1282,487
1208,487
157,487
564,487
855,487
1414,487
360,487
1310,487
1274,488
1056,488
767,488
1264,488
729,488
1325,488
1451,488
1590,488
664,488
1230,488
360,488
1464,488
103,488
1002,488
1341,488
1647,488
1227,488
600,488
1528,488
740,488
1519,488
651,488
1520,488
764,488
1162,488
1496,488
1236,488
810,488
1346,488
1233,488
1234,488
768,488
998,488
1109,488
1645,488
1490,488
1265,488
1643,488
720,488
1232,488
1513,488
1484,488
1531,488
1471,488
607,488
1517,488
952,488
288,488
780,488
618,488
621,488
857,488
1334,488
1518,488
1552,488
783,488
1511,488
1545,488
1556,488
1185,488
1648,488
1408,488
1593,488
721,488
960,488
727,488
525,488
700,488
1625,488
1329,488
1338,488
1466,488
662,488
706,488
995,488
1272,488
1533,488
1398,488
1108,488
848,488
1080,488
344,488
1474,488
1342,488
613,488
329,488
1619,488
1537,488
650,488
1376,488
701,488
869,488
806,488
1052,488
336,488
689,489
758,489
1564,489
600,489
929,489
854,489
1589,489
740,489
1440,489
783,489
723,489
1006,489
969,489
952,489
1540,489
1264,489
447,489
1298,489
564,489
1633,489
724,489
1243,489
1131,489
727,489
572,489
569,489
722,489
584,489
1533,489
316,489
986,489
582,489
1513,489
586,489
1516,489
1384,489
1099,489
720,489
303,489
1093,489
1316,489
395,489
1537,489
585,489
1020,489
1122,489
989,489
1517,489
505,489
528,489
547,489
1341,489
1199,489
1455,489
525,489
1195,489
537,489
1287,489
643,489
645,489
519,489
876,489
387,489
1175,489
522,489
1082,489
1210,489
1090,489
653,489
1151,489
292,489
778,489
821,489
1013,489
534,489
500,489
682,489
987,489
1266,489
1415,489
923,489
499,489
1363,489
684,489
1228,489
763,489
760,489
802,489
1593,489
762,489
1325,489
1614,489
548,489
558,489
1027,489
1106,489
680,489
403,490
645,490
648,490
657,490
634,490
445,490
687,490
1022,490
1551,490
336,490
1555,490
1566,490
623,490
1546,490
1285,490
1299,490
636,490
1224,490
508,490
706,490
1506,490
715,490
506,490
1131,490
1106,490
1491,490
540,490
1112,490
1228,490
1243,490
1441,490
1444,490
1319,490
1126,490
1450,490
1122,490
1332,490
1242,490
680,490
1102,490
702,490
1145,490
474,490
792,490
805,490
866,490
947,490
1018,490
1025,490
1117,490
1164,490
1183,490
1404,490
1633,490
1221,490
503,490
682,490
1645,490
888,490
762,490
357,490
1231,490
1147,490
675,490
593,490
1203,490
670,490
292,490
1047,490
827,490
786,490
821,490
1030,490
812,490
873,490
1037,490
486,490
755,490
1016,490
259,490
303,490
528,490
869,490
847,490
291,490
743,490
855,490
1199,490
1275,490
889,490
1056,490
1376,490
876,490
998,490
664,490
1379,490
1002,490
1537,490
1357,490
250,490
823,490
1295,490
887,490
886,490
531,490
968,490
1619,490
650,490
1505,490
1331,491
148,491
445,491
1187,491
1332,491
958,491
1298,491
1589,491
1299,491
1383,491
1279,491
1382,491
1190,491
1221,491
1325,491
1288,491
1534,491
1122,491
536,491
310,491
1562,491
326,491
833,491
1106,491
994,491
1514,491
1440,491
1591,491
1607,491
1419,491
1217,491
1610,491
1417,491
634,491
969,491
1330,491
1301,491
621,491
479,491
1195,491
628,491
653,491
1201,491
531,491
1389,491
525,491
259,491
630,491
754,491
1441,491
1408,491
1255,491
807,491
250,491
336,491
584,491
975,491
1633,491
937,491
1404,491
1353,491
558,491
521,491
1161,491
1166,491
571,491
447,491
1169,491
1082,491
1364,491
534,491
1590,491
850,491
553,491
1450,491
813,491
616,491
1310,491
1323,491
357,491
508,491
490,491
520,491
292,491
919,491
1037,491
631,491
1183,491
409,491
1639,491
551,491
499,491
1484,491
1316,491
496,491
564,491
1566,491
539,491
548,491
635,491
1516,491
745,491
547,491
1206,491
1457,491
1275,491
1129,491
1113,491
1264,491
886,491
483,491
476,491
912,491
979,491
1175,491
1147,491
500,491
985,491
1180,491
1185,492
847,492
1608,492
621,492
350,492
1213,492
798,492
1195,492
1556,492
1316,492
1411,492
1022,492
1142,492
1210,492
1319,492
1471,492
1534,492
1615,492
1521,492
651,492
1347,492
1206,492
1415,492
500,492
975,492
993,492
1490,492
1443,492
1379,492
1124,492
1455,492
1484,492
1449,492
996,492
1025,492
1287,492
303,492
1491,492
850,492
1168,492
945,492
156,492
1147,492
524,492
1400,492
1353,492
1180,492
1283,492
1404,492
1024,492
593,492
968,492
1639,492
1296,492
1334,492
1335,492
977,492
1648,492
1340,492
536,492
519,492
1338,492
1221,492
292,492
1337,492
654,492
973,492
1552,492
327,492
1225,492
1329,492
947,492
988,492
1203,492
1348,492
970,492
1346,492
248,492
1220,492
1594,492
1263,492
1257,492
1507,492
1238,492
1569,492
653,492
856,492
814,492
1409,492
1088,492
1544,492
966,492
1418,492
1590,492
986,492
360,492
1464,492
1459,492
1298,492
931,492
320,492
1588,492
584,492
547,492
775,493
485,493
292,493
848,493
1321,493
1484,493
1357,493
1633,493
1185,493
1175,493
605,493
784,493
1485,493
654,493
1187,493
966,493
417,493
610,493
755,493
510,493
987,493
1233,493
682,493
937,493
271,493
517,493
248,493
1359,493
763,493
984,493
1222,493
673,493
1593,493
445,493
873,493
447,493
807,493
1145,493
1147,493
520,493
993,493
994,493
1137,493
1047,493
700,493
1099,493
1450,493
821,493
850,493
1608,493
722,493
1532,493
815,493
771,493
715,493
1437,493
1247,493
628,493
1241,493
1013,493
684,493
814,493
812,493
702,493
1118,493
1230,493
1138,493
764,493
1319,493
798,493
656,493
1520,493
1396,493
525,493
662,493
522,493
1404,493
939,493
523,493
938,493
1169,493
724,493
453,493
723,493
667,493
1215,493
975,493
1468,493
609,493
531,493
664,493
1217,493
369,493
607,493
801,493
585,493
521,493
797,494
1242,494
1514,494
810,494
1516,494
490,494
1513,494
1204,494
1013,494
1315,494
640,494
798,494
583,494
1122,494
1102,494
1266,494
479,494
582,494
271,494
1243,494
1272,494
1273,494
1330,494
347,494
528,494
809,494
1342,494
1359,494
1379,494
1392,494
1450,494
1109,494
1411,494
623,494
1491,494
1108,494
1106,494
869,494
344,494
1499,494
1519,494
1017,494
1027,494
613,494
1338,494
1247,494
1332,494
1296,494
754,494
634,494
1456,494
1279,494
767,494
1047,494
662,494
645,494
1233,494
403,494
1331,494
1645,494
1595,494
1580,494
1524,494
1521,494
1380,494
1185,494
1246,494
413,494
533,494
1591,494
755,494
1459,494
1377,494
922,494
1280,494
536,494
715,494
939,494
539,494
540,494
605,494
916,494
1080,494
327,494
500,494
1608,494
1409,494
1489,494
1518,494
336,494
326,494
531,494
973,494
758,494
503,494
919,494
453,494
1254,494
720,494
542,494
1455,494
1440,494
1101,494
547,494
1124,494
993,494
964,494
1000,494
706,494
1415,494
1333,495
1411,495
1221,495
1072,495
1414,495
1332,495
1547,495
1122,495
1507,495
1227,495
1443,495
1402,495
1380,495
1522,495
560,495
767,495
616,495
327,495
387,495
347,495
1608,495
623,495
521,495
1215,495
1090,495
722,495
729,495
613,495
1647,495
1391,495
1310,495
1117,495
952,495
916,495
864,495
817,495
1331,495
720,495
758,495
815,495
1255,495
476,495
583,495
1099,495
499,495
582,495
1243,495
605,495
765,495
1264,495
500,495
798,495
649,495
937,495
508,495
1102,495
507,495
1528,495
1020,495
809,495
778,495
1234,495
754,495
891,495
760,495
485,495
344,495
1418,495
876,495
1633,495
1329,495
515,495
572,495
827,495
584,495
887,495
1265,495
593,495
996,495
889,495
696,495
810,495
821,495
1408,495
755,495
403,495
1520,495
628,495
547,495
537,495
531,495
1213,495
737,495
1485,495
1183,495
561,495
1511,495
536,495
1325,495
1561,495
481,495
945,495
635,495
1496,495
975,495
569,495
445,495
856,495
508,496
1372,496
1249,496
1484,496
1248,496
1371,496
1217,496
1392,496
1394,496
1513,496
1419,496
1324,496
1391,496
271,496
1266,496
1457,496
1269,496
1482,496
1218,496
1458,496
1485,496
1374,496
1195,496
1288,496
1283,496
1279,496
1514,496
879,496
964,496
1265,496
1516,496
1264,496
1006,496
1263,496
1517,496
1262,496
1258,496
855,496
1198,496
1214,496
1512,496
572,496
1256,496
1215,496
1255,496
1254,496
1199,496
1251,496
1257,496
1320,496
1376,496
1342,496
1385,496
1388,496
1480,496
1341,496
1230,496
1229,496
1439,496
1389,496
1518,496
1440,496
1414,496
1390,496
1465,496
1187,496
1224,496
1225,496
1228,496
1194,496
1227,496
1519,496
1520,496
1189,496
1521,496
1442,496
1466,496
583,496
1384,496
1383,496
1377,496
1379,496
1481,496
1272,496
1247,496
1246,496
1380,496
1353,496
1244,496
1243,496
1242,496
1241,496
1477,496
1238,496
1236,496
1234,496
1233,496
1232,496
1231,496
1437,496
1220,496
1221,496
1222,496
1223,496
1393,496
1467,496
1337,496
1382,496
1459,496
1273,496
1274,496
558,496
522,496
1203,496
1338,496
1340,496
1344,496
1345,496
1346,496
1347,496
1348,496
1475,496
1349,496
1352,496
1111,496
1357,496
1359,496
1362,496
1363,496
1425,496
1314,496
1202,496
1398,496
1313,496
1441,496
1310,496
1422,496
1364,496
1201,496
1430,496
1309,496
1116,496
564,496
1432,496
1322,496
1316,496
1210,496
1211,496
1323,496
563,496
1325,496
1329,496
1319,496
1209,496
1318,496
1330,496
1332,496
1333,496
1334,496
1335,496
524,496
1317,496
1208,496
1315,496
1206,496
1205,496
1204,496
1490,496
1331,496
1648,496
1301,496
1491,496
1284,496
89,496
179,496
1507,496
185,496
1282,496
490,496
1508,496
1289,496
1455,496
1506,496
1456,496
1280,496
571,496
1212,496
1213,496
1435,496
1278,496
1276,496
1275,496
689,496
744,496
743,496
1321,496
1511,496
1509,496
1299,496
1496,496
1499,496
1505,496
1474,496
1471,496
1298,496
1443,496
1421,496
1444,496
1400,496
1297,496
1448,496
1449,496
1468,496
1488,496
519,496
1420,496
1450,496
1296,496
1489,496
1295,496
1294,496
1292,496
1290,496
259,496
1287,496
1451,496
1285,496
1396,496
1424,496
922,496
1184,496
766,496
767,496
768,496
770,496
1027,496
771,496
765,496
772,496
775,496
1025,496
776,496
778,496
779,496
780,496
774,496
781,496
764,496
762,496
737,496
738,496
739,496
740,496
763,496
745,496
751,496
754,496
755,496
758,496
760,496
1028,496
750,496
736,496
783,496
786,496
816,496
817,496
820,496
821,496
823,496
825,496
1024,496
827,496
1022,496
958,496
662,496
1021,496
828,496
833,496
1023,496
784,496
815,496
813,496
792,496
796,496
797,496
798,496
800,496
801,496
814,496
802,496
806,496
807,496
809,496
810,496
811,496
812,496
805,496
735,496
734,496
729,496
648,496
1070,496
649,496
650,496
1059,496
651,496
645,496
1056,496
1052,496
1047,496
1040,496
1037,496
653,496
654,496
1053,496
1036,496
1071,496
640,496
1080,496
629,496
630,496
631,496
1076,496
633,496
643,496
634,496
1411,496
1185,496
1607,496
637,496
1074,496
1072,496
635,496
656,496
657,496
661,496
691,496
695,496
696,496
700,496
701,496
702,496
706,496
720,496
721,496
722,496
723,496
724,496
727,496
715,496
687,496
685,496
684,496
664,496
665,496
666,496
667,496
1035,496
1032,496
670,496
671,496
673,496
674,496
675,496
1030,496
680,496
682,496
841,496
1020,496
1019,496
1018,496
1647,496
893,496
907,496
984,496
982,496
908,496
1645,496
910,496
979,496
977,496
975,496
973,496
970,496
969,496
980,496
968,496
1643,496
1639,496
992,496
990,496
989,496
988,496
987,496
986,496
1640,496
985,496
1633,496
1634,496
1636,496
1631,496
911,496
967,496
966,496
938,496
927,496
937,496
935,496
939,496
931,496
1415,496
929,496
923,496
916,496
917,496
930,496
1093,496
945,496
947,496
1416,496
962,496
912,496
961,496
960,496
959,496
952,496
951,496
1653,496
914,496
949,496
948,496
993,496
628,496
1630,496
1625,496
864,496
866,496
869,496
871,496
872,496
873,496
863,496
876,496
877,496
1002,496
881,496
882,496
874,496
884,496
862,496
857,496
1017,496
1016,496
1015,496
1013,496
846,496
847,496
859,496
848,496
849,496
850,496
1007,496
854,496
856,496
1009,496
886,496
1000,496
998,496
892,496
1311,496
54,496
1608,496
1610,496
1129,496
1124,496
1615,496
1619,496
1621,496
1614,496
996,496
887,496
888,496
995,496
889,496
994,496
1417,496
890,496
891,496
1099,496
1101,496
1629,496
1082,496
636,496
1083,496
1544,496
1545,496
1546,496
621,496
1547,496
1543,496
1418,496
1552,496
1555,496
1556,496
1559,496
1561,496
1562,496
1551,496
1564,496
1106,496
1112,496
1537,496
1539,496
1540,496
1109,496
1541,496
1542,496
1108,496
469,496
1566,496
1567,496
238,496
240,496
252,496
242,496
248,496
234,496
626,496
250,496
279,496
289,496
249,496
228,496
210,496
162,496
1569,496
1571,496
1576,496
1578,496
1580,496
1586,496
1588,496
157,496
297,496
586,496
607,496
632,496
1113,496
1117,496
1118,496
1156,496
1154,496
1528,496
1151,496
1149,496
1147,496
347,496
1145,496
1142,496
1140,496
1138,496
1137,496
1522,496
1183,496
1524,496
1180,496
1175,496
919,496
1173,496
1169,496
1168,496
1167,496
1166,496
1164,496
1162,496
1161,496
291,496
1136,496
1402,496
978,496
1126,496
1122,496
1119,496
1532,496
1533,496
1534,496
641,496
1403,496
1134,496
1404,496
1530,496
1133,496
1531,496
1131,496
1408,496
28,496
37,496
223,496
239,496
1529,496
303,496
553,496
560,496
561,496
551,496
568,496
582,496
584,496
585,496
569,496
1589,496
550,496
547,496
521,496
523,496
525,496
528,496
548,496
292,496
534,496
536,496
537,496
539,496
540,496
542,496
533,496
1590,496
1591,496
1593,496
1596,496
1597,496
1105,496
1102,496
1410,496
1091,496
1090,496
1089,496
1088,496
1087,496
623,496
1409,496
618,496
616,496
591,496
592,496
593,496
1594,496
598,496
600,496
605,496
609,496
610,496
611,496
613,496
1595,496
614,496
520,496
531,496
515,496
372,496
387,496
395,496
403,496
409,496
413,496
371,496
417,496
445,496
517,496
453,496
473,496
474,496
438,496
369,496
367,496
360,496
306,496
310,496
316,496
320,496
326,496
327,496
329,496
336,496
344,496
350,496
354,496
357,496
476,496
479,496
447,496
482,496
510,496
507,496
506,496
505,496
503,496
481,496
500,496
499,496
498,496
497,496
496,496
1464,496
494,496
483,496
488,496
486,496
484,496
485,496
1597,497
1636,497
490,497
869,497
1028,497
1276,497
1537,497
1316,497
1524,497
1482,497
1610,497
1540,497
961,497
494,497
1625,497
1451,497
1640,497
417,497
1224,497
1607,497
438,497
445,497
586,497
1608,497
948,497
814,497
975,497
1489,497
621,497
1225,497
508,497
1481,497
734,497
884,497
360,497
505,497
593,497
583,497
702,497
1448,497
572,497
571,497
1301,497
1411,497
1027,497
1318,497
1324,497
1022,497
1388,497
1376,497
945,497
623,497
558,497
1323,497
1021,497
547,497
1394,497
607,497
1187,497
1035,497
1105,497
745,497
1129,497
1131,497
1076,497
1137,497
1136,497
1165,497
1393,497
1173,497
1142,497
1175,497
1185,497
775,497
1561,497
796,497
1210,497
344,497
1233,497
811,497
1398,497
584,497
1491,497
1508,497
1218,497
780,497
684,497
520,497
1422,497
998,497
1418,497
1562,497
1435,497
1013,497
1534,497
582,498
344,498
1121,498
1218,498
986,498
815,498
1212,498
1530,498
797,498
159,498
633,498
525,498
809,498
1233,498
347,498
517,498
1236,498
510,498
1015,498
1520,498
1108,498
395,498
473,498
680,498
1507,498
816,498
1256,498
939,498
745,498
250,498
1636,498
1615,498
1634,498
409,498
1028,498
685,498
996,498
1629,498
1408,498
1346,498
1202,498
973,498
912,498
739,498
271,498
1614,498
327,498
447,498
1357,498
1353,498
869,498
784,498
636,498
637,498
508,498
1341,498
605,498
1175,498
1380,498
862,498
775,498
417,498
662,498
1199,498
1299,498
1488,498
1608,498
1238,498
1482,498
1263,498
948,498
157,498
259,498
1359,498
528,498
1496,498
372,498
547,498
1027,498
479,498
550,498
536,498
481,498
1331,498
1344,498
1409,498
1332,498
1490,498
807,498
1384,498
1396,498
887,498
1167,498
893,498
1377,498
1363,498
1047,498
1180,498
292,498
1231,498
476,498
859,498
1289,498
1489,498
1457,498
1321,498
1374,499
547,499
774,499
1586,499
1059,499
666,499
1169,499
525,499
1175,499
862,499
249,499
1168,499
1349,499
1409,499
1394,499
521,499
766,499
1389,499
1346,499
849,499
387,499
722,499
1091,499
1430,499
1482,499
691,499
687,499
682,499
1225,499
990,499
1122,499
674,499
760,499
1353,499
1593,499
508,499
1070,499
536,499
874,499
771,499
1484,499
922,499
1384,499
645,499
1596,499
561,499
1024,499
1520,499
1576,499
1509,499
1499,499
611,499
1541,499
609,499
1647,499
947,499
563,499
1489,499
1210,499
395,499
1508,499
1288,499
1255,499
1532,499
1265,499
864,499
162,499
1518,499
1264,499
1594,499
623,499
1213,499
651,499
1309,499
1269,499
813,499
483,499
1321,499
1289,499
967,499
582,499
1408,499
632,499
634,499
877,499
1056,499
551,499
292,499
975,499
613,499
1205,499
977,499
