tweet_id,client
153,0
204,0
230,0
226,0
244,0
246,0
247,0
258,0
262,0
265,0
267,0
283,0
201,0
286,0
298,0
308,0
323,0
1004,0
1163,0
1366,0
1271,0
976,0
940,0
145,0
141,0
296,0
198,0
188,0
190,0
1618,0
1583,0
1397,0
2,0
18,0
33,0
48,0
63,0
79,0
82,0
86,0
90,0
101,0
104,0
109,0
111,0
113,0
123,0
139,0
144,0
152,0
160,0
161,0
186,0
799,0
255,0
408,0
311,0
757,0
272,0
1373,0
490,0
611,0
643,0
758,0
762,0
866,0
1175,0
1210,0
365,0
124,0
833,0
1346,0
1566,0
702,0
322,0
10,0
12,0
21,0
28,0
9,0
1213,0
920,0
710,0
1502,0
647,0
837,0
138,0
92,0
1794,0
115,0
978,0
944,0
24,0
502,0
853,0
338,0
1329,0
1191,0
1793,0
1328,0
1327,0
170,0
81,0
386,0
49,0
958,0
1038,0
1054,0
953,0
804,0
773,0
1503,0
422,0
67,0
533,0
1406,0
719,0
1048,0
1039,0
1197,0
1300,0
188,1
283,1
203,1
170,1
204,1
79,1
48,1
190,1
63,1
1094,1
882,1
981,1
1158,1
1164,1
201,1
186,1
81,1
1729,1
82,1
191,1
659,1
57,1
103,1
145,1
198,1
59,1
67,1
1152,1
109,1
430,1
115,1
187,1
49,1
101,1
144,1
246,1
111,1
113,1
104,1
272,1
931,1
800,1
160,1
152,1
230,1
1035,1
118,1
123,1
247,1
258,1
262,1
265,1
138,1
308,1
127,1
333,1
502,1
704,1
140,1
124,1
1036,1
1122,1
92,1
90,1
84,1
1541,1
86,1
139,1
1087,1
1614,1
1342,1
1256,1
1153,1
1151,1
955,1
567,1
518,1
267,1
226,1
1114,1
941,1
942,1
943,1
944,1
953,1
1720,1
1115,1
1302,1
1305,1
1300,1
1306,1
1355,1
298,1
244,1
1303,1
380,1
1304,1
1004,1
323,1
1163,1
308,2
79,2
1605,2
272,2
267,2
145,2
2,2
483,2
81,2
152,2
1570,2
1493,2
662,2
82,2
247,2
188,2
262,2
204,2
230,2
255,2
265,2
286,2
323,2
716,2
1004,2
1387,2
1500,2
90,2
92,2
1436,2
160,2
1163,2
86,2
123,2
101,2
138,2
1080,2
201,2
298,2
422,2
113,2
130,2
196,2
109,2
111,2
1199,2
31,2
969,2
1018,2
1420,2
1455,2
1485,2
1576,2
1591,2
198,2
647,2
869,2
767,2
763,2
259,2
32,2
139,2
63,2
953,2
1523,2
1525,2
1526,2
436,2
307,2
502,2
33,2
215,2
226,2
190,2
742,2
104,2
186,2
283,2
258,2
1302,2
18,2
48,2
244,2
67,2
850,2
1009,2
1170,2
43,2
1744,2
1566,2
608,2
1567,2
1011,2
246,2
296,2
24,2
570,2
411,2
1629,2
1341,2
821,2
170,2
210,2
144,2
161,2
955,3
1253,3
1436,3
1378,3
1291,3
965,3
1061,3
1414,3
788,3
1216,3
347,3
365,3
360,3
1583,3
1682,3
639,3
1219,3
37,3
44,3
1573,3
1446,3
1305,3
1601,3
1045,3
1044,3
1043,3
1710,3
1584,3
1240,3
486,3
1176,3
1449,3
433,3
99,3
1264,3
1398,3
1394,3
2,3
80,3
109,3
787,3
499,3
720,3
721,3
774,3
960,3
1009,3
1295,3
1297,3
1471,3
92,3
1521,3
1614,3
1629,3
373,3
292,3
169,3
707,3
1608,3
113,3
344,3
31,3
1537,3
801,3
776,3
974,3
755,3
129,3
551,3
506,3
645,3
1150,3
369,3
1004,3
501,3
204,3
353,3
449,3
590,3
608,3
895,3
55,3
1375,3
1363,3
882,3
863,3
830,3
1427,3
98,3
1197,3
426,3
1443,3
23,3
1066,3
1114,3
50,3
1538,3
789,3
813,3
669,3
199,3
19,3
25,3
758,3
765,3
1173,3
1175,3
1326,3
1346,3
1115,3
1484,3
1485,3
733,3
1408,3
683,3
201,3
1430,3
1475,3
240,3
706,3
763,3
779,3
828,3
873,3
1184,3
1189,3
1215,3
1352,3
1509,3
1597,3
1709,3
22,3
810,3
1529,3
1539,3
1276,3
1275,3
1243,3
1102,3
814,3
537,3
687,3
847,3
1090,3
1101,3
1620,3
393,3
704,3
299,3
1050,3
1049,3
1415,3
729,3
303,3
1730,3
663,4
176,4
1436,4
901,4
383,4
386,4
288,4
1629,4
380,4
187,4
1595,4
319,4
401,4
642,4
379,4
235,4
430,4
52,4
45,4
115,4
382,4
214,4
1726,4
105,4
1729,4
1463,4
222,4
223,4
746,4
374,4
59,4
49,4
47,4
1217,4
136,4
197,4
381,4
1639,4
304,4
71,4
7,4
370,4
920,4
1114,4
1752,4
157,4
1593,4
1374,4
1761,4
83,4
1748,4
1373,4
1541,4
1273,4
112,4
89,4
584,4
156,4
137,4
299,4
944,4
661,4
94,4
1661,4
259,4
923,4
1224,4
662,4
159,4
952,4
164,4
148,4
1208,4
1185,4
1022,4
990,4
886,4
633,4
508,4
108,4
878,4
646,4
1459,4
764,4
1051,4
1054,4
1038,4
1191,4
1354,4
1358,4
1558,4
1560,4
965,4
798,4
1787,4
839,4
717,4
175,4
103,4
838,4
72,4
194,4
74,4
5,4
10,4
559,4
9,4
44,4
96,4
24,4
1805,5
1011,5
1729,5
644,5
577,5
62,5
39,5
619,5
1692,5
1318,5
1143,5
392,5
468,5
1387,5
773,5
1239,5
1329,5
492,5
726,5
455,5
1248,5
1322,5
1481,5
411,5
1484,5
22,5
322,5
722,5
920,5
1303,5
1061,5
1113,5
1117,5
1255,5
1258,5
31,5
1234,5
1229,5
436,5
1179,5
1027,5
1052,5
1124,5
1187,5
1487,5
419,5
179,5
68,5
422,5
1579,5
678,5
67,5
1777,5
1031,5
1525,5
1006,5
855,5
488,5
327,5
1498,5
1142,5
369,5
746,5
1051,5
1054,5
367,5
259,5
249,5
5,5
210,5
1452,5
34,5
1193,5
1188,5
785,5
961,5
764,5
9,5
10,5
45,5
47,5
52,5
1066,5
1078,5
1191,5
1192,5
120,5
1302,5
1115,5
1114,5
146,5
1304,5
1084,5
1305,5
1306,5
166,5
1175,5
1300,5
299,5
1358,5
1354,5
1075,5
1696,5
113,5
33,5
362,5
35,5
16,5
1107,6
1328,6
1049,6
1177,6
264,6
1155,6
1048,6
659,6
920,6
1504,6
679,6
1326,6
148,6
1771,6
1115,6
63,6
1327,6
1079,6
1210,6
518,6
1121,6
1051,6
1050,6
646,6
1193,6
1431,6
100,6
256,6
1423,6
78,6
305,6
1602,6
1622,6
1763,6
7,6
1568,6
1073,6
1375,6
1449,6
1329,6
983,6
133,6
131,6
166,6
787,6
1058,6
973,6
1006,6
1023,6
1037,6
1119,6
1141,6
1145,6
1211,6
1213,6
1214,6
1228,6
1236,6
1242,6
1244,6
891,6
1381,6
877,6
1125,6
1135,6
499,6
721,6
739,6
866,6
1520,6
87,6
330,6
709,6
37,6
1587,6
1463,6
1549,6
1518,6
1707,6
440,6
1678,6
1202,6
350,6
338,6
359,6
365,6
837,6
1002,6
366,6
1387,6
1503,6
1565,6
1212,6
1417,6
638,7
1337,7
1716,7
1062,7
467,7
709,7
708,7
1385,7
1393,7
1520,7
921,7
1792,7
1358,7
739,7
256,7
1208,7
594,7
1168,7
1519,7
1127,7
1047,7
680,7
28,7
30,7
1727,7
352,7
949,7
26,7
1560,7
1,7
613,7
1361,7
707,7
1304,7
9,7
10,7
41,7
1407,7
32,7
1051,7
1038,7
624,7
1054,7
292,7
184,7
183,7
182,7
181,7
951,7
180,7
927,7
1354,7
1436,7
790,8
1695,8
1722,8
530,8
150,8
1726,8
1350,8
971,8
1676,8
1690,8
851,8
1626,8
321,8
340,8
441,8
1691,8
552,8
1770,8
852,8
1004,8
1677,8
95,8
709,8
109,8
1541,8
123,8
597,9
1128,9
379,9
381,9
229,9
96,9
370,9
382,9
1750,9
214,9
1650,9
401,9
1388,9
769,9
1144,9
260,9
1588,9
1516,9
239,9
620,9
777,9
1226,9
536,9
582,9
593,9
645,9
531,9
319,9
830,9
1558,9
288,9
222,9
53,9
52,9
1443,9
1199,9
179,9
405,9
560,9
693,9
962,9
972,9
974,9
982,9
558,9
295,9
187,9
444,9
1170,9
176,9
933,9
245,9
257,9
236,9
217,9
1624,9
1401,9
235,9
39,9
634,9
1054,9
549,9
1395,9
330,9
1560,9
1038,9
837,9
1288,9
589,10
1701,10
212,10
390,10
1078,10
1581,10
120,10
1066,10
93,10
1722,10
275,10
1069,10
56,10
374,10
107,10
1774,10
1660,10
1602,10
1200,10
140,10
157,10
423,10
216,10
19,10
76,10
263,10
64,10
96,10
919,10
1061,10
790,10
108,10
370,10
1538,10
44,10
1709,10
683,10
1067,10
217,10
299,10
1175,10
1611,10
8,10
1582,10
1355,10
1295,10
1401,10
436,10
333,10
1306,10
1045,10
1044,10
1043,10
1064,10
1074,10
1380,10
781,10
679,10
1440,10
936,10
961,10
352,10
693,10
697,10
999,10
1063,10
724,10
1032,10
1372,10
864,10
848,10
1017,10
1073,10
1075,10
1079,10
1516,10
303,10
60,10
59,10
61,10
599,10
26,10
415,10
98,10
1398,10
1411,10
1518,10
1597,10
1325,10
465,10
69,10
1341,10
215,10
1497,10
1523,10
150,10
508,10
533,10
467,10
387,10
754,10
526,10
507,10
662,10
873,10
553,10
737,10
1121,10
641,10
843,10
1535,10
281,10
1064,11
933,11
1259,11
1084,11
777,11
1130,11
301,11
23,11
335,11
1375,11
1302,11
171,11
167,11
1557,11
285,11
541,11
67,11
10,11
9,11
936,11
697,11
180,11
641,11
1803,11
1635,11
153,11
921,11
896,11
779,11
590,11
943,11
193,11
487,11
940,11
941,11
1361,11
944,11
1528,11
1102,11
698,11
405,11
351,11
707,11
15,11
300,11
361,11
579,11
612,11
96,11
34,11
179,11
106,11
1263,11
1464,11
693,11
1306,11
1401,11
1073,11
462,11
114,11
1158,11
299,11
30,11
212,11
676,11
1516,11
589,11
677,11
708,11
1313,11
1201,11
1534,11
1455,11
1271,11
1599,11
1142,11
1131,11
266,11
46,11
1067,11
918,11
700,11
827,11
998,11
44,11
1598,11
1371,11
1672,11
993,11
462,12
752,12
939,12
872,12
1101,12
874,12
1291,12
15,12
669,12
1100,12
917,12
1609,12
1099,12
394,12
676,12
1489,12
1283,12
92,12
906,12
334,12
1282,12
1209,12
998,12
1203,12
845,12
956,12
1052,12
335,12
1176,12
819,12
1000,12
973,12
951,12
1185,12
358,12
1189,12
361,12
1529,12
539,12
722,12
224,12
1555,12
1039,12
645,12
1289,12
1538,12
30,12
556,12
1463,12
858,12
1528,12
1509,12
766,12
1492,12
1456,12
1450,12
670,12
634,12
553,12
547,12
1440,12
1390,12
1227,12
1199,12
811,12
1212,12
899,12
338,12
1127,12
869,12
847,12
749,12
789,12
1014,12
1153,12
1231,12
611,12
1243,12
278,12
290,12
584,12
1380,12
1016,12
830,12
1273,12
902,12
1404,12
477,12
837,12
706,12
300,12
178,12
25,12
89,12
115,12
864,12
140,12
963,12
396,12
1807,12
779,12
129,12
695,12
438,12
1057,12
1064,12
1537,12
794,12
1582,12
1560,12
345,12
588,12
1649,12
1387,12
1011,12
118,12
116,12
1154,12
1375,12
472,12
1604,12
590,12
365,12
1735,12
76,12
348,12
19,12
652,12
500,12
415,12
1128,12
1221,12
1634,12
707,12
226,12
20,12
945,12
838,12
792,12
1629,12
1588,12
817,12
1050,12
744,12
1495,12
763,12
75,12
1194,12
83,12
1556,12
743,12
1719,12
185,12
1045,12
1195,12
13,12
1580,12
942,12
746,12
429,12
943,12
235,12
9,12
978,13
530,13
1637,13
953,13
335,13
1557,13
627,13
603,13
62,13
1646,13
1577,13
943,13
1558,13
1560,13
28,13
941,13
944,13
759,13
838,13
1658,13
116,13
26,13
940,13
1038,13
1355,13
830,13
837,13
839,13
1191,13
168,13
37,13
32,13
103,13
159,13
194,13
236,13
235,13
239,13
1354,13
1563,13
108,13
107,13
333,13
1092,13
30,13
1039,13
1423,13
1303,13
1304,13
1305,13
1306,13
1307,13
334,13
1358,13
1302,13
1041,13
1061,13
1075,13
1073,13
1051,13
1054,13
1188,13
1192,13
1193,13
1536,13
339,13
1361,13
288,13
1045,13
1117,13
1044,13
183,13
176,13
836,13
1046,13
1048,13
1601,13
1475,13
1068,13
1049,13
1050,13
1043,13
1114,13
223,13
469,13
1115,13
1372,13
641,13
942,13
988,13
835,13
1280,13
94,13
1338,13
487,13
1185,13
8,13
1418,13
849,13
1300,13
910,13
964,13
931,13
1289,13
911,13
1601,14
918,14
1798,14
218,14
1603,14
1574,14
1079,14
147,14
756,14
1761,14
620,14
1760,14
1619,14
252,14
1568,14
1570,14
249,14
1564,14
953,14
535,14
1572,14
971,14
1549,14
273,14
1524,14
1526,14
1531,14
259,14
1545,14
1535,14
1539,14
647,14
1599,14
687,14
472,14
1602,14
1604,14
1605,14
1610,14
1630,14
1523,14
41,14
932,14
388,14
1068,14
1375,14
1377,14
1396,14
1733,14
20,14
1627,14
759,14
1463,14
1300,14
978,14
1400,14
137,14
144,14
170,14
1719,14
432,14
178,14
941,14
943,14
66,14
944,14
92,14
117,14
1114,14
1552,14
24,14
157,14
333,14
720,14
855,14
1517,14
275,14
1303,14
1066,14
1067,14
1077,14
1078,14
1088,14
1093,14
1074,14
1099,14
1053,14
964,14
646,14
1047,14
984,14
1586,14
986,14
989,14
990,14
992,14
996,14
1022,14
1590,14
1006,14
815,14
1007,14
1422,14
1108,14
1109,14
805,14
802,14
1160,14
1167,14
1169,14
1194,14
1202,14
1209,14
1211,14
1213,14
1218,14
1224,14
327,14
44,14
1536,14
1076,14
1205,14
1154,14
1506,14
1111,14
555,14
1112,14
1122,14
1129,14
1132,14
1136,14
1138,14
812,14
1778,14
806,14
1140,14
1151,14
961,14
945,14
1558,14
820,14
659,14
842,14
823,14
848,14
460,14
837,14
1355,14
608,14
890,14
893,14
1584,14
1395,14
919,14
929,14
1063,14
55,14
72,14
334,14
335,14
857,14
474,14
863,14
886,14
830,14
1051,14
1280,14
528,14
1477,14
196,14
521,14
520,14
519,14
506,14
1480,14
1432,14
1487,14
556,14
537,14
534,14
1486,14
503,14
1468,14
1440,14
1466,14
1464,14
1459,14
1451,14
1448,14
1435,14
1130,14
490,14
346,14
375,14
387,14
484,14
742,14
487,14
598,14
1290,14
1314,14
1315,14
1317,14
1768,14
1257,14
1325,14
367,14
1254,14
1238,14
359,14
1503,14
1498,14
775,14
1225,14
1227,14
1231,14
1232,14
1330,14
1331,14
1320,14
1344,14
1349,14
1431,14
1359,14
1493,14
1496,14
1407,14
610,14
1423,14
1340,14
371,14
1429,14
1337,14
372,14
1332,14
373,15
1077,15
1635,15
698,15
330,15
261,15
1549,15
146,15
1259,15
1453,15
166,15
918,15
933,15
1190,15
1207,15
301,15
405,15
777,15
697,15
504,15
870,15
836,15
835,15
1005,15
1193,15
500,15
8,15
1805,15
44,15
663,15
35,15
1084,15
681,15
880,15
1756,15
285,15
66,15
30,15
256,15
1127,15
83,15
896,15
1611,15
641,15
1178,15
299,15
1300,15
693,15
175,15
788,15
193,15
20,15
883,15
1761,15
816,15
517,15
936,15
474,15
958,15
1253,15
1199,15
917,15
426,15
1629,15
1594,15
1545,15
704,16
928,16
1373,16
41,16
29,16
1681,16
1666,16
1351,16
642,16
1726,16
1575,16
1308,16
1436,16
821,16
1135,16
465,16
1472,16
210,16
954,16
1125,16
378,16
1165,16
583,16
536,16
986,16
1408,16
1413,16
853,16
1445,16
547,16
176,16
601,16
84,16
371,16
1788,16
570,16
686,16
1415,16
1508,16
70,16
72,16
943,16
179,16
1017,16
1300,16
1329,16
1353,16
1387,16
437,16
1417,16
1420,16
1425,16
1299,16
1285,16
1375,16
803,16
1185,16
1199,16
1221,16
1227,16
1233,16
1256,16
659,16
148,16
1269,16
1441,16
1744,16
1533,16
1633,16
1652,16
1188,16
953,16
1555,16
422,16
1544,16
788,16
1520,16
1456,16
1463,16
1584,16
1407,16
1406,16
1271,16
1457,16
1474,16
1485,16
1512,16
950,16
408,16
1393,16
846,16
83,16
1583,16
793,16
1729,16
1115,16
1114,16
1051,16
1048,16
71,16
808,16
829,16
1302,16
1067,16
847,16
1644,16
1094,16
958,16
1478,16
322,16
1080,16
449,16
1004,16
1772,16
44,16
131,16
717,16
127,16
286,16
1671,16
1560,16
1558,16
1709,16
1355,16
1163,16
838,16
1061,16
758,16
1079,16
109,16
638,16
773,16
896,16
1073,16
650,16
790,16
1038,16
837,16
338,16
335,16
107,16
957,16
919,16
1149,16
159,16
1287,16
1567,16
1009,16
611,16
99,16
1514,16
1072,16
63,16
1498,16
850,16
940,16
609,16
1525,16
10,16
1212,16
157,16
1444,16
30,16
1232,16
393,16
797,16
1052,16
1063,16
634,16
9,16
1797,16
920,16
1662,16
478,17
639,17
761,17
1463,17
1110,17
1744,17
745,17
659,17
140,17
1337,17
821,17
1310,17
1101,17
850,17
1527,17
162,17
1009,17
348,17
225,17
163,17
24,17
1622,17
1538,17
746,17
290,17
1611,17
1357,17
1293,17
1237,17
1109,17
567,17
1650,17
955,17
66,17
842,17
705,17
20,17
166,17
41,17
328,17
1026,17
445,17
30,17
551,17
837,17
1701,17
10,17
8,17
60,17
1336,17
338,17
918,17
1062,17
197,17
685,17
9,17
830,17
1056,17
1516,17
67,17
1648,17
1013,17
720,17
31,17
878,17
248,17
853,17
84,17
1674,17
37,17
87,17
1072,17
198,17
440,17
1390,17
438,17
1720,17
1213,17
104,17
79,17
319,17
113,17
538,17
1716,17
483,17
666,17
995,17
1216,17
1709,17
1737,17
50,17
364,17
365,17
531,17
147,17
42,17
790,17
420,17
841,17
711,17
1637,17
940,17
131,17
40,17
176,17
44,17
1566,17
1692,17
781,17
645,17
1412,17
1588,17
571,17
320,17
28,17
722,17
1046,17
157,17
380,17
170,17
378,17
115,17
129,17
1756,17
944,17
35,17
714,17
169,17
899,17
943,17
808,17
1096,17
839,18
1191,18
256,18
838,18
1175,18
829,18
940,18
374,18
894,18
1341,18
1300,18
288,18
830,18
837,18
236,18
214,18
207,18
1210,18
1460,18
1192,18
175,18
1159,18
223,18
222,18
1311,18
836,18
835,18
1039,18
1041,18
1045,18
1355,18
1114,18
181,18
1115,18
180,18
157,18
1190,18
944,18
1048,18
1188,18
137,18
953,18
1557,18
978,18
1051,18
1054,18
1361,18
1193,18
943,18
942,18
1109,18
1304,18
1303,18
1302,18
29,18
24,18
1307,18
1049,18
67,18
35,18
28,18
1727,18
26,18
179,18
1044,18
1050,18
1358,18
1474,18
1349,18
1338,18
1241,18
1214,18
846,18
727,18
371,18
1373,18
1436,18
1063,18
1038,18
187,18
602,18
183,18
184,18
282,18
304,18
108,18
107,18
115,18
194,18
105,18
632,18
182,18
103,18
1553,18
164,18
59,18
333,18
334,18
335,18
941,18
338,18
319,18
216,18
63,18
117,18
185,18
159,18
136,18
112,18
72,18
1497,18
1445,18
30,18
646,18
239,18
156,18
71,18
94,18
45,18
46,18
55,18
57,18
47,18
53,18
60,18
61,18
42,18
1121,18
235,18
52,18
56,18
37,18
217,18
968,18
1306,18
1305,18
66,18
12,19
1460,19
826,19
24,19
35,19
1190,19
1052,19
1047,19
1188,19
1162,19
66,19
1300,19
1038,19
169,19
326,19
167,19
1563,19
1454,19
757,19
148,19
26,19
491,19
377,19
339,19
9,19
10,19
1159,19
1608,19
1567,19
1475,19
837,19
1187,19
582,19
469,19
28,19
1090,19
599,19
338,19
235,19
374,19
30,19
31,19
67,19
292,19
1331,19
1595,19
1643,19
1115,19
1101,19
8,19
183,19
184,19
1032,19
933,19
445,19
344,19
993,19
1739,19
1233,19
646,19
989,19
47,19
52,19
592,19
179,19
319,19
404,19
1264,19
623,19
217,19
589,19
442,19
617,19
333,19
975,19
23,19
971,19
27,19
40,19
222,19
628,19
1024,19
1631,19
1242,19
562,19
978,19
84,19
410,19
830,19
417,19
1051,19
1056,19
1541,19
11,19
734,19
1392,19
438,19
610,19
1651,19
699,19
1057,19
1611,19
600,19
1114,19
1470,19
1043,19
1044,19
1418,19
71,19
1236,19
1485,19
1511,19
1048,19
911,19
722,19
727,19
738,19
810,19
814,19
1289,19
1464,19
1788,19
101,19
104,19
156,19
176,19
839,19
1614,19
1593,19
266,19
981,19
256,19
680,19
1104,19
1553,19
245,19
145,19
765,19
38,19
1496,19
1054,19
1050,19
1049,19
372,19
1041,19
1039,19
1669,19
1622,19
452,19
894,19
1307,19
1390,19
1306,19
724,19
1361,19
1320,19
1376,19
1389,19
1398,19
1457,19
1297,19
484,19
389,19
487,19
522,19
521,19
520,19
519,19
517,19
637,19
640,19
721,19
872,19
1011,19
55,19
920,19
1355,19
157,19
26,20
599,20
8,20
9,20
944,20
10,20
24,20
35,20
28,20
30,20
32,20
1043,20
1044,20
1681,20
1045,20
334,20
335,20
837,20
1190,20
72,20
830,20
338,20
1046,20
1188,20
137,20
1375,20
1048,20
33,20
48,20
63,20
82,20
113,20
953,20
31,20
67,20
37,20
179,20
445,20
571,20
613,20
618,20
656,20
779,20
1124,20
1184,20
1443,20
1488,20
1355,20
1038,20
1051,20
94,20
215,20
333,20
1560,20
1193,20
1558,20
1361,20
1358,20
943,20
1557,20
1307,20
942,20
1039,20
1191,20
1115,20
1114,20
1054,20
1050,20
1049,20
1192,20
1354,20
1306,20
1041,20
1563,20
1300,20
1305,20
1304,20
1303,20
1302,20
1451,20
157,20
41,20
720,20
487,20
835,20
836,20
2,20
940,20
1185,20
941,20
839,20
894,20
838,20
1456,20
53,20
222,20
486,20
1440,20
1217,20
1379,20
1104,21
1365,21
29,21
47,21
1054,21
1222,21
769,21
641,21
693,21
837,21
1360,21
1088,21
761,21
319,21
602,21
188,21
52,21
114,21
697,21
1492,21
539,21
25,21
1311,21
540,21
10,21
623,21
334,21
30,21
226,21
395,21
1563,21
1366,21
1356,21
698,21
1109,21
978,21
1303,21
1501,21
1397,21
34,21
1358,21
1557,21
1159,21
1050,21
940,21
1329,21
1117,21
944,21
590,21
525,21
1046,21
1095,21
193,21
599,21
943,21
933,21
1049,21
608,21
1190,21
1723,21
337,21
1051,21
1538,21
839,21
8,21
26,21
1115,21
994,21
1264,21
1188,21
428,21
67,21
753,21
1355,21
1307,21
1361,21
1256,21
195,21
433,21
936,21
1302,21
1412,21
1157,21
1259,21
1084,21
1064,21
1114,21
1306,21
1354,21
871,21
1006,21
1210,21
405,21
777,21
541,21
1011,21
1618,21
1503,21
338,21
941,21
942,21
550,21
370,21
838,21
32,21
31,21
1427,21
9,21
24,21
829,21
1375,21
15,21
1192,21
1754,21
928,21
176,21
89,21
187,21
1041,21
28,21
1039,21
1768,21
953,21
107,21
115,21
427,21
136,21
135,21
159,21
117,21
304,21
288,21
236,21
112,21
108,21
830,21
35,21
71,21
55,21
46,21
385,22
953,22
1358,22
859,22
943,22
1304,22
359,22
940,22
941,22
1307,22
1560,22
1038,22
1114,22
30,22
1190,22
1276,22
1305,22
645,22
1517,22
72,22
1049,22
1048,22
1191,22
944,22
1507,22
32,22
1361,22
31,22
1039,22
632,22
942,22
876,22
1041,22
335,22
534,22
571,22
754,22
969,22
1193,22
65,22
1408,22
1383,22
994,22
548,22
821,22
1302,22
1303,22
1115,22
1306,22
1640,22
334,22
1561,22
919,22
1589,22
1238,22
67,22
1046,22
1225,22
1030,22
637,22
772,22
1289,22
927,22
626,22
118,22
1382,22
623,22
159,22
646,22
164,22
633,22
745,22
505,22
1050,22
1300,22
264,22
313,22
306,22
1189,22
1051,22
1354,22
115,22
250,22
239,22
217,22
254,22
881,22
1192,22
654,22
1054,22
1288,22
644,22
1777,22
628,22
966,22
763,22
1761,22
722,22
427,22
37,22
487,22
1056,22
1217,22
1450,22
1464,22
1484,22
1533,22
1396,22
627,22
157,22
148,22
445,22
958,22
1514,22
1562,22
1040,22
640,22
35,22
1185,22
1194,22
42,22
948,22
569,22
884,22
236,22
1122,22
179,22
1282,22
175,22
89,22
185,22
1133,22
1477,22
283,23
1354,23
1193,23
1191,23
944,23
1192,23
1303,23
1358,23
1304,23
943,23
48,23
30,23
1361,23
1051,23
868,23
941,23
1307,23
1306,23
298,23
1305,23
942,23
1046,23
1041,23
1560,23
1115,23
1300,23
940,23
1114,23
334,23
487,23
308,23
953,23
1427,23
1413,23
335,23
1412,23
1336,23
1004,23
1302,23
954,23
1489,23
1530,23
1644,23
610,23
637,23
708,23
1296,23
1190,23
1049,23
31,23
32,23
1048,23
1110,23
37,23
788,23
1038,23
1050,23
267,23
92,23
1054,23
265,23
323,23
1233,23
1671,23
918,23
1039,23
365,23
30,24
1046,24
1361,24
1358,24
1354,24
1191,24
953,24
1038,24
940,24
1049,24
28,24
338,24
24,24
943,24
1115,24
8,24
1307,24
1355,24
235,24
599,24
31,24
239,24
1114,24
944,24
1050,24
941,24
1054,24
1193,24
1192,24
1190,24
942,24
1302,24
1048,24
222,24
1051,24
37,24
1305,24
26,24
1300,24
487,24
1188,24
1563,24
9,24
106,24
108,24
107,24
1306,24
1304,24
1303,24
32,24
333,24
335,24
10,24
1041,24
334,24
1039,24
1581,24
215,24
307,24
742,24
42,24
103,24
632,24
646,24
1756,25
256,25
1667,25
1462,25
1062,25
1780,25
1745,25
352,25
741,25
752,25
89,25
1139,25
746,25
1176,25
1127,25
1652,25
1579,25
1651,25
1649,25
187,25
804,25
65,25
130,25
1476,25
722,25
1671,25
1728,25
822,25
898,25
663,25
217,25
115,25
1724,25
175,25
1341,25
896,25
713,25
185,25
646,25
1192,25
1193,25
1716,25
747,25
126,25
1240,25
658,25
55,25
646,26
71,26
45,26
239,26
112,26
235,26
223,26
319,26
103,26
632,26
216,26
282,26
31,26
60,26
179,26
59,26
61,26
55,26
57,26
56,26
72,26
107,26
108,26
47,26
214,26
236,26
105,26
46,26
194,26
175,26
156,26
106,26
943,26
94,26
1307,26
89,26
164,26
217,26
222,26
115,26
185,26
136,26
32,26
53,26
52,26
187,26
135,26
374,26
159,26
137,26
176,26
184,26
143,26
1121,26
157,26
365,26
42,26
596,26
288,26
35,26
183,26
182,26
181,26
180,26
67,26
837,26
41,26
304,26
807,26
1647,26
704,26
117,26
28,26
1688,26
1563,26
281,26
134,26
747,26
24,26
26,26
953,26
645,26
1201,26
197,26
1397,26
1387,26
1034,27
1171,27
134,27
1086,27
1665,27
1781,27
1245,27
926,27
1181,27
577,27
1776,27
288,27
782,27
861,27
261,27
424,27
143,27
217,27
77,27
632,27
239,27
223,27
214,27
136,27
747,27
885,27
414,27
1300,27
176,27
159,27
319,27
235,27
1723,27
222,27
1375,27
1260,27
229,27
1686,27
705,27
646,27
886,27
938,27
157,27
425,27
731,27
115,27
112,27
216,27
103,27
105,27
108,27
107,27
106,27
117,27
187,27
182,27
118,27
936,27
135,27
89,27
185,27
137,27
374,27
978,27
94,27
156,27
626,27
1188,27
47,27
282,27
236,27
197,27
179,27
59,27
61,27
46,27
57,27
175,27
53,27
184,27
338,27
56,27
52,27
181,27
194,27
42,27
180,27
1121,27
761,27
183,27
304,27
60,27
72,27
897,27
639,27
1463,27
67,27
1756,27
1428,28
1141,28
957,28
1782,28
1144,28
148,28
543,28
1611,28
1733,28
1722,28
448,28
1675,28
1712,28
131,28
1785,28
1251,28
1563,28
1115,28
509,28
1191,28
1192,28
1671,28
1433,28
1143,28
1670,28
564,28
672,28
62,28
1020,28
1194,28
1262,28
971,28
1773,28
1446,28
1176,28
353,28
80,28
1792,28
1067,28
617,28
1667,28
529,28
1691,28
352,28
1161,28
632,28
256,28
99,28
982,28
955,28
89,28
102,28
107,28
1283,28
1236,28
1230,28
1195,28
969,28
871,28
1402,28
1688,28
513,28
647,28
83,28
1777,28
918,28
576,28
426,28
1407,28
1387,28
1249,28
236,28
1263,28
592,28
1418,28
1524,28
1385,28
1315,28
1166,28
1196,28
1451,28
1556,28
1533,28
441,28
235,28
702,28
159,28
1734,28
669,28
665,28
896,28
635,28
1564,28
494,28
1078,28
1182,28
445,28
222,28
944,28
239,28
559,28
1688,29
1700,29
713,29
1657,29
1268,29
1784,29
59,29
71,29
135,29
1799,29
319,29
1725,29
658,29
157,29
106,29
159,29
1121,29
185,29
1495,29
1063,29
1722,29
599,29
44,29
605,29
45,29
870,29
1787,29
1538,29
1598,29
524,29
901,29
1434,29
1056,29
747,29
1398,29
1441,29
136,29
1597,29
932,30
408,30
1804,30
746,30
558,30
67,30
940,30
941,30
942,30
943,30
1007,30
751,30
1012,30
1195,30
784,30
1506,30
737,30
1408,30
778,30
476,30
734,30
821,30
387,30
1588,30
1638,30
139,30
755,30
939,30
928,30
931,30
1053,30
1091,30
1653,30
553,30
766,30
1149,30
537,30
961,30
539,30
1264,30
1205,30
1593,30
367,30
291,30
1596,30
1337,30
1332,30
687,30
631,30
1636,30
1437,30
1524,30
1542,30
372,30
445,30
1424,30
1323,30
531,30
1414,30
1348,30
1126,30
89,30
998,30
1614,30
1474,30
540,30
1449,30
292,30
1409,30
628,30
754,30
810,30
630,30
1124,30
599,30
197,31
187,31
235,31
112,31
223,31
148,31
176,31
117,31
89,31
282,31
94,31
216,31
217,31
184,31
136,31
632,31
222,31
239,31
115,31
236,31
288,31
164,31
175,31
319,31
179,31
106,31
185,31
59,31
72,31
304,31
103,31
646,31
181,31
107,31
108,31
180,31
159,31
118,31
55,31
157,31
183,31
137,31
47,31
1121,31
156,31
46,31
135,31
42,31
1121,32
136,32
1082,32
1432,32
891,32
107,32
646,32
115,32
1006,32
1166,32
319,32
187,32
159,32
94,32
89,32
217,32
223,32
945,32
197,32
236,32
216,32
135,32
239,32
222,32
185,32
176,32
148,32
184,32
183,32
182,32
181,32
180,32
157,32
106,32
72,32
103,32
108,32
1175,32
105,32
235,32
288,32
304,32
1188,32
47,32
143,32
55,32
117,32
118,32
112,32
156,32
137,32
179,32
46,32
164,32
175,32
56,32
282,32
42,32
374,32
194,32
632,32
214,32
1051,32
1191,32
1192,32
1381,32
60,32
59,32
71,32
387,32
45,32
61,32
53,32
52,32
57,32
223,33
632,33
222,33
148,33
72,33
236,33
176,33
235,33
239,33
197,33
89,33
319,33
112,33
59,33
288,33
184,33
183,33
108,33
55,33
136,33
107,33
646,33
1121,33
187,33
185,33
217,33
106,33
94,33
175,33
117,33
118,33
179,33
103,33
47,33
42,33
46,33
216,33
156,33
157,33
159,33
115,33
135,33
137,33
282,33
164,33
194,33
304,33
180,33
181,33
182,33
646,34
1791,34
156,34
222,34
179,34
187,34
46,34
59,34
136,34
319,34
184,34
164,34
137,34
632,34
1121,34
148,34
159,34
157,34
185,34
216,34
235,34
47,34
117,34
135,34
112,34
55,34
72,34
183,34
106,34
94,34
194,34
175,34
288,34
107,34
1405,34
176,34
223,34
1560,34
525,34
118,34
197,34
42,34
115,34
108,34
239,34
236,34
1300,34
217,34
89,34
1190,34
103,34
282,34
1306,34
542,34
1302,34
1305,34
30,34
1304,34
1354,34
32,34
304,34
1358,34
180,34
333,34
1361,34
176,35
288,35
148,35
180,35
175,35
179,35
197,35
164,35
46,35
216,35
182,35
184,35
189,35
239,35
156,35
222,35
187,35
159,35
632,35
236,35
235,35
282,35
185,35
94,35
108,35
304,35
103,35
107,35
319,35
72,35
89,35
223,35
217,35
194,35
646,35
106,35
118,35
112,35
115,35
136,35
135,35
55,35
137,35
47,35
157,35
1121,35
59,35
117,35
646,36
632,36
135,36
148,36
214,36
55,36
223,36
159,36
304,36
235,36
136,36
59,36
103,36
115,36
107,36
89,36
164,36
185,36
222,36
197,36
117,36
288,36
156,36
112,36
108,36
183,36
179,36
236,36
105,36
217,36
282,36
72,36
42,36
187,36
157,36
239,36
175,36
137,36
319,36
106,36
180,36
118,36
181,36
176,36
1304,36
335,36
184,36
334,36
182,36
47,36
216,36
94,36
1121,36
46,36
194,36
1303,36
411,37
1250,37
1548,37
349,37
1649,37
1583,37
606,37
1493,37
307,37
1671,37
684,37
63,37
804,37
1271,37
1515,37
1406,37
130,37
186,37
1494,37
1081,37
1412,37
375,37
43,37
196,37
145,37
1498,37
1497,37
1487,37
254,37
1239,37
1011,37
123,37
1163,37
1626,37
843,37
897,37
742,37
1210,37
65,37
536,37
138,37
1503,37
1387,37
773,37
699,37
1407,37
1526,37
92,37
90,37
140,37
101,37
24,37
1523,37
1525,37
155,37
245,37
1150,37
422,37
1570,37
1700,37
198,37
1486,37
751,37
1483,37
608,37
1436,37
1373,37
647,37
215,37
1452,37
356,37
366,37
244,37
725,37
545,37
718,37
492,37
1652,37
1572,37
710,37
1461,37
501,37
233,37
436,37
597,37
639,37
604,37
703,37
716,37
1651,37
205,37
976,37
81,37
1550,37
1197,37
502,37
204,37
1584,37
1604,37
230,37
152,37
573,37
668,37
1581,37
48,37
1606,37
895,37
83,38
1433,38
375,38
149,38
773,38
1489,38
1061,38
1075,38
709,38
84,38
196,38
1630,38
1470,38
254,38
326,38
409,38
1079,38
347,38
422,38
608,38
1473,38
434,38
1067,38
1487,38
1407,38
803,38
465,38
1666,38
788,38
1132,38
1412,38
647,38
1158,38
31,38
32,38
1483,38
1073,38
1063,38
1378,38
1387,38
307,38
1671,38
1355,38
1573,38
1420,38
1142,38
320,38
1341,38
1069,38
981,38
501,38
873,38
718,38
1193,38
1038,38
1054,38
953,38
722,38
1652,38
78,38
1115,38
1114,38
205,38
1271,38
245,38
1500,38
130,38
333,38
1307,38
699,38
639,38
710,38
804,38
1461,38
1395,38
1502,38
1503,38
753,39
1623,39
1728,39
1724,39
1305,39
1758,39
1668,39
362,39
302,39
468,39
1452,39
374,39
392,39
1767,39
363,39
204,39
1061,39
319,39
137,39
412,39
3,39
1438,39
436,39
150,39
307,39
1121,39
448,39
1422,39
1722,39
35,39
790,39
594,39
1570,39
1407,39
1487,39
1270,39
678,39
844,39
196,39
627,39
1039,39
11,39
1011,39
608,39
202,39
1248,39
65,39
1671,40
1406,40
1271,40
1407,40
804,40
43,40
245,40
233,40
1452,40
1387,40
218,40
422,40
205,40
639,40
1197,40
1483,40
215,40
608,40
742,40
436,40
196,40
1395,40
1515,40
1500,40
718,40
1239,40
254,40
307,40
1526,40
411,40
1487,40
1581,40
1583,40
1412,40
1497,40
1494,40
1486,40
647,40
1081,40
370,40
1498,40
186,40
1550,40
1570,40
1572,40
1573,40
1584,40
716,40
1606,40
1011,40
843,40
492,40
1592,40
773,40
263,40
1548,40
375,40
699,40
710,40
1579,40
130,40
1150,40
1565,40
1132,40
1502,40
518,40
1604,40
1503,40
1493,40
1170,40
897,40
1523,40
1535,40
1525,40
366,40
1605,40
356,40
725,40
346,40
573,40
564,40
1652,40
345,40
976,40
1649,40
1461,40
1618,40
501,40
1602,40
65,40
573,41
65,41
1150,41
436,41
501,41
1170,41
205,41
804,41
1132,41
1266,41
895,41
897,41
90,41
1500,41
1605,41
1461,41
976,41
1583,41
1584,41
1011,41
1081,41
1452,41
86,41
1671,41
1498,41
1572,41
1407,41
742,41
1239,41
1412,41
1494,41
1602,41
1487,41
1493,41
1395,41
1271,41
1387,41
1486,41
1483,41
63,41
710,41
1406,41
1197,41
1606,41
725,41
1526,41
1497,41
1604,41
1652,41
215,41
718,41
1535,41
959,41
958,41
773,41
411,41
307,41
245,41
47,41
1560,41
1651,41
647,41
1649,41
263,41
108,41
1573,41
422,41
716,41
843,41
699,41
196,41
1502,41
369,41
1581,41
1579,41
1570,41
1565,41
1550,41
1548,41
1525,41
1523,41
1515,41
1503,41
1618,41
621,41
654,41
729,41
774,41
796,41
798,41
847,41
886,41
948,41
975,41
1002,41
1212,41
1341,41
1389,41
1409,41
1418,41
1431,41
1509,41
1593,41
1332,41
104,41
792,41
1038,41
1231,41
1232,41
1441,41
1477,41
518,41
1432,41
1371,41
1357,41
816,41
639,41
356,41
345,41
218,41
366,41
254,41
570,41
574,41
43,41
233,41
130,41
1415,41
1358,41
691,41
1400,41
1448,41
101,41
668,41
283,41
375,41
123,41
138,41
160,41
190,41
492,41
862,41
608,41
272,41
1382,41
1354,41
1280,41
1039,41
333,41
1047,41
24,41
1297,41
1512,41
536,41
360,41
1289,41
639,42
1487,42
1493,42
1221,42
1486,42
1483,42
804,42
1618,42
1535,42
421,42
1412,42
1239,42
32,42
31,42
518,42
492,42
375,42
1671,42
411,42
825,42
884,42
1035,42
1201,42
710,42
520,42
608,42
647,42
245,42
1011,42
1038,42
1170,42
1395,42
1452,42
897,42
651,42
574,42
783,42
506,42
479,42
843,42
453,42
254,42
1197,42
832,42
668,42
1271,42
1583,42
1114,42
218,42
631,42
1461,42
1497,42
742,42
1500,42
696,42
773,42
1407,42
1279,42
1275,42
501,42
895,42
345,42
1565,42
1572,42
307,42
1573,42
1579,42
1581,42
130,42
573,42
716,42
356,42
366,42
1643,42
718,42
1570,42
1115,42
725,42
1494,42
1651,42
436,42
505,42
1380,42
976,42
953,42
949,42
592,42
1640,42
1503,42
1132,42
1515,42
1525,42
1652,42
1602,42
1523,42
1526,42
1604,42
289,42
1150,42
1498,42
1402,42
1502,42
699,42
1116,42
849,42
760,42
1548,42
1081,42
215,42
1406,42
422,42
196,42
205,42
233,42
1387,42
347,42
1070,42
1227,42
1414,42
1584,42
1258,42
1606,42
1649,42
877,42
558,42
1209,42
938,42
1010,43
13,43
1341,43
14,43
795,43
1764,43
1536,43
983,43
22,43
730,43
1765,43
251,43
1185,43
754,43
333,43
1771,43
1789,43
1760,43
1381,43
807,43
547,43
264,43
1762,43
1763,43
10,43
9,43
355,43
1437,43
1043,43
66,43
37,43
35,43
623,43
30,43
1044,43
1054,43
1045,43
447,43
24,43
1113,43
1172,44
70,44
1768,44
1763,44
1368,44
1801,44
790,44
580,44
1300,44
1712,44
925,44
1624,44
1704,44
1761,44
1724,44
312,44
822,44
901,44
106,44
290,44
1667,44
1329,44
981,44
417,44
216,44
179,44
182,44
181,44
295,45
625,45
278,45
1787,45
1130,45
1339,45
292,45
410,45
368,45
324,45
155,45
1635,45
1626,45
22,45
845,45
1705,45
936,45
34,45
567,45
456,45
578,45
459,45
652,45
466,45
904,45
460,45
1255,45
173,45
1000,45
459,46
904,46
578,46
905,46
902,46
831,46
458,46
1694,46
396,46
1759,46
399,46
525,46
462,46
625,46
730,46
398,46
566,46
1719,46
178,46
174,46
903,46
1188,46
944,46
943,46
1717,46
460,46
464,46
331,46
607,46
664,46
1217,46
1596,46
172,46
461,46
1039,46
1041,46
456,46
457,46
943,47
942,47
941,47
566,47
944,47
1048,47
1039,47
1046,47
710,47
1049,47
1759,47
1192,47
1115,47
1632,47
1114,47
1054,47
1051,47
1050,47
1191,47
1694,47
334,47
32,47
30,47
28,47
312,47
26,47
1103,47
963,47
335,47
839,47
838,47
836,47
835,47
487,47
814,47
813,47
812,47
578,47
810,47
807,47
806,47
805,47
802,47
800,47
815,47
798,47
796,47
792,47
784,47
1719,47
450,47
783,47
904,47
780,47
797,47
816,47
1693,47
779,47
778,47
774,47
1305,47
1304,47
1303,47
1302,47
1193,47
1307,47
1354,47
1355,47
764,47
754,47
750,47
744,47
740,47
724,47
689,47
662,47
661,47
654,47
564,47
1560,47
1361,47
1358,47
776,47
287,47
456,47
407,47
466,47
462,47
333,47
459,47
457,47
1074,47
398,47
396,47
1187,47
905,47
406,47
214,47
148,47
1288,47
460,47
174,47
178,47
1449,47
903,47
730,47
977,47
1523,47
936,47
458,47
1061,47
1639,47
974,47
1544,47
1645,47
751,47
719,47
1397,47
899,48
943,48
838,48
1324,48
942,48
1759,48
839,48
903,48
940,48
463,48
941,48
1126,48
444,48
1717,48
457,48
567,48
538,48
904,48
397,48
1719,48
99,48
172,48
331,48
944,48
1761,48
93,48
1694,48
1193,48
1192,48
1191,48
1375,48
831,48
462,48
477,48
44,48
902,48
460,48
956,48
466,48
566,48
464,48
458,48
578,48
1693,48
1063,48
845,48
312,48
300,48
1705,48
456,48
819,48
398,48
396,48
459,48
1194,48
173,48
1038,48
338,48
365,48
905,49
398,49
456,49
858,49
387,49
460,49
458,49
466,49
902,49
546,49
845,49
904,49
1288,49
1719,49
396,49
459,49
362,49
1130,49
899,49
1718,49
312,49
300,49
178,49
15,49
461,49
924,49
566,49
462,49
457,49
1694,49
173,49
174,49
1014,49
963,49
752,49
361,49
961,49
331,49
903,49
1759,49
172,49
1717,49
1233,49
195,50
493,50
994,50
495,50
621,50
293,50
774,50
806,50
600,50
1806,50
144,50
1579,50
1550,50
1407,50
1150,50
1132,50
1011,50
517,50
1667,50
1716,50
273,50
1714,50
971,50
140,50
127,50
126,50
1410,50
211,50
1802,50
1179,50
1367,50
679,50
288,50
790,50
660,50
1601,50
1785,50
594,50
402,50
604,50
307,50
309,50
1229,50
374,50
1188,50
1713,50
655,50
838,50
538,50
299,50
1092,50
753,50
611,50
1463,50
433,50
426,50
1110,50
822,50
646,50
632,50
304,50
282,50
239,50
223,50
217,50
136,50
115,50
103,50
94,50
47,50
1121,50
1677,50
733,50
661,50
1744,50
1624,50
1701,50
1755,50
1455,50
971,51
1755,51
785,51
1746,51
790,51
1179,51
1669,51
1339,51
691,51
696,51
702,51
701,51
700,51
1690,51
491,51
1107,51
1251,51
650,51
666,51
962,51
0,51
489,51
284,51
517,51
519,51
1000,51
1004,51
11,51
85,51
199,51
17,51
1626,51
1454,51
1741,51
377,51
34,51
389,51
448,51
1375,51
131,51
57,51
1709,51
1701,51
1029,52
617,52
943,52
1738,52
942,52
844,52
1252,52
227,52
202,52
1663,52
1713,52
822,52
1731,52
65,52
448,52
1114,52
1806,52
1354,52
1796,52
491,52
1307,52
594,52
1690,52
971,52
565,52
1300,52
1303,52
1302,52
1304,52
30,52
307,52
826,52
1232,52
1195,52
875,52
785,52
1192,52
1728,52
1049,52
1143,52
1190,52
790,52
1743,52
1054,52
1051,52
1038,52
1193,52
1715,52
31,52
1358,52
1625,52
338,52
342,53
790,53
1624,53
1367,53
1031,53
1003,53
389,53
624,53
1743,53
642,53
601,53
594,53
1438,53
1779,53
85,53
448,53
958,53
1454,53
844,53
1723,53
1008,53
202,53
270,54
3,54
266,54
110,54
1600,54
1179,54
804,54
1370,54
455,54
307,54
1043,54
1264,54
1286,54
454,54
576,54
325,54
1452,54
1500,54
411,54
773,54
970,54
1285,54
184,54
30,54
233,54
608,54
822,54
1143,54
1649,54
1532,54
419,54
501,54
112,54
35,54
183,54
1414,54
747,54
1041,54
1550,54
1585,54
196,54
1515,54
422,54
44,54
1056,54
573,54
524,54
525,54
436,54
705,54
356,54
375,54
807,54
469,54
354,54
811,54
895,54
996,54
714,54
843,54
1197,54
1395,54
215,54
1565,54
685,54
1558,54
1307,54
1494,54
925,55
1182,55
1751,55
1008,55
343,55
580,55
1712,55
325,55
822,55
634,55
576,55
1742,55
971,55
284,55
1270,55
1199,55
1415,55
1418,55
1435,55
1518,55
1608,55
92,55
1733,55
448,55
1009,55
1146,55
825,55
1695,55
790,55
1700,55
1667,55
624,55
1367,55
11,55
748,55
1031,55
970,55
623,55
342,55
293,55
1728,55
1787,55
1281,56
19,56
384,56
1737,56
1795,56
1797,56
1375,56
1735,56
1736,56
536,56
1381,56
115,56
89,56
585,56
773,56
112,56
1715,56
1093,56
235,56
234,56
771,56
239,56
360,56
403,56
605,56
657,56
599,56
1242,56
190,56
1296,56
1215,56
649,56
764,56
827,56
866,56
937,56
1052,56
1194,56
1309,56
1518,56
1230,56
1400,56
1466,56
1529,56
1534,56
1588,56
1631,56
1423,56
1549,56
488,56
1355,56
1190,56
107,56
222,56
646,56
1440,56
46,56
1204,56
1030,56
372,56
106,56
1162,56
977,56
1590,56
1113,56
175,56
177,56
395,56
1303,56
1288,56
1444,56
596,56
670,56
879,56
1118,56
1213,56
1224,56
1607,56
1531,56
205,56
233,56
60,56
1150,56
853,56
254,56
1216,56
137,56
1357,56
1188,56
1358,56
501,56
1361,56
282,56
473,56
1209,56
1331,56
1698,57
192,57
193,57
1697,57
1685,57
511,57
1447,57
371,57
512,57
1703,57
513,57
1075,57
1061,57
1079,57
1488,57
231,57
681,57
721,57
1516,57
1604,57
1583,57
1038,57
1041,57
1355,57
1253,57
878,57
1689,57
638,57
1730,57
619,57
777,57
918,57
936,57
1084,57
1635,57
285,57
590,57
641,57
698,57
1143,57
1057,57
395,58
1240,58
878,58
1703,58
1495,58
241,58
1178,58
69,58
707,58
1721,58
1175,58
1241,58
125,58
669,58
1002,58
1329,58
1216,58
1739,58
880,58
1281,58
393,58
260,58
314,58
412,58
375,58
1165,58
1125,58
1114,58
954,58
35,58
1715,58
126,58
1233,58
638,58
1262,58
118,58
1153,58
26,58
30,58
250,58
248,58
514,58
238,58
210,58
156,58
1523,58
745,58
558,58
442,58
417,58
327,58
1436,58
326,58
533,58
515,58
365,58
487,58
827,58
825,58
1558,58
92,58
1560,58
1606,58
1162,58
1649,58
84,59
1582,59
626,59
733,59
1747,59
1616,59
1729,59
131,59
67,59
1563,59
1730,59
1152,59
269,59
719,59
1699,59
842,59
1598,59
787,59
1085,59
1120,59
1648,59
1481,59
487,59
1464,59
1215,59
1090,59
970,59
935,59
715,59
292,59
581,59
714,59
1564,59
1793,59
1544,59
1188,59
51,59
1524,59
407,59
1656,59
1624,59
1476,59
1643,59
1650,59
364,59
19,59
1299,59
1611,59
1193,59
35,59
243,59
98,59
584,59
1587,59
878,59
420,59
559,59
199,59
1807,59
1240,59
1587,60
1065,60
365,60
1732,60
1701,60
526,60
794,60
213,60
393,60
1116,60
747,60
166,60
1741,60
1740,60
1338,60
646,60
1341,60
1520,60
623,60
1018,60
1264,60
1518,60
32,60
159,60
72,60
1436,60
942,60
1051,60
659,60
707,60
269,60
1554,60
1324,60
836,60
1062,60
975,60
113,60
1281,60
941,60
715,60
823,60
735,60
65,61
391,61
1779,61
728,61
647,61
1412,61
1655,61
1033,61
1642,61
1452,61
1123,61
544,61
375,61
365,61
1587,61
196,61
1122,61
1138,61
888,61
883,61
1595,61
1404,61
275,61
1056,61
88,61
878,61
1240,61
1062,61
834,61
50,61
1118,61
393,61
1185,61
659,61
418,61
1503,61
420,62
834,62
1581,62
1609,62
1493,62
1550,62
1572,62
1240,62
1605,62
470,62
791,62
712,62
717,62
688,62
532,62
647,62
1291,62
364,62
78,62
84,62
492,62
415,62
422,62
118,62
97,62
480,62
449,62
488,62
1662,62
128,62
376,62
732,62
1199,62
1464,62
1555,62
1588,62
719,62
1608,62
680,62
721,62
1166,62
1185,62
898,62
955,62
1723,62
225,62
99,62
774,62
1153,62
1228,62
1242,62
1246,62
1309,62
722,62
1664,62
510,62
1650,62
720,62
1463,62
1749,62
439,62
98,62
777,62
1730,62
50,62
257,62
433,62
514,62
1281,62
4,62
51,62
426,62
49,62
1807,62
704,62
31,62
1106,62
570,62
1375,62
1541,62
151,62
1098,62
260,62
1590,62
733,62
559,62
637,62
659,62
1152,62
1283,62
1614,62
1419,62
1582,62
1293,62
1119,62
793,62
256,62
1721,62
1797,62
1425,62
1634,62
1589,62
1490,62
465,63
1538,63
260,63
749,63
415,63
559,63
1267,63
793,63
34,63
243,63
413,63
1520,63
1457,63
1747,63
1699,63
547,63
918,63
1673,63
486,63
279,63
31,63
1293,63
1210,63
1523,63
768,63
883,63
787,63
66,63
26,63
380,63
1573,63
949,63
1061,63
1190,63
540,63
1328,63
950,63
645,63
1169,63
569,63
1608,63
1201,63
754,63
1752,63
1495,63
1120,63
256,63
1560,63
1558,63
794,63
1002,63
1113,63
1596,63
1199,63
314,63
1805,63
1144,63
1310,63
1628,63
345,63
498,63
51,64
1793,64
793,64
1666,64
732,64
683,64
719,64
1293,64
1185,64
270,64
717,64
1478,64
803,64
1699,64
707,64
1525,64
1573,64
642,64
1687,64
981,64
275,64
639,64
1673,64
641,64
1120,64
89,64
98,64
241,64
131,64
688,64
837,64
570,64
704,64
49,64
84,64
1620,64
749,64
99,64
314,64
1436,64
898,64
1709,64
1790,64
1730,65
50,65
1659,65
704,65
314,65
1599,65
1628,65
1683,65
529,65
247,65
642,65
370,65
690,65
470,65
1495,65
659,65
214,65
663,65
791,65
342,65
783,65
947,65
1629,65
835,65
1026,65
1373,65
1194,65
634,65
920,65
1291,65
1587,65
1752,66
1613,66
416,66
690,66
1366,66
439,66
337,66
683,66
4,66
1672,66
1157,66
147,66
876,66
51,66
98,66
1188,66
1190,66
1659,66
704,66
1240,66
1710,66
1500,66
1412,66
1271,66
492,66
65,66
221,66
1395,66
599,66
1331,66
859,66
786,66
28,66
1038,66
1053,66
1576,66
663,66
1650,66
808,66
787,66
898,66
559,66
1281,66
465,66
1730,66
50,66
1056,66
113,66
1563,66
1700,66
635,66
563,66
524,66
642,66
140,66
420,66
1664,66
1662,66
898,67
315,67
942,67
941,67
1720,67
435,67
514,67
1011,67
711,67
803,67
704,67
786,67
1617,67
1783,67
1475,67
1723,67
649,67
257,67
151,67
249,67
683,67
160,67
592,67
437,67
1769,67
1082,67
710,67
880,67
470,67
1455,67
690,67
793,67
393,67
465,67
127,67
808,67
1337,67
4,67
129,67
67,67
142,67
1793,67
707,67
559,67
642,67
1470,67
732,67
719,67
296,67
342,67
791,67
126,67
920,67
532,67
1119,67
878,67
1698,67
437,68
981,68
1479,68
140,68
50,68
1261,68
1807,68
232,68
1582,68
127,68
99,68
1041,68
1734,68
147,68
454,68
801,68
1793,68
1283,68
642,68
722,68
1641,68
1188,68
1110,68
1185,68
1293,68
141,68
940,68
142,68
131,68
84,68
1098,68
572,68
51,68
405,68
1502,68
1703,68
455,68
420,68
290,68
787,68
1533,68
1184,68
834,68
299,68
1084,68
393,68
1635,68
559,68
1495,68
465,68
410,68
745,68
1175,68
240,68
1115,68
138,68
505,68
243,69
410,69
1778,69
253,69
1611,69
989,69
1709,69
642,69
1736,69
440,69
166,69
562,69
248,69
793,69
669,69
412,69
202,69
1601,69
659,69
1216,69
584,69
365,69
110,69
1300,69
977,69
937,69
409,69
1710,69
1195,69
1194,69
1082,69
874,69
1528,69
1807,69
733,69
420,69
1111,69
1180,69
1319,69
1293,69
788,69
787,69
1600,69
537,69
1098,69
140,69
69,69
51,69
1544,69
437,69
1262,69
1730,69
1774,69
707,69
1436,69
920,69
76,69
84,69
719,69
1583,69
1144,69
87,69
1510,69
880,69
1729,69
1240,69
1469,70
1661,70
1783,70
131,70
177,70
924,70
1057,70
128,70
787,70
642,70
532,70
1240,70
1664,70
1472,70
1436,70
133,70
1650,70
1582,70
219,70
365,70
50,70
1098,70
213,70
808,70
393,70
803,70
1152,70
290,70
733,70
199,70
1495,70
40,70
99,70
1049,70
1002,70
1681,70
67,70
1185,70
1085,70
807,70
1114,70
584,70
801,70
964,70
884,70
1096,71
351,71
341,71
454,71
1205,71
126,71
1243,71
163,71
1566,71
158,71
404,71
818,71
563,71
862,71
1584,71
640,71
220,71
615,71
974,71
718,71
154,71
1290,71
1605,71
446,71
118,71
1286,71
972,71
840,71
475,71
677,71
1253,71
272,71
1807,71
1303,71
1302,71
953,71
747,71
1481,71
1307,71
1300,71
1304,71
205,71
1132,71
292,71
1716,71
595,71
225,71
214,71
1165,71
376,71
878,71
99,71
898,71
1423,71
1240,71
1057,71
1325,71
1329,71
1363,71
1645,71
1119,71
1306,71
97,71
449,71
970,71
78,71
332,71
1072,71
326,71
947,71
966,71
1102,71
560,71
1042,71
1634,71
91,71
945,71
408,71
532,71
908,71
1517,71
1144,71
527,71
967,71
1255,71
714,71
1257,71
1772,71
1436,71
1730,71
315,71
167,71
1346,71
33,71
1081,71
869,71
129,71
864,71
1455,71
80,71
870,71
1199,72
405,72
1085,72
1696,72
166,72
404,72
23,72
1074,72
353,72
200,72
1708,72
285,72
80,72
260,72
225,72
376,72
1673,72
429,72
1684,72
1381,72
557,72
1176,72
332,72
201,72
417,72
365,72
1401,72
74,72
1523,72
920,72
538,72
246,72
1412,72
1392,72
154,72
91,72
75,72
612,72
283,72
1446,72
1419,72
1402,72
1286,72
832,72
777,72
973,72
1720,72
731,72
842,72
933,72
1259,72
1253,72
1186,72
1669,72
1739,72
131,72
1160,72
1084,72
1064,72
974,72
972,72
936,72
698,72
622,72
595,72
590,72
579,72
541,72
454,72
449,72
1242,72
693,72
163,72
643,72
410,72
677,72
1332,72
641,72
615,72
1754,72
787,72
604,72
1753,72
1581,72
810,72
140,72
1772,72
334,72
1609,72
755,72
633,72
1353,72
351,72
1410,72
1491,72
1539,72
1576,72
735,72
998,72
1151,72
1315,72
1087,72
1009,72
197,72
83,72
1649,72
1436,72
128,72
518,72
1051,72
1358,72
413,72
1018,72
395,72
292,72
1538,72
1463,72
415,72
878,72
67,73
132,73
1563,73
840,73
842,73
557,73
941,73
338,73
1186,73
1160,73
1148,73
943,73
1684,73
677,73
1064,73
1428,73
35,73
1483,73
1429,73
1355,73
1786,73
1378,73
1085,73
186,73
1384,73
1361,73
1286,73
1187,73
964,73
887,73
642,73
635,73
48,73
258,73
1185,73
1259,73
752,73
722,73
878,73
80,73
154,73
429,73
615,73
974,73
564,73
502,73
542,73
323,73
832,73
697,73
622,73
298,73
283,73
1163,73
641,73
193,73
15,73
821,73
870,73
500,73
267,73
1756,73
590,73
285,73
1326,73
1327,73
1328,73
518,73
804,73
307,73
156,73
1654,73
105,73
103,73
71,73
1176,73
1611,73
94,73
1523,73
1605,73
1598,73
1706,73
532,73
290,73
31,73
1757,73
1300,73
836,73
1729,73
1726,73
1601,73
1373,73
536,73
538,73
547,73
1026,73
718,73
843,73
1150,73
1446,73
1548,73
308,73
74,73
449,73
79,73
1572,73
23,73
370,73
75,73
1291,73
1004,73
1253,73
1527,73
454,73
353,73
200,73
123,73
981,73
1420,73
1115,73
1114,73
997,74
1144,74
206,74
277,74
1096,74
1562,74
642,74
1723,74
290,74
690,74
703,74
1364,74
309,74
1611,74
1582,74
704,74
220,74
1795,74
604,74
129,74
433,74
393,74
683,74
1495,74
1734,74
878,74
1729,74
1649,74
594,74
1726,74
307,74
778,74
1057,74
794,74
788,74
789,74
712,74
803,74
1721,74
1590,74
1448,74
1318,74
1317,74
1243,74
884,74
774,74
241,74
715,74
661,74
536,74
1185,74
1706,74
442,74
80,74
1375,74
99,74
559,74
1807,74
629,74
126,74
557,74
1471,74
1664,74
84,74
1615,74
34,74
1695,74
1321,74
1222,74
1149,74
651,74
711,74
1673,74
951,74
791,74
1400,75
1519,75
281,75
1343,75
1136,75
38,75
1496,75
499,75
796,75
209,75
319,75
329,75
1595,75
1323,75
1408,75
1580,75
827,75
1214,75
1296,75
1404,75
1318,75
1569,75
909,75
1612,75
1571,75
1206,75
1028,75
306,75
705,75
579,75
1344,75
1352,75
1472,75
1733,75
1023,75
208,75
16,75
284,75
935,75
167,75
1610,75
1027,75
55,75
1040,75
1382,75
740,75
1430,75
1455,75
250,75
623,75
804,75
537,75
1088,75
1039,75
169,75
847,75
1489,75
1145,75
560,75
483,75
252,75
240,75
522,75
1205,75
1415,75
626,75
631,75
744,75
1518,75
1522,75
1273,75
1507,75
1474,75
1457,75
1269,75
292,75
1531,75
162,75
259,75
1080,75
66,75
1233,75
1238,75
1101,75
908,75
295,75
979,75
1119,75
203,75
1241,75
1542,75
1468,75
1425,75
408,75
1304,75
1301,75
1240,75
1217,75
989,75
338,75
1314,75
1055,75
893,75
1096,75
889,75
1371,75
1374,75
1411,75
1329,75
1221,75
734,75
637,75
610,75
90,75
46,75
1630,75
1475,75
1440,75
551,75
188,75
35,75
37,75
1212,75
303,75
830,75
642,75
876,75
548,75
1199,75
484,75
593,75
1282,75
1309,75
1099,75
500,75
504,75
1018,75
496,75
30,75
28,75
1353,75
515,75
1634,75
1002,75
1451,75
1376,75
589,75
998,75
700,75
1230,75
416,75
6,75
1183,75
1114,75
1262,75
737,75
995,75
1538,75
1547,75
729,75
350,75
721,75
949,75
270,75
739,75
260,75
1293,75
755,75
1414,76
237,76
1451,76
1455,76
1457,76
1530,76
1448,76
1482,76
1399,76
1097,76
54,76
443,76
1386,76
1417,76
1001,76
1364,76
694,76
1519,76
317,76
1522,76
692,76
1529,76
1277,76
824,76
452,76
1310,76
980,76
280,76
122,76
1060,76
841,76
504,76
322,76
1213,76
1744,76
828,76
165,76
1623,76
1311,76
418,76
1312,76
913,76
297,76
320,76
357,76
1395,76
256,76
754,76
1340,76
1290,76
1391,76
166,76
632,76
1621,76
1149,76
1745,76
1552,76
1464,76
527,76
981,76
1331,76
984,76
607,76
1363,76
1006,76
1371,76
1374,76
1377,76
1408,76
1442,76
1475,76
1569,76
1630,76
157,76
586,76
748,76
1634,76
1533,76
1117,76
1389,76
1369,76
1251,76
1562,76
1593,76
790,76
448,76
1067,76
860,76
1111,76
1390,76
1532,76
1610,76
1545,76
1539,76
1443,76
1232,76
962,76
640,76
1063,76
1404,76
977,76
183,76
1384,76
1372,76
1359,76
1227,76
1341,76
1648,76
1645,76
1323,76
1288,76
1629,76
1285,76
1184,76
1180,76
1108,76
1099,76
1518,76
916,76
1559,76
1407,76
1572,76
1671,76
1524,76
1520,76
1517,76
1512,76
1387,76
1491,76
1119,76
1425,76
1118,76
1423,76
1076,76
939,76
892,76
827,76
820,76
548,76
547,76
510,76
539,76
289,76
367,76
616,76
628,76
1410,76
778,76
1362,76
1228,76
1396,76
1138,76
848,76
1580,76
964,76
958,76
949,76
938,76
880,76
484,76
751,76
1342,76
496,76
735,76
623,76
611,76
516,76
506,76
553,76
989,76
503,76
667,76
1121,76
1366,76
1062,76
830,76
239,76
1220,76
1175,76
1173,76
1089,76
1037,76
1036,76
1035,76
797,76
796,76
650,76
643,76
631,76
626,76
572,76
222,76
1238,76
1325,76
1422,76
1440,76
1477,76
704,76
241,76
411,76
1293,76
569,76
488,76
1011,76
1588,76
1126,76
1169,76
917,76
240,76
292,76
395,76
473,76
531,76
542,76
558,76
563,76
585,76
651,76
656,76
734,76
786,76
816,76
869,76
960,76
985,76
1052,76
1109,76
1338,76
1275,76
1321,76
1380,76
1514,76
1753,76
646,76
1316,76
561,76
271,76
1528,76
891,76
889,76
476,76
805,76
1314,76
523,76
1087,76
736,76
336,76
118,76
1297,76
525,76
766,76
94,76
776,76
1266,76
1296,76
1295,76
1210,76
326,76
1345,76
1415,76
969,76
588,76
1307,76
770,76
1167,76
1129,76
1256,76
1134,76
1330,76
1651,76
135,76
757,76
1116,76
1051,76
1047,76
312,76
815,76
760,76
1551,76
859,76
1185,76
1299,76
1241,76
1028,76
687,76
988,76
347,76
1229,76
986,76
564,76
1496,76
1322,76
71,76
745,76
482,76
1435,76
1188,76
1471,76
354,76
8,76
1458,76
1102,76
1499,76
445,76
372,76
1411,76
214,76
700,76
266,76
961,76
919,76
536,76
1348,76
1113,76
1264,76
993,76
771,76
691,76
648,76
1591,76
750,76
610,76
857,76
659,76
1318,76
1303,76
609,76
78,76
534,76
1719,76
814,76
967,76
223,76
316,76
1309,76
1436,76
1596,76
21,76
26,76
25,76
1521,76
1189,76
910,76
515,76
360,76
291,76
249,76
781,76
99,76
1571,76
1258,76
1484,76
1379,76
853,76
2,76
1467,76
817,76
1215,76
792,76
1249,76
1271,76
821,76
634,76
228,76
945,76
951,76
413,76
767,76
1223,76
874,76
1301,76
1257,76
294,77
695,77
1471,77
1474,77
1653,77
892,77
1410,77
1411,77
1496,77
482,77
1414,77
1415,77
119,77
1416,77
1417,77
1451,77
1465,77
1468,77
1432,77
1435,77
1437,77
1439,77
1440,77
837,77
1441,77
1442,77
1458,77
1457,77
1443,77
1444,77
1448,77
1456,77
1455,77
1449,77
1450,77
1430,77
1425,77
1467,77
604,77
1466,77
506,77
1210,77
1418,77
1607,77
1464,77
1419,77
1420,77
1421,77
471,77
1025,77
1459,77
1516,77
1422,77
1424,77
1747,77
1099,77
1409,77
962,77
964,77
966,77
967,77
823,77
1707,77
968,77
969,77
970,77
973,77
821,77
975,77
977,77
979,77
820,77
521,77
520,77
980,77
519,77
825,77
961,77
960,77
1220,77
939,77
945,77
792,77
886,77
947,77
948,77
949,77
887,77
888,77
982,77
889,77
922,77
951,77
1140,77
952,77
1175,77
958,77
828,77
827,77
959,77
938,77
517,77
1006,77
1007,77
1009,77
505,77
1109,77
503,77
500,77
499,77
498,77
1013,77
497,77
496,77
1015,77
494,77
1016,77
1017,77
1002,77
1000,77
998,77
1745,77
515,77
510,77
508,77
984,77
507,77
985,77
1527,77
986,77
988,77
989,77
990,77
992,77
993,77
994,77
995,77
996,77
987,77
937,77
935,77
931,77
755,77
847,77
881,77
882,77
846,77
841,77
833,77
689,77
691,77
879,77
849,77
850,77
854,77
855,77
856,77
857,77
859,77
862,77
863,77
1505,77
864,77
866,77
869,77
871,77
872,77
873,77
874,77
876,77
877,77
848,77
696,77
884,77
1148,77
910,77
911,77
912,77
914,77
916,77
919,77
923,77
927,77
929,77
978,77
256,77
930,77
917,77
490,77
890,77
891,77
893,77
1479,77
907,77
908,77
488,77
1019,77
1145,77
1147,77
1149,77
1344,77
1345,77
1346,77
1347,77
1348,77
1349,77
1352,77
1353,77
1357,77
1359,77
1362,77
1363,77
1364,77
1371,77
1372,77
1142,77
1539,77
1138,77
271,77
1134,77
1106,77
1072,77
41,77
1256,77
36,77
1374,77
1137,77
770,77
51,77
1136,77
162,77
1376,77
1379,77
1463,77
1403,77
1404,77
1018,77
531,77
484,77
1408,77
1402,77
1380,77
1382,77
1383,77
1384,77
1385,77
1388,77
1389,77
1377,77
1390,77
1392,77
775,77
1393,77
1394,77
1396,77
1398,77
1400,77
972,77
1391,77
1133,77
1131,77
1129,77
1036,77
1037,77
1040,77
1047,77
1052,77
476,77
474,77
1053,77
1035,77
1032,77
1030,77
1028,77
1020,77
1021,77
1022,77
486,77
1023,77
1024,77
1056,77
676,77
483,77
481,77
479,77
1027,77
485,77
1059,77
1070,77
413,77
1108,77
1111,77
1112,77
409,77
1113,77
1116,77
1117,77
1118,77
1122,77
1124,77
1126,77
253,77
228,77
210,77
1119,77
1105,77
417,77
1071,77
1074,77
1076,77
1080,77
473,77
469,77
453,77
447,77
1102,77
1082,77
1087,77
1088,77
445,77
438,77
1089,77
1090,77
1091,77
1093,77
1101,77
1083,77
452,77
900,77
629,77
238,77
288,77
1236,77
1263,77
1299,77
758,77
661,77
634,77
547,77
1335,77
1334,77
50,77
395,77
575,77
1509,77
1542,77
1629,77
1678,77
796,77
745,77
587,77
1631,77
1369,77
1127,77
641,77
788,77
1221,77
1229,77
37,77
207,77
536,77
327,77
30,77
1176,77
1318,77
1530,77
365,77
393,77
1201,77
1202,77
234,77
1062,77
24,77
418,77
830,77
839,77
838,77
602,77
944,77
1597,77
1341,77
611,77
1310,77
551,77
981,77
675,77
333,77
279,77
21,77
623,77
722,77
1324,77
1323,77
1529,77
169,77
1255,77
1274,77
878,77
812,77
631,77
630,77
1598,77
1744,77
750,77
1772,77
1143,77
1189,78
116,78
582,78
406,78
1136,78
19,78
1323,78
975,78
1404,78
384,78
1002,78
682,78
1324,78
611,78
387,78
371,78
821,78
1411,78
592,78
890,78
1299,78
916,78
922,78
1394,78
927,78
1392,78
473,78
1018,78
1403,78
560,78
367,78
1334,78
817,78
438,78
1569,78
531,78
1318,78
1185,78
1255,78
605,78
1345,78
1169,78
1316,78
962,78
1208,78
1363,78
1364,78
1507,78
1175,78
1228,78
1315,78
1653,78
610,78
510,78
508,78
722,78
569,78
1591,78
1471,78
810,78
572,78
417,78
1052,78
1232,78
1247,78
1408,78
696,78
751,78
737,78
706,78
770,78
1346,78
653,78
996,78
970,78
1243,78
1562,78
1766,78
1015,78
998,78
1347,78
939,78
1533,78
1534,78
960,78
727,78
1349,78
1344,78
1448,78
564,78
700,78
760,78
778,78
395,78
1647,78
1241,78
1053,78
701,78
1133,78
1087,78
825,78
797,78
1296,78
1244,78
1648,78
1021,78
1023,78
1341,78
584,78
687,78
1195,78
1027,78
947,78
1537,78
1353,78
1199,78
1248,78
1556,78
740,78
607,78
609,78
500,78
1362,78
1222,78
1518,78
1594,78
1377,78
1608,78
685,78
585,78
1071,78
1357,78
1329,78
990,78
534,78
369,78
987,78
1465,78
327,78
1372,78
279,78
715,78
1126,78
524,78
1262,78
670,78
1194,78
1020,78
935,78
593,78
930,78
1221,78
1072,78
995,78
403,78
1076,78
503,78
739,78
1102,78
850,78
483,78
1093,78
1383,78
848,78
1430,78
485,78
539,78
854,78
1484,78
1161,78
1080,78
1264,78
1269,78
1590,78
780,78
1257,78
841,78
447,78
1540,78
1083,78
445,78
1443,78
1229,78
1402,78
1056,78
631,78
1317,78
931,78
771,78
871,78
1122,78
490,78
623,78
873,78
1279,78
1541,78
1217,78
765,78
1288,78
1610,78
764,78
316,78
522,78
763,78
1283,78
547,78
856,78
1142,78
488,78
1450,78
537,78
618,78
866,78
1224,78
1256,78
481,78
680,78
754,78
1474,78
910,78
1108,78
521,78
469,78
1019,78
1187,78
1530,78
650,78
1233,78
645,78
784,78
772,78
523,78
805,78
1105,78
1238,78
1543,78
1289,78
1236,78
801,78
977,78
985,78
1203,78
1090,78
1036,78
792,78
291,78
1109,78
536,78
815,78
816,78
665,78
634,78
1459,78
635,78
1246,78
1481,78
1220,78
1167,78
1164,78
1162,78
1566,78
786,78
540,78
869,78
807,78
973,78
820,78
519,78
1089,78
1231,78
242,78
162,78
1129,78
1212,78
1134,78
1183,78
881,78
1151,78
1555,78
1140,78
551,78
1425,78
1301,78
888,78
1559,78
1213,78
1414,78
1552,78
1418,78
1546,78
1619,78
234,78
553,78
1419,78
1636,78
1420,78
1298,78
320,78
1449,78
616,78
1352,78
1230,78
876,78
879,78
984,78
1168,78
1007,78
1297,78
1505,78
1597,78
613,78
877,78
621,78
1437,78
550,78
1631,78
1576,78
758,78
1509,78
1396,78
855,78
745,78
1335,78
891,78
1274,78
1574,79
1410,79
1800,79
1510,79
371,79
350,79
1425,79
1334,79
714,79
360,79
1404,79
1388,79
659,79
1374,79
773,79
1251,79
1450,79
1377,79
588,79
629,79
539,79
1551,79
372,79
48,79
1246,79
515,79
1455,79
1699,79
633,79
1451,79
1441,79
1274,79
1039,79
1576,79
1456,79
1283,79
1290,79
1285,79
634,79
558,79
630,79
1578,79
101,79
1282,79
1482,79
533,79
538,79
1221,79
1301,79
1387,79
1372,79
654,79
1364,79
1266,79
665,79
162,79
1363,79
1331,79
1275,79
1231,79
636,79
1262,79
1016,79
758,79
645,79
820,79
915,79
1088,79
95,79
42,79
1210,79
1233,79
223,79
1515,79
1240,79
572,79
1464,79
222,79
1068,79
1519,79
1299,79
1124,79
1518,79
1174,79
1582,79
1569,79
259,79
1512,79
1481,79
1091,79
1019,79
1000,79
907,79
1289,79
1440,79
1193,79
1630,79
338,79
1183,79
78,79
531,79
551,79
1520,79
1242,79
998,79
571,79
279,79
438,79
505,79
1090,79
1412,79
1561,79
1614,79
1524,79
1199,79
702,79
1375,79
1511,79
745,79
744,79
1346,79
1304,79
1045,79
1114,79
626,79
252,79
1115,79
743,79
1185,79
623,79
234,79
701,79
1588,79
1559,79
1195,79
1194,79
1169,79
687,79
1166,79
1212,79
291,79
635,79
1516,79
354,79
592,79
1389,79
1427,79
1529,79
1522,79
271,79
887,79
802,79
800,79
768,79
540,79
35,79
1329,79
469,79
473,79
610,79
735,79
1393,79
1392,79
1229,79
1126,79
1173,79
1122,79
1119,79
984,79
1007,79
739,79
760,79
689,79
79,79
1022,79
1043,79
1044,79
1449,79
942,79
943,79
964,79
977,79
1383,79
674,79
1324,79
975,79
400,79
892,79
561,79
1167,79
84,79
1563,79
308,79
1468,79
1531,79
1580,79
1004,79
847,79
431,79
1006,79
1216,79
1300,79
323,79
1083,79
1418,79
1071,79
945,79
823,79
547,79
73,79
993,79
1466,79
1595,79
872,79
336,79
1188,79
723,79
1030,79
72,79
239,79
67,79
60,79
1596,79
1610,79
959,79
1162,79
1151,79
365,79
66,79
1011,79
123,79
1107,79
479,79
593,79
864,79
536,79
664,79
780,79
816,79
1337,79
1396,79
1444,79
283,79
1590,79
1161,79
1264,79
878,79
1612,79
510,79
899,79
409,79
377,79
1099,79
1062,79
1109,79
1163,79
149,79
817,79
83,79
866,79
352,79
846,79
1184,79
809,79
1032,79
877,79
922,79
767,79
960,79
1265,79
1774,79
918,79
1198,79
1505,79
494,79
1532,79
247,79
376,79
807,79
1537,79
763,79
1223,79
1023,79
486,79
292,79
1041,79
1533,79
1141,79
1302,79
1303,79
499,79
1272,79
1528,79
299,80
798,80
1092,80
656,80
667,80
1711,80
770,80
1332,80
744,80
1093,80
1284,80
653,80
919,80
336,80
1037,80
1723,80
650,80
923,80
524,80
1720,80
1210,80
614,80
629,80
1027,80
670,80
673,80
1218,80
600,80
634,80
755,80
817,80
866,80
882,80
964,80
640,80
598,80
490,80
1520,80
1542,80
1562,80
1591,80
1578,80
1615,80
249,80
58,80
1559,80
772,80
483,80
1721,80
1458,80
780,80
1106,80
1467,80
1113,80
1118,80
1790,80
1142,80
1183,80
1185,80
1195,80
1201,80
947,80
561,80
1359,80
1391,80
1421,80
1439,80
1443,80
1444,80
1480,80
1224,80
1124,80
1140,80
762,80
1119,80
849,80
850,80
1278,80
1296,80
1330,80
1133,80
1134,80
1136,80
1333,80
1396,80
1430,80
1449,80
1450,80
1137,80
1116,80
1338,80
1242,80
292,80
1512,80
1403,80
1419,80
1485,80
1111,80
1645,80
1561,80
1468,80
1408,80
1482,80
784,80
1199,80
662,80
794,80
1233,80
290,80
1481,80
525,80
1109,80
1516,80
67,80
1234,80
1341,80
630,80
863,80
775,80
758,80
1490,80
1530,80
1491,80
486,80
1117,80
855,80
859,80
908,80
969,80
994,80
623,80
395,80
372,80
1102,80
521,80
1484,80
136,80
937,80
1380,80
1322,80
1156,80
763,80
1256,80
914,80
970,80
39,80
950,80
316,80
1434,80
314,80
1465,80
1566,80
1442,80
503,80
473,80
1384,80
1388,80
225,80
271,80
248,80
210,80
1208,80
973,80
240,80
1432,80
1414,80
1337,80
1299,80
1289,80
1047,80
1567,80
990,80
881,80
1607,80
1610,80
531,80
1083,80
1394,80
1363,80
1362,80
1285,80
1292,80
1425,80
1524,80
1547,80
1282,80
242,80
505,80
1169,80
958,80
1214,80
917,80
873,80
820,80
816,80
1295,80
1228,80
774,80
740,80
1206,80
1221,80
962,80
975,80
1168,80
1056,80
613,80
1788,80
1013,80
1099,80
887,80
1108,80
1151,80
1167,80
1180,80
1007,80
986,80
977,80
1236,80
736,80
1314,80
645,80
657,80
533,80
674,80
1018,80
1241,80
1619,80
1325,80
523,80
238,80
610,80
633,80
1257,80
1258,80
1276,80
1287,80
1290,80
344,80
715,80
1294,80
1309,80
691,80
635,80
445,80
517,80
626,80
1621,80
1648,80
492,80
1254,80
254,80
185,80
835,80
1457,80
773,80
837,80
1671,80
1535,80
1463,80
1416,80
841,80
1190,80
453,80
60,80
536,80
31,80
346,80
1243,80
1402,80
721,80
1633,80
1634,80
1398,80
1331,80
807,80
1466,80
1041,80
814,80
1247,80
1319,80
1775,80
746,80
1122,80
1126,80
1422,80
369,80
1533,80
222,80
1264,80
553,80
628,80
877,80
1318,80
326,80
616,80
1080,80
605,80
1020,80
310,80
1129,80
1456,80
951,80
1059,80
1162,80
1507,80
1173,80
500,80
1089,80
1496,80
805,80
1274,80
739,80
692,80
1316,80
1639,80
1440,80
1205,80
1147,80
289,80
812,80
357,80
729,80
706,80
1531,80
1364,80
519,80
1070,80
1164,80
966,80
1410,80
518,80
607,80
927,80
1334,80
1570,80
1187,80
1101,80
1666,80
520,80
1087,80
1593,80
1538,80
985,80
1213,80
1629,80
931,80
571,80
1019,80
664,80
371,80
259,80
582,80
1344,80
568,80
1409,80
1298,80
1417,80
722,80
1597,80
1321,80
1529,80
564,80
1310,80
1611,80
1464,80
528,80
687,80
1540,80
1568,80
496,80
802,80
801,80
1614,80
745,80
891,80
43,80
469,80
1030,80
494,80
1315,80
1335,80
1175,80
387,80
1002,80
501,80
1000,80
1024,80
760,80
497,80
685,80
993,80
572,80
648,80
517,81
1324,81
536,81
623,81
628,81
992,81
1477,81
274,81
912,81
1059,81
1255,81
1521,81
505,81
1175,81
500,81
519,81
1210,81
548,81
607,81
1621,81
811,81
1542,81
1402,81
815,81
1392,81
1388,81
1149,81
814,81
1015,81
1227,81
859,81
1037,81
970,81
810,81
1199,81
939,81
242,81
1456,81
1530,81
1607,81
1088,81
563,81
996,81
1430,81
539,81
1194,81
784,81
1289,81
651,81
664,81
1332,81
1007,81
1333,81
1198,81
1330,81
648,81
645,81
1082,81
1610,81
884,81
1398,81
1317,81
550,81
891,81
935,81
879,81
685,81
723,81
721,81
616,81
320,81
1517,81
1522,81
653,81
1296,81
1418,81
1591,81
650,81
911,81
621,81
1101,81
1299,81
1013,81
1475,81
1588,81
1090,81
1576,81
917,81
916,81
1713,81
827,81
967,81
1594,81
1537,81
998,81
1466,81
964,81
816,81
1222,81
1321,81
966,81
1243,81
413,81
1499,81
547,81
739,81
1288,81
1372,81
485,81
1391,81
1393,81
1653,81
542,81
982,81
571,81
630,81
1266,81
855,81
979,81
558,81
1534,81
700,81
1533,81
1404,81
1189,81
1314,81
1586,81
1325,81
234,81
1528,81
1313,81
866,81
1116,81
1364,81
1633,81
1414,81
438,81
674,81
1187,81
1359,81
576,81
737,81
540,81
1410,81
1443,81
1056,81
1264,81
1411,81
631,81
856,81
291,81
248,81
1552,81
1543,81
271,81
1464,81
1455,81
989,81
447,81
890,81
572,81
958,81
975,81
611,81
609,81
316,81
503,81
1625,81
1285,81
1256,81
771,81
1183,81
702,81
1509,81
1541,81
1283,81
1318,81
360,81
1450,81
1695,81
605,81
310,81
1257,81
1258,81
722,81
1265,81
1080,81
1371,81
846,81
874,81
873,81
1224,81
629,81
684,81
350,81
1279,81
1362,81
1440,81
1213,81
675,81
521,81
403,81
1106,81
592,81
479,81
1105,81
1376,81
1233,81
1396,81
1512,81
1212,81
387,81
1342,81
564,81
1357,81
584,81
1490,81
766,81
919,81
1118,81
1505,81
849,81
1228,81
1131,81
372,81
1335,81
1545,81
1481,81
1017,81
395,81
476,81
1230,81
1513,81
1471,81
1329,81
1203,81
772,81
1209,81
643,81
1639,81
1301,81
1287,81
786,81
499,81
755,81
1232,81
1555,81
531,81
1567,81
993,81
486,81
1614,81
1511,81
1215,81
754,81
1338,81
469,81
671,81
1126,81
1147,81
1027,81
1569,81
1383,81
767,81
1122,81
1109,81
800,81
510,81
522,81
923,81
780,81
720,81
1236,81
1496,81
1566,81
1484,81
250,81
1129,81
292,81
1506,81
1221,81
779,81
760,81
506,81
1214,81
1467,81
778,81
764,81
1036,81
765,81
1119,81
952,81
474,81
947,81
1346,81
907,81
763,81
1547,81
326,82
1702,82
1679,82
260,82
16,82
545,82
1680,82
571,82
736,82
591,82
1211,82
1209,82
1202,82
1485,82
1287,82
485,82
1116,82
609,82
500,82
750,82
547,82
1634,82
1448,82
1195,82
469,82
1213,82
986,82
276,82
1229,82
1024,82
1521,82
935,82
696,82
486,82
738,82
1631,82
1056,82
607,82
1632,82
1496,82
1546,82
1482,82
1099,82
1608,82
1121,82
1235,82
1541,82
877,82
1238,82
1294,82
987,82
1264,82
1167,82
623,82
551,82
1298,82
618,82
621,82
1346,82
1175,82
1210,82
996,82
1013,82
506,82
825,82
507,82
1022,82
721,82
869,82
1595,82
613,82
879,82
771,82
715,82
503,82
754,82
1292,82
767,82
492,82
684,82
497,82
1424,82
945,82
1137,82
1545,82
1543,82
1547,82
1282,82
882,82
1279,82
1025,82
792,82
1288,82
505,82
994,82
436,82
671,82
1108,82
1061,82
303,82
810,82
966,82
969,82
1109,82
1329,82
673,82
645,82
1323,82
1168,82
519,82
451,82
630,82
1332,82
524,82
531,82
751,82
764,82
871,82
525,82
447,82
911,82
1243,82
1408,82
1455,82
539,82
320,82
1404,82
1273,82
1335,82
811,82
1396,82
1199,82
1393,82
1451,82
582,82
962,82
745,82
1508,82
964,82
670,82
656,82
367,82
369,82
1379,82
888,82
1349,82
1409,82
661,82
1222,82
1201,82
1388,82
1499,82
1145,82
1537,82
564,82
1514,82
533,82
809,82
727,82
259,82
1596,82
923,82
496,82
636,82
600,82
805,82
927,82
354,82
1633,82
1091,82
473,82
1403,82
807,82
310,82
1030,82
409,82
1520,82
980,82
1228,82
1552,82
1374,82
1203,82
700,82
438,82
216,82
1331,82
886,82
417,82
1316,82
1233,82
1126,82
648,82
816,82
1070,82
1450,82
422,82
863,82
292,82
823,82
1442,82
847,82
1505,82
1471,82
1468,82
558,82
218,82
979,82
1318,82
1246,82
1244,82
1122,82
1236,82
1227,82
1363,82
841,82
1231,82
1166,82
499,82
1131,82
910,82
360,82
1111,82
1059,82
977,82
1212,82
995,83
607,83
999,83
1516,83
1362,83
984,83
1348,83
1053,83
503,83
517,83
1299,83
1024,83
987,83
605,83
1243,83
623,83
609,83
896,83
344,83
1543,83
1408,83
572,83
558,83
1733,83
1105,83
1002,83
1448,83
964,83
1035,83
779,83
947,83
1402,83
1414,83
1227,83
1653,83
1608,83
952,83
958,83
1301,83
1204,83
1028,83
1329,83
453,83
979,83
1596,83
318,83
1332,83
1394,83
592,83
887,83
569,83
980,83
990,83
951,83
613,83
937,83
372,83
387,83
610,83
508,83
922,83
968,83
1341,83
959,83
935,83
994,83
371,83
1372,83
1566,83
1195,83
1639,83
1410,83
1588,83
1323,83
326,83
945,83
912,83
1083,83
1187,83
1643,83
1426,83
327,83
1342,83
973,83
1409,83
993,83
1520,83
1384,83
1322,83
1435,83
1456,83
767,83
1364,83
1117,83
662,83
645,83
1021,83
1320,83
1093,83
930,83
1440,83
234,83
927,83
923,83
1047,83
1614,83
1316,83
1499,83
1417,83
977,83
1017,83
551,83
28,83
1488,83
1805,83
1542,83
1544,83
633,83
553,83
1338,83
1319,83
585,83
931,83
929,83
863,83
1228,83
809,83
550,83
476,83
1102,83
474,83
938,83
798,83
1131,83
1633,83
1404,83
1203,83
1164,83
1122,83
1025,83
1018,83
866,83
805,83
792,83
706,83
702,83
801,83
1183,83
1233,83
940,83
830,83
1022,83
1265,83
653,83
775,83
1561,83
783,83
1090,83
1234,83
787,83
1231,83
1569,83
656,83
1474,83
473,83
66,83
838,83
837,83
839,83
670,83
657,83
525,83
1551,83
1263,83
1080,83
848,83
850,83
1383,83
855,83
1138,83
1185,83
1374,83
1556,83
631,83
1262,83
856,83
310,83
542,83
1377,83
1396,83
1559,83
1449,83
1264,83
1269,83
778,83
1457,83
828,83
531,83
807,83
776,83
1246,83
1578,83
533,83
815,83
1349,83
637,83
640,83
1087,83
634,83
833,83
1481,83
1113,83
1217,83
1218,83
1244,83
1317,83
1154,83
1199,83
500,83
1147,83
499,83
1151,83
1145,83
740,83
1512,83
743,83
289,83
1209,83
1202,83
1537,83
715,83
506,83
939,83
722,83
515,83
813,83
729,83
701,83
1532,83
735,83
1540,83
737,83
755,83
1180,83
1321,83
1189,83
1392,83
292,83
1116,83
485,83
1118,83
862,83
1380,83
484,83
271,83
490,83
1221,83
682,83
666,83
1482,83
1108,83
784,83
1213,83
754,83
1206,83
1136,83
1212,83
494,83
1214,83
760,83
802,83
673,83
763,83
765,83
1124,83
772,83
1222,83
445,83
720,83
1491,83
1000,83
1297,83
1274,83
547,83
1285,83
1287,83
320,83
1507,83
1562,83
1450,83
879,83
978,83
1295,83
1589,83
1190,83
1292,83
869,83
1590,83
877,83
1052,83
1294,83
1424,83
268,84
1329,84
531,84
1199,84
1390,84
867,84
210,84
738,84
1337,84
583,84
869,84
1610,84
271,84
250,84
1017,84
670,84
499,84
1371,84
598,84
1566,84
934,84
873,84
800,84
347,84
879,84
1593,84
959,84
1040,84
975,84
1398,84
645,84
806,84
1243,84
1396,84
242,84
1027,84
891,84
653,84
547,84
1145,84
1093,84
1448,84
722,84
973,84
1131,84
1567,84
1562,84
1215,84
932,84
558,84
548,84
1653,84
395,84
1484,84
240,84
1391,84
1347,84
1247,84
1533,84
586,84
1122,84
765,84
252,84
1210,84
665,84
1217,84
523,84
1353,84
564,84
1024,84
1175,84
1559,84
1117,84
522,84
1471,84
1227,84
162,84
623,84
651,84
593,84
1341,84
751,84
1435,84
1233,84
1340,84
1013,84
584,84
1528,84
1169,84
930,84
1287,84
1508,84
1482,84
494,84
923,84
1521,84
1319,84
1112,84
1072,84
862,84
666,84
1346,84
664,84
1288,84
1357,84
1232,84
1137,84
816,84
841,84
539,84
540,84
553,84
675,84
329,84
1597,84
1455,84
1318,84
1551,84
998,84
1449,84
508,84
1404,84
864,84
700,84
1020,84
1185,84
1083,84
1414,84
1000,84
967,84
1035,84
592,84
1138,84
1180,84
1204,84
1262,84
1324,84
1256,84
1255,84
1541,84
729,84
1578,84
1640,84
855,84
605,84
417,84
931,84
1032,84
1091,84
1257,84
1619,84
1517,84
1507,84
1625,84
809,84
505,84
1315,84
1409,84
626,84
1643,84
1411,84
993,84
1442,84
1238,84
1352,84
856,84
1588,84
1222,84
1400,84
1636,84
1569,84
1376,84
1056,84
1537,84
1009,84
534,84
413,84
1221,84
1415,84
1614,84
1634,84
1615,84
1633,84
1418,84
810,84
1465,84
750,84
357,84
807,84
1522,84
536,84
628,84
813,84
821,84
1393,84
238,84
1187,84
1580,84
986,84
640,84
723,84
1244,84
1518,84
1457,84
828,84
724,84
1209,84
1466,84
1213,85
292,85
564,85
1494,85
1652,85
623,85
1131,85
562,85
1352,85
201,85
1000,85
875,85
1634,85
807,85
551,85
948,85
947,85
886,85
196,85
865,85
204,85
1180,85
804,85
762,85
523,85
1353,85
1323,85
720,85
508,85
1619,85
549,85
873,85
586,85
961,85
964,85
582,85
366,85
1417,85
1610,85
1296,85
1035,85
1363,85
572,85
1518,85
827,85
1525,85
1465,85
743,85
1531,85
744,85
630,85
1295,85
1168,85
1514,85
1422,85
1183,85
123,85
1137,85
645,85
569,85
979,85
1298,85
329,85
995,85
1594,85
975,85
33,85
48,85
350,85
1009,85
79,85
86,85
111,85
519,85
563,85
1166,85
689,85
113,85
1185,85
778,85
521,85
850,85
621,85
742,85
773,85
1468,85
1380,85
1521,85
1019,85
152,85
1204,85
1299,85
1524,85
522,85
1580,85
614,85
1249,85
775,85
1595,85
1645,85
889,85
1584,85
1247,85
1276,85
499,85
1246,85
344,85
583,85
1509,85
869,85
1507,85
1106,85
701,85
1671,85
1072,85
718,85
1108,85
584,85
1109,85
684,85
1017,85
1289,85
1493,85
1663,85
798,85
1175,85
656,85
600,85
533,85
916,85
1324,85
1346,85
821,85
1406,85
1461,85
815,85
809,85
636,85
1280,85
914,85
531,85
336,85
1220,85
721,85
1341,85
1334,85
1467,85
1651,85
1395,85
1396,85
1329,85
1202,85
1233,85
1264,85
1455,85
1241,85
1464,85
1530,85
1543,85
1621,85
1608,85
1080,85
1398,85
1269,85
607,85
1408,85
234,85
864,85
855,85
856,85
1076,85
1272,85
1225,85
1224,85
1126,85
917,85
1444,85
1404,85
248,85
445,85
1320,85
1083,85
447,85
453,85
1255,85
307,85
1605,85
413,85
1407,85
121,85
1317,85
1262,85
1081,85
1197,85
907,85
542,85
1234,85
662,85
593,85
525,85
1056,85
1231,85
1227,85
667,85
1118,85
1210,85
1488,85
1487,85
1205,85
1221,85
1047,85
1566,85
935,85
1199,85
1484,85
1344,85
1466,85
1485,85
1347,85
1313,85
1452,85
1122,85
1387,85
473,85
1036,85
929,85
558,85
528,85
539,85
1292,85
561,85
613,85
1607,85
923,85
922,85
547,85
476,85
1290,85
1372,85
1532,85
1217,85
871,85
537,85
438,85
490,85
1388,85
1496,86
1372,86
1488,86
1411,86
1393,86
1415,86
1519,86
1380,86
1489,86
1564,86
1394,86
1596,86
1588,86
1636,86
1608,86
1409,86
1437,86
1545,86
1456,86
1457,86
1530,86
1382,86
1403,86
1408,86
1559,86
1634,86
1420,86
1594,86
1404,86
1440,86
1543,86
1464,86
1455,86
1625,86
1410,86
1484,86
1443,86
1514,86
1442,86
1567,86
1561,86
1512,86
1374,86
1388,86
1555,86
1507,86
1552,86
1614,86
1529,86
563,86
1275,86
1315,86
855,86
1233,86
857,86
854,86
850,86
1321,86
848,86
816,86
841,86
1009,86
372,86
360,86
1448,86
866,86
438,86
871,86
945,86
417,86
508,86
250,86
1056,86
890,86
882,86
881,86
879,86
873,86
889,86
413,86
1198,86
802,86
1322,86
796,86
1244,86
1417,86
474,86
473,86
476,86
503,86
521,86
665,86
1195,86
1242,86
1318,86
798,86
807,86
828,86
1518,86
1102,86
1101,86
821,86
1236,86
817,86
751,86
809,86
1621,86
814,86
911,86
910,86
919,86
357,86
979,86
806,86
823,86
1083,86
1224,86
1337,86
975,86
1147,86
1332,86
1221,86
1338,86
1569,86
1491,86
1379,86
1340,86
649,86
347,86
797,86
1105,86
344,86
964,86
367,86
1209,86
935,86
931,86
1298,86
922,86
1528,86
1414,86
1653,86
1482,86
1208,86
1090,86
960,86
1589,86
1265,86
395,86
1227,86
369,86
1329,86
387,86
609,86
951,86
952,86
1203,86
947,86
1232,86
1451,86
1362,86
779,86
1269,86
1272,86
522,86
523,86
667,86
723,86
539,86
724,86
938,86
939,86
234,86
1264,86
670,86
1262,86
721,86
682,86
520,86
993,86
994,86
1341,86
1047,86
540,86
613,86
548,86
1234,86
1392,86
1520,86
1285,86
1288,86
1289,86
586,86
533,86
637,86
833,86
1074,86
1185,86
534,86
536,86
531,86
1566,86
1449,86
1325,86
1274,86
729,86
664,86
525,86
657,86
1013,86
524,86
1544,86
1419,86
1508,86
768,86
1316,86
490,86
872,86
765,86
764,86
884,86
763,86
762,86
760,86
962,86
1032,86
1194,86
1313,86
1204,86
781,86
483,86
780,86
774,86
1247,86
1249,86
485,86
1430,86
488,86
1243,86
1615,86
1531,86
496,86
1364,86
755,86
720,86
248,86
701,86
700,86
810,86
754,86
696,86
687,86
684,86
1257,86
1218,86
506,86
499,86
500,86
1255,86
737,86
1256,86
739,86
735,86
722,86
856,86
1648,86
621,86
618,86
1376,86
1211,86
874,86
550,86
1468,86
859,86
303,86
869,86
1126,86
1537,86
1524,86
583,86
292,86
674,86
1122,86
654,86
1353,86
623,86
1175,86
553,86
1210,86
320,86
1345,86
1161,86
1346,86
1140,86
1347,86
1118,86
1071,86
1080,86
547,86
1137,86
1133,86
1450,86
1082,86
1441,86
1116,86
584,86
1113,86
605,86
600,86
1223,86
1506,86
815,86
593,86
1389,86
1016,86
927,86
886,86
680,86
633,86
1183,86
558,86
1309,86
585,86
1348,86
551,86
610,86
1263,86
1213,86
1212,86
1117,86
1334,86
607,86
1187,86
1357,86
1142,86
1639,86
1099,86
1217,86
326,86
453,86
887,86
1180,86
568,86
1030,86
1466,86
1522,86
1633,86
998,86
1199,86
1002,86
1015,86
1017,86
996,86
1052,86
572,86
1020,86
671,86
745,86
1040,86
989,86
995,86
252,86
1511,86
1151,86
259,86
982,86
292,87
729,87
1118,87
1264,87
534,87
786,87
1202,87
565,87
508,87
528,87
1269,87
1517,87
1516,87
507,87
649,87
886,87
947,87
1185,87
531,87
998,87
1435,87
1116,87
758,87
857,87
722,87
876,87
738,87
1209,87
1288,87
743,87
745,87
1521,87
1256,87
859,87
1457,87
754,87
497,87
1552,87
735,87
1522,87
1211,87
1456,87
648,87
849,87
750,87
1201,87
721,87
1330,87
1169,87
1301,87
1507,87
1546,87
1162,87
666,87
1133,87
680,87
665,87
520,87
1274,87
1396,87
524,87
1056,87
1134,87
1175,87
1364,87
1180,87
1539,87
1320,87
1537,87
271,87
1509,87
670,87
667,87
1357,87
673,87
1099,87
1101,87
1314,87
1315,87
1340,87
248,87
980,87
700,87
1147,87
653,87
696,87
654,87
515,87
797,87
958,87
505,87
1547,87
510,87
572,87
1634,87
727,87
661,87
664,87
1566,87
1129,87
523,87
525,87
1279,87
990,87
1225,87
1629,87
289,87
763,87
1610,87
1296,87
1297,87
1440,87
1221,87
1647,87
250,87
605,87
1015,87
1032,87
948,87
949,87
952,87
951,87
1030,87
1035,87
945,87
1318,87
395,87
847,87
1199,87
1474,87
1590,87
1105,87
1217,87
1594,87
1491,87
1002,87
1506,87
326,87
930,87
1499,87
360,87
929,87
403,87
1016,87
1233,87
1379,87
1021,87
629,87
354,87
1224,87
1234,87
1218,87
984,87
1230,87
350,87
985,87
986,87
1485,87
347,87
1630,87
995,87
1625,87
989,87
1093,87
1588,87
975,87
969,87
1028,87
780,87
372,87
959,87
1208,87
1481,87
1482,87
962,87
1006,87
1022,87
1018,87
1489,87
966,87
977,87
964,87
1488,87
1417,87
1346,87
1345,87
485,87
479,87
1325,87
1187,87
476,87
473,87
800,87
802,87
1088,87
807,87
809,87
1213,87
1580,87
1449,87
1087,87
813,87
1496,87
764,87
490,87
634,87
1631,87
1567,87
1227,87
1332,87
1653,87
486,87
1109,87
1108,87
1519,87
771,87
1013,87
1249,87
1248,87
1466,87
1111,87
815,87
854,87
856,87
855,87
438,87
871,87
1236,87
1468,87
887,87
889,87
1017,87
891,87
987,87
1198,87
1331,87
1419,87
417,87
316,87
817,87
1324,87
303,87
821,87
1459,87
823,87
833,87
453,87
1578,87
1402,87
1352,87
1341,87
908,87
584,87
447,87
1475,87
1455,87
1329,87
564,87
635,87
585,87
1392,87
592,87
593,87
671,87
685,87
1359,87
675,87
558,87
744,87
1206,87
1424,87
582,87
1113,87
1348,87
1347,87
1333,87
1382,87
1484,87
1394,87
1393,87
1383,87
1410,87
547,87
1415,87
539,87
1338,87
542,87
1337,87
1380,87
553,87
610,87
1408,87
32,87
618,87
31,87
890,87
614,87
628,87
238,87
724,87
776,87
1376,87
1363,87
1362,87
571,87
1037,87
1404,87
1411,87
1551,87
1082,87
946,88
614,88
613,88
650,88
611,88
610,88
609,88
607,88
633,88
634,88
628,88
600,88
800,88
797,88
966,88
801,88
651,88
949,88
598,88
649,88
605,88
616,88
802,88
626,88
640,88
623,88
621,88
643,88
637,88
636,88
630,88
796,88
369,88
645,88
631,88
960,88
635,88
648,88
798,88
618,88
864,88
629,88
764,88
1643,88
539,88
537,88
536,88
534,88
533,88
531,88
528,88
525,88
524,88
523,88
522,88
521,88
520,88
540,88
810,88
1332,88
346,88
517,88
515,88
510,88
508,88
1625,88
507,88
506,88
505,88
503,88
519,88
809,88
807,88
542,88
975,88
986,88
805,88
360,88
806,88
592,88
591,88
586,88
585,88
584,88
583,88
582,88
572,88
653,88
571,88
569,88
568,88
564,88
563,88
561,88
560,88
558,88
553,88
551,88
550,88
548,88
855,88
547,88
593,88
654,88
817,88
734,88
729,88
727,88
724,88
403,88
771,88
886,88
723,88
722,88
721,88
735,88
772,88
715,88
706,88
702,88
935,88
1464,88
774,88
869,88
1608,88
701,88
700,88
696,88
720,88
770,88
841,88
736,88
907,88
765,88
662,88
762,88
1093,88
760,88
758,88
766,88
767,88
889,88
768,88
755,88
754,88
751,88
919,88
750,88
745,88
744,88
743,88
740,88
739,88
738,88
737,88
695,88
1520,88
1108,88
990,88
783,88
763,88
667,88
1215,88
784,88
786,88
1227,88
666,88
947,88
952,88
665,88
664,88
661,88
792,88
657,88
656,88
775,88
691,88
776,88
876,88
395,88
938,88
689,88
687,88
685,88
778,88
684,88
779,88
682,88
680,88
675,88
674,88
673,88
671,88
670,88
780,88
781,88
1116,88
357,88
500,88
1566,88
1113,88
1349,88
1636,88
599,88
982,88
1080,88
1117,88
1118,88
292,88
1119,88
1640,88
1564,88
1380,88
1415,88
1122,88
1105,88
1083,88
303,88
1223,88
1088,88
1580,88
1090,88
1505,88
1529,88
1589,88
1256,88
1180,88
1474,88
271,88
1532,88
1533,88
1185,88
950,88
336,88
1522,88
1521,88
1304,88
1199,88
1516,88
1517,88
1619,88
1537,88
1357,88
827,88
1540,88
1126,88
1233,88
1496,88
1129,88
1131,88
1559,88
1555,88
1147,88
1437,88
279,88
1275,88
1175,88
1236,88
1162,88
1547,88
1164,88
1541,88
1167,88
1543,88
1214,88
306,88
162,88
447,88
1013,88
445,88
438,88
417,88
413,88
409,88
1019,88
1248,88
1022,88
387,88
333,88
1024,88
371,88
367,88
811,88
354,88
1610,88
1032,88
372,88
350,88
469,88
499,88
498,88
497,88
496,88
494,88
490,88
488,88
1000,88
486,88
1002,88
485,88
344,88
484,88
453,88
483,88
482,88
481,88
479,88
476,88
474,88
473,88
1006,88
347,88
1597,88
291,88
289,88
320,88
259,88
1111,88
252,88
249,88
248,88
242,88
240,88
238,88
234,88
228,88
316,88
210,88
1070,88
1466,88
250,88
310,88
1653,88
1420,88
1292,88
1276,88
1194,88
911,88
1468,88
1301,88
1279,88
1059,88
329,88
979,88
327,88
326,88
929,88
812,88
1363,88
850,88
1285,88
1287,88
1288,88
1289,88
1290,88
996,88
1041,88
1046,88
1294,88
1295,88
1296,88
1284,88
1297,88
1283,88
1280,88
1262,88
1263,88
1264,88
1265,88
1266,88
1269,88
1272,88
1273,88
1274,88
1278,88
1282,88
1258,88
1562,88
1299,88
1309,88
1310,88
1313,88
1314,88
1315,88
1316,88
1317,88
1318,88
1534,88
1561,88
1556,88
1552,88
1551,88
1546,88
1545,88
1544,88
1542,88
1298,88
1539,88
1238,88
1241,88
1242,88
1243,88
1244,88
1246,88
1247,88
1249,88
1251,88
1254,88
1648,88
1647,88
1234,88
1232,88
1220,88
1221,88
1222,88
1224,88
1225,88
1228,88
1229,88
1230,88
1231,88
1338,88
1321,88
1645,88
1594,88
1593,88
1591,88
1590,88
1257,88
1588,88
1586,88
1578,88
1576,88
1571,88
1569,88
1567,88
1595,88
1596,88
1607,88
1639,88
1634,88
1633,88
1631,88
1255,88
1630,88
1629,88
1621,88
1615,88
1614,88
1319,88
1425,88
1424,88
1422,88
1421,88
1345,88
1346,88
1347,88
1348,88
1419,88
1418,88
1417,88
1352,88
1344,88
1341,88
1443,88
1442,88
1333,88
1441,88
1440,88
1439,88
1334,88
1335,88
1337,88
1340,88
1435,88
1432,88
1430,88
1342,88
1444,88
1416,88
1388,88
1385,88
1384,88
1383,88
1382,88
1379,88
1377,88
1376,88
1374,88
1359,88
1372,88
1371,88
1364,88
1389,88
1390,88
1392,88
1528,88
1353,88
1414,88
1411,88
1410,88
1409,88
1408,88
1404,88
1403,88
1402,88
1400,88
1398,88
1396,88
1394,88
1393,88
1391,88
1448,88
1449,88
1450,88
1519,88
1322,88
1518,88
1323,88
887,88
1324,88
1325,88
1514,88
1513,88
1512,88
1531,88
1320,88
1530,88
1524,88
1511,88
1509,88
1508,88
1471,88
1467,88
1465,88
1459,88
1458,88
1457,88
1456,88
1455,88
1451,88
1331,88
1475,88
1330,88
1507,88
1506,88
1499,88
1491,88
1490,88
1218,88
1329,88
1488,88
1485,88
1484,88
1482,88
1481,88
1480,88
1477,88
1489,88
1217,88
951,88
958,88
959,88
961,88
962,88
964,88
967,88
968,88
948,88
939,88
917,88
922,88
923,88
927,88
930,88
931,88
937,88
945,88
916,88
969,88
973,88
994,88
995,88
998,88
1007,88
1009,88
993,88
970,88
992,88
989,88
977,88
787,88
980,88
984,88
985,88
987,88
988,88
914,88
912,88
849,88
854,88
856,88
866,88
857,88
859,88
833,88
862,88
863,88
848,88
847,88
813,88
814,88
815,88
816,88
820,88
821,88
1362,88
823,88
825,88
828,88
846,88
871,88
872,88
1300,88
892,88
893,88
908,88
910,88
873,88
874,88
877,88
879,88
881,88
882,88
884,88
888,88
890,88
891,88
1106,88
1015,88
1017,88
1154,88
1156,88
1161,88
1166,88
1151,88
1133,88
1134,88
1136,88
1047,88
1137,88
1138,88
1140,88
1142,88
1145,88
1149,88
1168,88
1173,88
1202,88
1203,88
1204,88
1205,88
1206,88
1208,88
1209,88
1211,88
1210,88
1212,88
1213,88
1169,88
1201,88
1198,88
1183,88
1184,88
1187,88
1189,88
1195,88
1036,88
1037,88
1040,88
1052,88
1053,88
1056,88
1071,88
1072,88
1074,88
1035,88
1028,88
1018,88
1020,88
1021,88
1076,88
1023,88
1025,88
1027,88
1030,88
1109,88
1112,88
1124,88
1102,88
1101,88
1082,88
1087,88
1089,88
1016,88
1091,88
55,88
47,88
1099,88
254,88
345,88
179,88
214,88
235,88
304,88
292,89
1210,89
754,89
1023,89
1162,89
1025,89
744,89
739,89
961,89
1290,89
1514,89
1450,89
1400,89
1512,89
1530,89
740,89
1325,89
1212,89
1118,89
722,89
1089,89
989,89
809,89
923,89
959,89
1615,89
743,89
1419,89
1590,89
1299,89
1455,89
1567,89
1534,89
1112,89
1194,89
758,89
797,89
949,89
1105,89
1202,89
1109,89
1283,89
1262,89
737,89
1243,89
560,89
856,89
859,89
863,89
1140,89
1335,89
1415,89
1449,89
1619,89
522,89
1341,89
1116,89
1111,89
772,89
1382,89
1444,89
1608,89
523,89
656,89
1385,89
525,89
1203,89
1129,89
980,89
524,89
1274,89
1566,89
1353,89
1206,89
666,89
893,89
667,89
890,89
792,89
745,89
1596,89
670,89
738,89
521,89
1255,89
721,89
729,89
508,89
507,89
506,89
505,89
1209,89
727,89
596,89
499,89
1211,89
720,89
1204,89
453,89
973,89
1264,89
682,89
520,89
969,89
1013,89
700,89
702,89
1564,89
984,89
1119,89
1213,89
1289,89
1338,89
1633,89
1456,89
962,89
320,89
967,89
1248,89
1388,89
966,89
968,89
970,89
975,89
1218,89
1279,89
1227,89
1475,89
360,89
1482,89
1481,89
371,89
946,89
947,89
1318,89
1653,89
1217,89
1471,89
250,89
445,89
952,89
372,89
1496,89
1517,89
1432,89
1137,89
871,89
770,89
977,89
1002,89
1488,89
998,89
995,89
996,89
1009,89
1222,89
1490,89
1491,89
1610,89
1021,89
1037,89
1040,89
500,89
1053,89
1020,89
1221,89
1485,89
1511,89
1224,89
1531,89
1329,89
347,89
1056,89
1629,89
987,89
344,89
1442,89
993,89
994,89
1214,89
1022,89
935,89
306,89
1246,89
474,89
1244,89
800,89
1589,89
1580,89
1294,89
1272,89
469,89
1242,89
807,89
1147,89
1331,89
1363,89
1414,89
1521,89
515,89
1457,89
654,89
476,89
751,89
490,89
763,89
766,89
485,89
775,89
817,89
873,89
484,89
1090,89
781,89
481,89
479,89
1379,89
1417,89
1467,89
960,89
881,89
1236,89
887,89
417,89
1474,89
413,89
1185,89
1544,89
919,89
1106,89
1187,89
409,89
1266,89
403,89
310,89
855,89
1080,89
815,89
811,89
879,89
992,89
828,89
872,89
1059,89
1233,89
848,89
857,89
438,89
849,89
680,89
1332,89
1389,89
1334,89
1180,89
1509,89
1594,89
1175,89
1634,89
1440,89
228,89
1537,89
1540,89
1529,89
1032,89
1377,89
1532,89
1349,89
613,89
618,89
550,89
1183,89
623,89
271,89
628,89
648,89
780,89
1362,89
1198,89
1138,89
1296,89
1298,89
1315,89
1319,89
1508,89
1330,89
1337,89
1166,89
1403,89
1409,89
1593,89
1333,89
1169,89
605,89
1402,89
1323,89
1541,89
1317,89
1316,89
1542,89
1404,89
1552,89
1408,89
1313,89
234,89
240,89
1528,89
1199,89
1,89
786,89
537,89
1522,89
582,89
536,89
210,89
584,89
585,89
784,89
1131,89
572,89
569,89
869,89
568,89
1364,89
564,89
1036,89
1359,89
547,89
553,89
1257,89
1344,89
609,89
985,89
986,89
583,89
645,89
558,89
327,89
1420,89
1295,89
779,89
653,89
636,89
289,89
1468,89
634,89
1301,89
1161,89
1640,89
1556,89
1430,89
533,89
1292,89
1425,89
336,89
1547,89
539,89
1164,89
1524,89
1634,90
635,90
1358,90
560,90
967,90
1647,90
828,90
1533,90
1354,90
372,90
1449,90
558,90
964,90
1302,90
1588,90
522,90
1264,90
1474,90
966,90
1303,90
521,90
961,90
1484,90
680,90
1298,90
1037,90
561,90
948,90
1228,90
1396,90
1201,90
945,90
48,90
1306,90
685,90
395,90
453,90
1481,90
1307,90
438,90
1304,90
674,90
1234,90
403,90
1116,90
1279,90
1300,90
30,90
931,90
930,90
1232,90
1305,90
1417,90
1414,90
1329,90
1242,90
1030,90
952,90
1376,90
1221,90
1645,90
1482,90
1514,90
1441,90
1319,90
1230,90
609,90
1269,90
947,90
1615,90
323,90
998,90
1488,90
651,90
650,90
618,90
1285,90
1002,90
1288,90
1432,90
664,90
1518,90
1290,90
1320,90
1353,90
533,90
1283,90
1371,90
582,90
1280,90
1315,90
1383,90
1041,90
1039,90
525,90
1217,90
744,90
1036,90
1440,90
1314,90
1013,90
531,90
1023,90
1027,90
204,90
1222,90
1258,90
1364,90
1275,90
1024,90
1608,90
1567,90
959,90
583,90
1202,90
592,90
1052,90
977,90
1448,90
929,90
671,90
979,90
1640,90
523,90
640,90
975,90
1341,90
1295,90
1296,90
670,90
1643,90
973,90
994,90
242,90
1203,90
990,90
1419,90
1517,90
1272,90
240,90
1430,90
360,90
1292,90
1614,90
347,90
1631,90
584,90
586,90
827,90
350,90
109,90
357,90
1243,90
32,90
919,90
445,90
1122,90
1257,90
1000,90
937,90
807,90
783,90
539,90
723,90
1516,90
779,90
500,90
1404,90
1248,90
1323,90
230,90
486,90
1522,90
766,90
1189,90
188,90
1154,90
228,90
1443,90
534,90
1080,90
1224,90
1385,90
798,90
1244,90
1334,90
1332,90
1330,90
1220,90
1205,90
510,90
720,90
1136,90
1331,90
1456,90
1187,90
1199,90
1140,90
762,90
505,90
729,90
1629,90
727,90
1418,90
734,90
1256,90
739,90
1362,90
1346,90
1210,90
1316,90
1408,90
248,90
1559,90
1374,90
760,90
272,90
1255,90
1363,90
935,90
497,90
267,90
190,90
1318,90
1451,90
1391,90
634,90
1310,90
623,90
417,90
893,90
515,90
1236,90
890,90
1032,90
1263,90
864,90
886,90
1021,90
1020,90
877,90
621,90
876,90
1287,90
869,90
874,90
31,90
1289,90
636,90
1022,90
922,90
551,90
1544,90
1147,90
1415,90
689,90
201,90
1299,90
912,90
700,90
413,90
701,90
508,90
1471,90
706,90
1333,90
246,90
1468,90
821,90
502,90
820,90
815,90
715,90
1388,90
1338,90
811,90
1389,90
607,90
1594,90
291,90
871,90
857,90
1133,90
859,90
1134,90
547,90
855,90
1233,90
1342,90
1340,90
849,90
628,90
1540,90
1586,90
1167,90
908,90
1382,90
326,90
1088,90
369,90
648,90
986,90
1214,90
1528,90
265,90
308,90
329,90
298,90
238,90
649,90
1185,90
1507,90
550,90
1541,90
1564,90
1213,90
1227,90
1129,90
1542,90
1534,90
1566,90
1175,90
303,90
1106,90
1053,90
1149,90
1112,90
1212,90
1070,90
1276,90
1074,90
1047,90
1532,90
1547,90
1105,90
1551,90
259,90
564,90
1161,90
1560,90
292,90
476,90
1621,90
1169,90
572,90
1089,90
1357,90
758,90
1512,90
286,90
271,90
283,90
1090,90
247,90
1180,90
1597,90
1264,91
1645,91
855,91
1391,91
403,91
922,91
571,91
850,91
310,91
964,91
1443,91
670,91
1329,91
1444,91
1173,91
857,91
1419,91
252,91
1020,91
1403,91
862,91
856,91
553,91
767,91
551,91
1349,91
1509,91
685,91
542,91
721,91
525,91
1440,91
762,91
1070,91
886,91
583,91
531,91
959,91
1276,91
991,91
522,91
917,91
344,91
675,91
1223,91
303,91
438,91
988,91
292,91
605,91
1341,91
447,91
1388,91
1376,91
945,91
623,91
652,91
919,91
395,91
1633,91
1122,91
1451,91
962,91
1314,91
1325,91
680,91
990,91
1414,91
558,91
1449,91
1164,91
1202,91
1448,91
847,91
607,91
1151,91
952,91
1507,91
1289,91
848,91
1471,91
634,91
1199,91
1484,91
1228,91
1490,91
872,91
754,91
939,91
1359,91
1187,91
1450,91
626,91
561,91
1285,91
1357,91
1185,91
445,91
984,91
661,91
1129,91
781,91
882,91
893,91
651,91
1398,91
1332,91
1390,91
888,91
1232,91
1358,91
1576,91
1435,91
586,91
975,91
1467,91
1288,91
876,91
1496,91
653,91
271,91
1282,91
1594,91
881,91
961,91
1080,91
1489,91
1175,91
1106,91
1578,91
1338,91
1180,91
1274,91
1430,91
1297,91
628,91
645,91
1415,91
1009,91
968,91
967,91
966,91
907,91
1134,91
912,91
1364,91
1455,91
1543,91
536,91
1540,91
908,91
640,91
1383,91
1530,91
1013,91
1105,91
613,91
1380,91
1533,91
372,91
550,91
910,91
360,91
993,91
1517,91
1586,91
849,91
1072,91
616,91
350,91
1028,91
1255,91
357,91
547,91
884,91
1474,91
1379,91
1340,91
1330,91
1213,91
813,91
306,91
1345,91
727,91
662,91
1145,91
409,91
1279,91
1408,91
621,91
1316,91
1411,91
1534,91
1615,91
1371,91
637,91
1640,91
1299,91
871,91
240,91
367,91
1607,91
178,91
631,91
1296,91
326,91
1221,91
481,91
1210,91
739,91
1030,91
806,91
1230,91
674,91
810,91
750,91
584,91
911,91
1243,91
1608,91
977,91
776,91
1109,91
1566,91
951,91
722,91
740,91
923,91
582,91
1041,91
1468,91
500,91
1211,91
563,91
691,91
982,91
869,91
1209,91
729,91
1541,91
1203,91
1518,91
300,91
735,91
15,91
630,91
1025,91
1256,91
780,91
1417,91
1212,91
1119,91
765,91
1024,91
1309,91
1529,91
745,91
931,91
1295,91
758,91
1394,91
1149,91
490,91
1331,91
1047,91
737,91
1499,91
1537,91
572,91
519,91
643,91
1283,91
768,91
1287,91
486,91
1247,91
764,91
1402,91
1071,91
1333,91
494,91
614,91
1488,91
986,91
1334,91
979,91
327,91
1384,91
1269,91
483,91
743,91
568,91
1217,91
775,91
336,91
564,91
1363,91
1017,91
1118,91
533,91
1206,91
1580,91
1522,91
1262,91
809,91
1418,91
1317,91
1521,91
720,91
1227,91
657,91
1292,91
636,91
1002,91
1244,91
609,91
1238,91
469,91
1481,91
1273,91
539,91
1318,91
998,91
1233,91
1424,91
250,91
992,91
1614,91
1000,91
517,91
1422,91
700,91
1546,91
508,91
593,91
1524,91
1087,91
947,91
779,91
473,91
1082,91
874,91
1208,91
1015,91
1344,91
783,91
592,91
1257,91
1482,91
1567,91
291,91
1040,91
1059,91
846,91
611,91
784,91
329,91
723,91
600,91
1006,91
916,91
1102,91
1108,91
1195,91
1310,91
1647,91
1374,91
800,91
1168,91
1610,91
248,91
1593,91
1297,92
1474,92
1296,92
289,92
1396,92
582,92
1419,92
1539,92
1537,92
1496,92
1448,92
1385,92
1359,92
1357,92
1249,92
1175,92
1173,92
1111,92
1037,92
977,92
256,92
962,92
959,92
914,92
893,92
889,92
888,92
869,92
866,92
833,92
827,92
815,92
786,92
783,92
772,92
650,92
960,92
238,92
540,92
938,92
1230,92
534,92
240,92
409,92
1288,92
536,92
1233,92
923,92
537,92
547,92
1289,92
881,92
664,92
636,92
521,92
279,92
1229,92
1276,92
995,92
988,92
937,92
1154,92
1151,92
1234,92
634,92
1507,92
927,92
1217,92
1430,92
807,92
248,92
1116,92
292,92
508,92
469,92
802,92
1647,92
1533,92
801,92
797,92
1530,92
474,92
1209,92
792,92
722,92
771,92
1285,92
519,92
517,92
1531,92
1264,92
1468,92
701,92
1590,92
702,92
162,92
989,92
1441,92
1206,92
1199,92
810,92
1088,92
706,92
1524,92
1258,92
1023,92
1213,92
1243,92
500,92
1093,92
499,92
497,92
780,92
779,92
817,92
816,92
778,92
758,92
485,92
648,92
1102,92
1210,92
1101,92
764,92
1282,92
1456,92
1212,92
740,92
784,92
1415,92
1597,92
503,92
479,92
737,92
738,92
876,92
1450,92
1566,92
1113,92
1112,92
1532,92
481,92
1256,92
593,92
640,92
674,92
735,92
1451,92
554,92
1283,92
973,92
657,92
1471,92
438,92
560,92
611,92
768,92
770,92
968,92
970,92
1056,92
1106,92
1195,92
1236,92
1329,92
525,92
887,92
1467,92
910,92
1080,92
558,92
533,92
417,92
1275,92
1221,92
1227,92
1435,92
1477,92
1082,92
649,92
1552,92
859,92
259,92
1449,92
1518,92
673,92
1126,92
1505,92
680,92
969,92
1020,92
823,92
682,92
1238,92
1269,92
1314,92
862,92
1569,92
1335,92
303,92
1273,92
854,92
1380,92
631,92
665,92
291,92
572,92
249,92
553,92
1241,92
1231,92
985,92
1225,92
1346,92
1529,92
613,92
930,92
922,92
551,92
1608,92
984,92
1349,92
1379,92
1392,92
1147,92
1376,92
528,92
623,92
618,92
586,92
982,92
585,92
607,92
1198,92
1619,92
584,92
1372,92
347,92
987,92
882,92
1528,92
1633,92
1353,92
806,92
1099,92
975,92
271,92
1202,92
1180,92
1636,92
542,92
1388,92
252,92
320,92
1338,92
1332,92
1645,92
1337,92
571,92
1465,92
980,92
1485,92
592,92
1607,92
1345,92
1183,92
1371,92
1218,92
1593,92
1021,92
1013,92
996,92
952,92
1185,92
1534,92
1519,92
250,92
1514,92
1506,92
1475,92
1542,92
1466,92
1024,92
1002,92
863,92
1019,92
1015,92
1402,92
1053,92
1488,92
1194,92
1588,92
1580,92
1564,92
1556,92
857,92
998,92
856,92
564,92
563,92
561,92
1561,92
1028,92
569,92
850,92
966,92
1189,92
605,92
1052,92
1610,92
1187,92
600,92
598,92
609,92
855,92
846,92
841,92
821,92
755,92
750,92
743,92
734,92
643,92
637,92
633,92
630,92
629,92
964,92
1393,92
1404,92
1169,92
1653,92
1408,92
1409,92
329,92
951,92
1334,92
1319,92
1318,92
949,92
958,92
1074,92
372,92
1263,92
1330,92
1398,92
961,92
1228,92
1324,92
1323,92
228,92
367,92
520,92
326,92
344,92
1391,92
1204,93
507,93
453,93
344,93
427,93
313,93
1242,93
1444,93
1113,93
1422,93
1450,93
1415,93
1466,93
988,93
505,93
1506,93
670,93
1359,93
1529,93
952,93
387,93
1210,93
1126,93
1414,93
968,93
1323,93
1419,93
1231,93
993,93
520,93
1340,93
1209,93
827,93
1122,93
825,93
951,93
1129,93
560,93
738,93
682,93
960,93
1341,93
1451,93
813,93
1151,93
357,93
521,93
336,93
1013,93
611,93
1625,93
1265,93
250,93
1289,93
1467,93
1459,93
1533,93
866,93
279,93
847,93
1236,93
739,93
1528,93
1227,93
1301,93
372,93
1634,93
848,93
1645,93
500,93
1145,93
240,93
1400,93
1233,93
1566,93
1292,93
1164,93
1521,93
1221,93
1269,93
1465,93
1230,93
1229,93
1534,93
558,93
807,93
1195,93
1154,93
1166,93
671,93
605,93
1147,93
635,93
1317,93
1403,93
481,93
911,93
413,93
1215,93
445,93
737,93
347,93
817,93
1329,93
1496,93
292,93
989,93
1243,93
736,93
1056,93
687,93
859,93
1023,93
874,93
766,93
722,93
1541,93
879,93
1102,93
1417,93
1020,93
1002,93
395,93
1116,93
1246,93
1610,93
764,93
1254,93
1522,93
1471,93
823,93
1589,93
1564,93
326,93
598,93
841,93
846,93
1255,93
643,93
1647,93
1006,93
1194,93
1241,93
1477,93
524,93
1410,93
469,93
1384,93
724,93
1409,93
1316,93
1593,93
1404,93
1314,93
1455,93
706,93
1648,93
881,93
474,93
1325,93
1052,93
995,93
1093,93
1213,93
734,93
1505,93
1015,93
1083,93
1264,93
1608,93
634,93
536,93
519,93
1507,93
1376,93
515,93
1449,93
1437,93
1161,93
540,93
998,93
572,93
1090,93
1199,93
539,93
1408,93
210,93
772,93
1040,93
1333,93
1334,93
1310,93
1332,93
1362,93
1232,93
1337,93
964,93
1594,93
973,93
162,93
890,93
977,93
1544,93
889,93
531,93
1520,93
1175,93
649,93
776,93
238,93
271,93
1482,93
886,93
563,93
1202,93
674,93
966,93
1299,93
1016,93
778,93
755,93
320,93
252,93
751,93
869,93
1080,93
1133,93
1630,93
1321,93
937,93
876,93
975,93
1296,93
1615,93
534,93
1430,93
1295,93
1282,93
1280,93
959,93
1516,93
1136,93
584,93
547,93
561,93
651,93
1456,93
367,93
1474,93
1491,93
571,93
967,93
607,93
1047,93
907,93
754,93
616,93
1142,93
1394,93
1105,93
1288,93
1212,93
914,93
486,93
685,93
1393,93
945,93
948,93
1388,93
768,93
700,93
582,93
1180,93
1109,93
1364,93
360,93
1201,93
1556,93
1338,93
417,93
508,93
1377,93
1532,93
551,93
774,93
1037,93
1363,93
1275,93
1485,93
623,93
409,93
525,93
1131,93
1348,93
1396,93
1099,93
1511,93
783,93
613,93
863,93
855,93
1238,93
533,93
1349,93
662,93
1379,93
1653,93
1639,93
1072,93
1071,93
689,93
1276,93
1371,93
1636,93
680,93
979,93
871,93
438,93
1345,93
1607,93
820,93
664,93
1357,93
1344,93
1184,93
930,93
485,93
1424,93
745,93
1440,93
528,93
1091,93
1380,93
1519,93
1597,93
1524,94
564,94
162,94
1164,94
1363,94
584,94
248,94
1013,94
571,94
754,94
1209,94
1198,94
1108,94
572,94
1414,94
1516,94
583,94
1353,94
1435,94
1020,94
1211,94
735,94
1491,94
1122,94
1102,94
755,94
582,94
1597,94
1285,94
499,94
1195,94
745,94
1514,94
751,94
1345,94
1221,94
1269,94
494,94
1227,94
1490,94
548,94
783,94
937,94
798,94
765,94
1199,94
500,94
825,94
744,94
760,94
1258,94
1362,94
1511,94
1101,94
1113,94
1255,94
734,94
764,94
990,94
1364,94
1372,94
1264,94
522,94
650,94
634,94
666,94
531,94
649,94
1341,94
547,94
1342,94
1288,94
1129,94
1289,94
1280,94
1567,94
1334,94
533,94
240,94
938,94
1126,94
1229,94
621,94
623,94
528,94
534,94
645,94
1027,94
1106,94
1228,94
1415,94
1440,94
1455,94
1272,94
1517,94
1136,94
1639,94
1338,94
1348,94
242,94
1017,94
1466,94
1507,94
1265,94
628,94
1317,94
1147,94
1320,94
1319,94
1309,94
1508,94
1419,94
1409,94
1489,94
1418,94
1316,94
1543,94
1541,94
1202,94
1544,94
1545,94
1408,94
1424,94
1142,94
271,94
640,94
536,94
1394,94
1175,94
630,94
1296,94
1332,94
1398,94
1299,94
636,94
958,94
1173,94
1329,94
1643,94
525,94
1185,94
515,94
1590,94
1552,94
700,94
1324,94
979,94
1154,94
561,94
682,94
558,94
1534,94
1451,94
1359,94
1082,94
292,94
560,94
520,94
1189,94
715,94
1119,94
930,94
727,94
593,94
1116,94
1591,94
508,94
1551,94
598,94
605,94
600,94
1184,94
723,94
722,94
720,94
510,94
661,94
1223,94
1187,94
664,94
553,94
611,94
807,94
721,94
551,94
1275,94
1396,94
1377,94
614,94
1532,94
613,94
1533,94
503,94
1201,94
665,94
523,94
673,94
671,94
947,94
1059,94
607,94
1443,94
988,94
1024,94
1007,94
1000,94
846,94
657,94
539,94
1512,94
884,94
702,94
1231,94
360,94
409,94
1484,94
310,94
1318,94
863,94
995,94
327,94
484,94
1636,94
800,94
1595,94
1633,94
855,94
1242,94
1091,94
977,94
980,94
1233,94
336,94
403,94
1074,94
1580,94
1404,94
1323,94
1614,94
856,94
784,94
1088,94
1210,94
1070,94
1018,94
1596,94
483,94
344,94
473,94
854,94
1016,94
1002,94
1467,94
780,94
395,94
781,94
701,94
1093,94
998,94
876,94
779,94
1040,94
1629,94
1236,94
1482,94
1403,94
1047,94
985,94
1389,94
1215,94
1149,94
1256,94
871,94
1056,94
973,94
372,94
417,94
413,94
815,94
1025,94
507,94
1036,94
1647,94
1021,94
1400,94
1232,94
792,94
886,94
739,94
912,94
1645,94
812,94
970,94
1346,94
864,94
1217,94
1530,94
1465,94
1023,94
805,94
479,94
975,94
828,94
993,94
1083,94
774,94
1249,94
959,94
1080,94
1392,94
1230,94
1022,94
1653,94
1625,94
908,94
1296,95
550,95
1056,95
306,95
881,95
1533,95
1625,95
1185,95
629,95
654,95
438,95
1440,95
344,95
525,95
706,95
888,95
1025,95
1168,95
1636,95
1639,95
1109,95
998,95
1211,95
863,95
859,95
873,95
864,95
1266,95
1559,95
969,95
558,95
992,95
259,95
303,95
1265,95
821,95
1023,95
1264,95
1221,95
1017,95
1016,95
1083,95
680,95
1013,95
1274,95
786,95
776,95
682,95
1262,95
825,95
1232,95
1015,95
521,95
833,95
564,95
1203,95
582,95
635,95
1199,95
784,95
811,95
807,95
1561,95
1517,95
1002,95
508,95
937,95
1082,95
1088,95
1241,95
336,95
1019,95
816,95
702,95
584,95
326,95
1467,95
583,95
814,95
1024,95
1030,95
996,95
598,95
856,95
1424,95
600,95
850,95
1113,95
1294,95
1319,95
1415,95
1513,95
1511,95
291,95
783,95
670,95
1353,95
1000,95
1129,95
847,95
1441,95
664,95
855,95
1269,95
1512,95
1256,95
1374,95
1608,95
675,95
292,95
812,95
561,95
447,95
1449,95
1586,95
523,95
531,95
914,95
995,95
947,95
1047,95
1338,95
445,95
968,95
1488,95
1647,95
886,95
623,95
1341,95
1596,95
1566,95
1227,95
1408,95
1321,95
1398,95
951,95
1595,95
1184,95
919,95
496,95
720,95
1322,95
621,95
548,95
1154,95
1310,95
768,95
767,95
1347,95
1236,95
975,95
1474,95
1380,95
1346,95
316,95
1316,95
1410,95
1417,95
984,95
1450,95
1379,95
1076,95
551,95
1544,95
1414,95
1430,95
1231,95
1224,95
1166,95
1532,95
1508,95
1169,95
320,95
1541,95
979,95
1411,95
1481,95
980,95
1485,95
1340,95
1329,95
973,95
1482,95
1332,95
1333,95
628,95
1325,95
1334,95
960,95
961,95
1588,95
1391,95
630,95
952,95
1389,95
1217,95
1546,95
1335,95
1187,95
1149,95
1640,95
1201,95
626,95
1404,95
1071,95
1539,95
1173,95
1383,95
1403,95
387,95
1643,95
1384,95
372,95
1234,95
1385,95
271,95
1509,95
653,95
1280,95
1161,95
1229,95
1489,95
1633,95
1205,95
877,95
634,95
534,95
609,95
289,95
916,95
1124,95
1254,95
1288,95
536,95
605,95
1230,95
610,95
755,95
1520,95
1223,95
1507,95
1275,95
929,95
884,95
927,95
1059,95
887,95
893,95
889,95
1287,95
347,95
310,95
908,95
1074,95
1444,95
911,95
1564,95
1298,95
395,95
539,95
689,95
1213,95
1040,95
866,95
613,95
476,95
417,95
994,95
485,95
238,95
1164,95
1420,95
540,95
1591,95
1419,95
1562,95
1484,95
1225,95
1299,95
279,95
1352,95
1233,95
1301,95
1590,95
636,95
240,95
1555,95
1108,95
616,95
1516,95
754,95
817,95
1117,95
966,95
869,95
479,95
490,95
481,95
977,95
758,95
1518,95
1007,95
1283,95
1102,95
560,95
740,95
1457,95
1459,95
572,95
722,95
762,95
1313,95
1118,95
739,95
474,95
1147,95
948,95
1437,95
484,95
1247,95
507,95
798,95
1210,95
802,95
1521,95
1122,95
874,95
571,95
483,95
715,95
745,95
744,95
506,95
1106,95
327,95
805,95
737,95
252,95
1377,95
721,95
1093,95
499,95
780,95
1475,95
1477,95
1101,95
1258,95
1315,95
1330,95
772,95
503,95
500,95
766,95
1037,95
1578,95
1522,95
813,95
1119,95
637,95
738,95
809,95
771,95
765,95
1276,95
764,95
1244,95
1035,95
1471,95
1547,95
872,96
744,96
1243,96
1363,96
611,96
568,96
1298,96
1109,96
1108,96
1364,96
1353,96
1198,96
734,96
988,96
1199,96
350,96
1129,96
1279,96
528,96
551,96
931,96
640,96
993,96
654,96
1288,96
1551,96
1566,96
1621,96
1093,96
1499,96
1329,96
1301,96
919,96
876,96
1411,96
1379,96
922,96
1512,96
637,96
240,96
1264,96
873,96
869,96
306,96
1256,96
1145,96
537,96
1000,96
634,96
1296,96
1385,96
1532,96
1101,96
1154,96
476,96
1595,96
1474,96
1221,96
987,96
651,96
645,96
886,96
992,96
1224,96
1513,96
1330,96
1225,96
558,96
1247,96
1222,96
1248,96
1283,96
1633,96
1124,96
1561,96
1505,96
479,96
737,96
531,96
1518,96
1246,96
1185,96
721,96
1285,96
664,96
891,96
643,96
417,96
1514,96
534,96
1013,96
916,96
536,96
1545,96
1430,96
1636,96
1464,96
871,96
553,96
779,96
1625,96
413,96
982,96
1520,96
653,96
1610,96
1105,96
1455,96
736,96
967,96
1507,96
1537,96
912,96
847,96
403,96
1218,96
952,96
1164,96
1310,96
626,96
1482,96
994,96
1289,96
344,96
1175,96
327,96
1371,96
975,96
1349,96
1341,96
572,96
354,96
1258,96
372,96
951,96
542,96
959,96
249,96
760,96
485,96
228,96
1344,96
547,96
750,96
623,96
1404,96
1403,96
667,96
633,96
763,96
1459,96
1227,96
1409,96
1522,96
1089,96
969,96
540,96
1340,96
320,96
1490,96
1390,96
1569,96
1140,96
966,96
1206,96
1639,96
1180,96
1274,96
628,96
1608,96
1338,96
1389,96
800,96
1201,96
1337,96
1202,96
968,96
815,96
630,96
772,96
1082,96
360,96
210,96
259,96
607,96
1588,96
754,96
1223,96
271,96
369,96
1217,96
1294,96
1348,96
1380,96
1392,96
767,96
964,96
1457,96
1484,96
973,96
1232,96
571,96
780,96
1377,96
613,96
910,96
1255,96
887,96
550,96
481,96
395,96
689,96
1420,96
929,96
939,96
1234,96
1347,96
1147,96
1142,96
684,96
499,96
745,96
1541,96
766,96
1112,96
1556,96
329,96
751,96
1443,96
1422,96
1547,96
1317,96
234,96
1485,96
1534,96
1212,96
758,96
1410,96
1006,96
1032,96
250,96
1481,96
1074,96
496,96
1099,96
490,96
1210,96
1593,96
1456,96
1653,96
1643,96
1415,96
1544,96
1167,96
1230,96
1362,96
1168,96
614,96
775,96
1313,96
846,96
525,96
1102,96
500,96
1024,96
914,96
908,96
1257,96
1414,96
1521,96
1111,96
1555,96
998,96
806,96
629,96
1122,96
848,96
1524,96
816,96
995,96
715,96
600,96
1233,96
445,96
1488,96
1037,96
1391,96
1607,96
801,96
1214,96
1619,96
1332,96
854,96
1249,96
1314,96
1116,96
1016,96
1088,96
1208,96
507,96
1087,96
796,96
1346,96
1539,96
825,96
682,96
1477,96
882,96
1468,96
671,96
720,96
1614,96
1394,96
1002,96
1435,96
520,96
849,96
649,96
1265,96
326,96
1299,96
1021,96
508,96
1113,96
888,96
1053,96
833,96
1036,96
856,96
1475,96
770,96
1440,96
724,96
680,96
1449,96
561,96
560,96
1631,96
823,96
515,96
473,96
585,96
1441,96
1437,96
1506,96
739,96
807,96
474,96
503,96
979,96
1315,96
1119,96
1630,96
893,96
778,96
447,96
522,96
811,96
850,96
1324,96
821,96
1594,96
662,96
582,96
1647,96
857,96
1562,96
735,96
691,96
938,96
1262,96
813,96
1297,96
453,96
505,96
1242,96
1615,96
945,96
584,96
1035,96
722,96
503,97
1341,97
1133,97
1543,97
521,97
447,97
1409,97
1185,97
572,97
1411,97
1287,97
1289,97
962,97
1313,97
1578,97
1376,97
1435,97
1534,97
893,97
1449,97
540,97
1509,97
806,97
553,97
523,97
947,97
1208,97
613,97
1488,97
945,97
485,97
1545,97
1147,97
483,97
841,97
1204,97
1248,97
354,97
1420,97
778,97
497,97
755,97
1213,97
754,97
1301,97
1422,97
779,97
723,97
1309,97
1108,97
1511,97
1315,97
1246,97
1013,97
506,97
1415,97
508,97
403,97
812,97
453,97
996,97
1615,97
1056,97
1076,97
292,97
1071,97
350,97
1230,97
360,97
1319,97
1414,97
1532,97
1562,97
1255,97
616,97
614,97
611,97
1294,97
490,97
980,97
1396,97
1175,97
372,97
813,97
1199,97
1101,97
1528,97
1437,97
1232,97
771,97
369,97
1466,97
210,97
889,97
249,97
499,97
1233,97
1468,97
564,97
271,97
1329,97
486,97
661,97
445,97
1254,97
303,97
1342,97
517,97
1082,97
1551,97
1285,97
1222,97
329,97
685,97
1346,97
1206,97
1221,97
968,97
1264,97
1645,97
528,97
539,97
1459,97
1418,97
1116,97
645,97
584,97
1202,97
1455,97
1392,97
628,97
327,97
967,97
1227,97
1537,97
1180,97
515,97
1394,97
1241,97
929,97
973,97
961,97
1391,97
547,97
809,97
259,97
1263,97
964,97
1580,97
1653,97
651,97
1484,97
623,97
1218,97
1020,97
592,97
1357,97
770,97
720,97
1408,97
1456,97
949,97
1122,97
519,97
1215,97
1540,97
848,97
1017,97
582,97
979,97
721,97
823,97
1117,97
1169,97
1530,97
605,97
250,97
1529,97
948,97
1105,97
1359,97
1318,97
1333,97
569,97
687,97
737,97
1198,97
729,97
1324,97
1593,97
248,97
807,97
1402,97
1168,97
1217,97
1338,97
326,97
228,97
772,97
626,97
960,97
820,97
1398,97
762,97
1334,97
1299,97
763,97
607,97
1457,97
887,97
347,97
1639,97
387,97
1288,97
479,97
815,97
1209,97
1556,97
1432,97
1229,97
854,97
1210,97
531,97
724,97
1164,97
1166,97
1310,97
1419,97
1345,97
1348,97
1634,97
891,97
1274,97
1513,97
856,97
558,97
1138,97
1002,97
912,97
987,97
722,97
1273,97
927,97
1242,97
1089,97
986,97
1471,97
1474,97
1134,97
1633,97
1544,97
706,97
636,97
533,97
775,97
975,97
1243,97
417,97
1080,97
500,97
1541,97
1517,97
923,97
1272,97
640,97
869,97
1448,97
438,97
995,97
864,97
1518,97
653,97
525,97
1129,97
879,97
1212,97
291,97
1223,97
560,97
871,97
1292,97
1131,97
1279,97
1522,97
1374,97
1030,97
600,97
882,97
1006,97
857,97
1000,97
505,97
1566,97
801,97
1631,97
786,97
662,97
784,97
1552,97
1112,97
1059,97
727,97
242,97
524,97
1569,97
1521,97
765,97
1074,97
633,97
862,97
1093,97
1137,97
922,97
1145,97
1036,97
1019,97
1352,97
1372,97
395,97
344,97
551,97
510,97
1007,97
966,97
969,97
598,97
1512,97
846,97
1475,97
1149,97
634,97
1608,97
800,97
797,97
680,97
743,97
279,97
1362,97
1371,97
568,97
1231,97
648,97
935,97
610,97
1353,97
1296,97
863,97
1035,97
1440,97
916,97
1126,97
1443,97
1244,97
919,97
1464,97
1238,97
984,97
1533,97
336,97
1450,97
1118,97
1516,97
289,97
767,97
671,97
618,97
1185,98
1629,98
584,98
1614,98
1322,98
360,98
605,98
1511,98
1388,98
628,98
805,98
995,98
1024,98
1513,98
592,98
344,98
986,98
989,98
1353,98
993,98
1514,98
1221,98
1341,98
1202,98
476,98
1059,98
571,98
1389,98
1199,98
613,98
1214,98
1615,98
1013,98
973,98
1468,98
1198,98
1610,98
1204,98
979,98
611,98
1588,98
548,98
1002,98
336,98
563,98
1640,98
1220,98
623,98
783,98
1562,98
1382,98
1529,98
1052,98
1506,98
250,98
1444,98
1534,98
1593,98
568,98
1597,98
1035,98
1332,98
593,98
1608,98
1457,98
609,98
582,98
1113,98
326,98
1022,98
968,98
1528,98
1037,98
1015,98
252,98
975,98
823,98
1334,98
729,98
572,98
320,98
1385,98
550,98
706,98
1180,98
1363,98
998,98
1357,98
558,98
1218,98
662,98
985,98
1555,98
438,98
1315,98
770,98
1505,98
1025,98
354,98
372,98
987,98
841,98
537,98
347,98
1023,98
1359,98
395,98
1643,98
1349,98
1440,98
1396,98
1384,98
1567,98
1619,98
1211,98
1283,98
413,98
310,98
1213,98
1246,98
1247,98
1257,98
1258,98
1552,98
1430,98
893,98
1275,98
1276,98
1377,98
1379,98
1474,98
919,98
1080,98
1559,98
1209,98
417,98
1206,98
889,98
1630,98
862,98
1435,98
917,98
864,98
653,98
648,98
886,98
947,98
988,98
1016,98
242,98
1507,98
1070,98
1175,98
1189,98
1290,98
715,98
1566,98
1255,98
1621,98
930,98
1578,98
722,98
1234,98
1475,98
403,98
935,98
1154,98
1338,98
1607,98
634,98
508,98
802,98
536,98
1210,98
633,98
745,98
539,98
238,98
796,98
1208,98
474,98
1310,98
855,98
723,98
1118,98
1586,98
1288,98
1450,98
1589,98
807,98
721,98
1242,98
1590,98
637,98
240,98
1591,98
923,98
1089,98
1329,98
1633,98
1595,98
1596,98
1419,98
854,98
1520,98
291,98
1518,98
1442,98
1403,98
1402,98
850,98
887,98
667,98
666,98
1274,98
1264,98
684,98
524,98
531,98
1561,98
1236,98
685,98
525,98
847,98
1262,98
1266,98
521,98
873,98
674,98
540,98
520,98
1448,98
673,98
1532,98
1083,98
519,98
1269,98
445,98
1294,98
1316,98
1449,98
825,98
1028,98
869,98
734,98
621,98
586,98
1496,98
654,98
292,98
881,98
1205,98
505,98
1313,98
884,98
486,98
1280,98
651,98
1241,98
1263,98
1346,98
1233,98
727,98
1136,98
820,98
814,98
945,98
863,98
1215,98
689,98
817,98
1491,98
488,98
871,98
874,98
1279,98
876,98
1168,98
517,98
522,98
569,98
1006,98
1594,98
1230,98
762,98
228,98
1167,98
1243,98
961,98
1324,98
1229,98
1325,98
750,98
1319,98
483,98
670,98
1126,98
1318,98
1317,98
1414,98
1109,98
1459,98
500,98
1645,98
951,98
992,98
740,98
1164,98
1320,98
937,98
497,98
1106,98
631,98
1400,98
1569,98
778,98
1147,98
760,98
1648,98
1499,98
1099,98
1217,98
600,98
1340,98
1345,98
499,98
1347,98
1408,98
1467,98
1410,98
1404,98
784,98
1540,98
1238,98
1091,98
1418,98
964,98
1183,98
1508,98
1509,98
481,98
1542,98
1391,98
234,98
958,98
607,98
771,98
821,98
1090,98
1124,98
1390,98
1482,98
1415,98
735,98
1524,98
779,98
764,98
959,98
367,98
1314,98
1466,98
533,98
1541,98
948,98
1455,98
767,98
1248,99
767,99
1265,99
876,99
1275,99
685,99
821,99
962,99
519,99
1330,99
760,99
1233,99
1101,99
1457,99
1022,99
563,99
1255,99
1543,99
820,99
1489,99
1254,99
1262,99
1435,99
1325,99
1403,99
992,99
1566,99
1593,99
1295,99
1608,99
1099,99
887,99
1091,99
1490,99
592,99
1266,99
520,99
772,99
766,99
960,99
1017,99
700,99
762,99
1137,99
1016,99
1215,99
648,99
1411,99
680,99
959,99
765,99
1321,99
249,99
1464,99
1221,99
1459,99
823,99
474,99
1210,99
1287,99
1545,99
510,99
1213,99
721,99
737,99
1173,99
989,99
947,99
1556,99
1455,99
736,99
1363,99
1648,99
583,99
813,99
1118,99
1119,99
1564,99
715,99
503,99
1521,99
739,99
1087,99
740,99
1362,99
945,99
1040,99
796,99
1227,99
292,99
798,99
508,99
722,99
1212,99
1199,99
665,99
1214,99
1518,99
500,99
1088,99
723,99
806,99
1258,99
734,99
814,99
582,99
1283,99
1516,99
517,99
1372,99
755,99
1491,99
815,99
1080,99
1264,99
1102,99
1586,99
640,99
564,99
1576,99
691,99
996,99
484,99
1052,99
1024,99
1468,99
336,99
1108,99
1147,99
1109,99
584,99
1567,99
483,99
1247,99
1400,99
571,99
810,99
1162,99
1032,99
1105,99
702,99
1524,99
1023,99
966,99
1013,99
893,99
1140,99
1230,99
1056,99
1142,99
250,99
1151,99
1209,99
357,99
662,99
1257,99
1273,99
551,99
1211,99
1450,99
1594,99
1488,99
1341,99
1532,99
636,99
657,99
1440,99
1276,99
1409,99
623,99
949,99
1315,99
1541,99
1256,99
1349,99
547,99
1643,99
776,99
912,99
958,99
985,99
1037,99
1082,99
403,99
1546,99
1185,99
922,99
1279,99
1299,99
1331,99
1417,99
1534,99
1324,99
930,99
613,99
350,99
614,99
1164,99
1310,99
1420,99
1539,99
395,99
633,99
1596,99
634,99
977,99
1591,99
1202,99
1537,99
1329,99
1647,99
1398,99
537,99
1385,99
1384,99
372,99
975,99
1396,99
271,99
951,99
1645,99
968,99
1332,99
1389,99
320,99
969,99
1388,99
1394,99
1482,99
1333,99
1175,99
961,99
1334,99
1317,99
1414,99
1322,99
548,99
344,99
1408,99
1320,99
1653,99
488,99
1484,99
558,99
1597,99
1183,99
1402,99
1451,99
1071,99
1404,99
626,99
1382,99
1640,99
1607,99
1610,99
162,99
993,99
521,99
661,99
779,99
525,99
689,99
1231,99
605,99
990,99
1129,99
438,99
1529,99
1131,99
242,99
891,99
1122,99
1410,99
869,99
539,99
1621,99
1002,99
447,99
684,99
600,99
931,99
673,99
841,99
1006,99
664,99
1269,99
848,99
524,99
306,99
616,99
807,99
303,99
1189,99
259,99
873,99
1522,99
1552,99
536,99
1519,99
409,99
1292,99
914,99
534,99
643,99
671,99
1290,99
1634,99
1555,99
645,99
1035,99
1015,99
1528,99
369,99
417,99
289,99
1314,99
706,99
1083,99
610,99
1559,99
1076,99
982,99
1288,99
1136,99
531,99
1353,99
886,99
884,99
1236,99
653,99
988,99
1629,99
1282,99
1633,99
1430,99
1507,99
1513,99
453,99
607,99
1059,99
1631,99
1630,99
864,99
1053,99
